repo_python,user,contributions,repo_other,language
public-apis/public-apis,matheusfelipeog,826,matheusfelipeog/FuiVazado,PHP
public-apis/public-apis,matheusfelipeog,826,matheusfelipeog/happy,TypeScript
public-apis/public-apis,matheusfelipeog,826,matheusfelipeog/matheusfelipeog.github.io,HTML
public-apis/public-apis,matheusfelipeog,826,matheusfelipeog/my-workspace,Shell
public-apis/public-apis,matheusfelipeog,826,matheusfelipeog/proffy,TypeScript
public-apis/public-apis,matheusfelipeog,826,matheusfelipeog/semaforo-inteligente,C++
public-apis/public-apis,matheusfelipeog,826,matheusfelipeog/tcc-etec,CSS
public-apis/public-apis,davemachado,683,davemachado/Android-BirthdayCard,Java
public-apis/public-apis,davemachado,683,davemachado/Basketball-Scorekeeper,Java
public-apis/public-apis,davemachado,683,davemachado/bottlenose,Ruby
public-apis/public-apis,davemachado,683,davemachado/docker-registry-frontend,JavaScript
public-apis/public-apis,davemachado,683,davemachado/dotfiles,Vim Script
public-apis/public-apis,davemachado,683,davemachado/Dynamic-Workout,C
public-apis/public-apis,davemachado,683,davemachado/enigma,Go
public-apis/public-apis,davemachado,683,davemachado/Example-Node,JavaScript
public-apis/public-apis,davemachado,683,davemachado/Game-Of-Life,C++
public-apis/public-apis,davemachado,683,davemachado/HandBrake,C
public-apis/public-apis,davemachado,683,davemachado/javascript-projects,JavaScript
public-apis/public-apis,davemachado,683,davemachado/material-design-icons,HTML
public-apis/public-apis,davemachado,683,davemachado/OpenTriviaQA,Ruby
public-apis/public-apis,davemachado,683,davemachado/Password-Generator-Android,Java
public-apis/public-apis,davemachado,683,davemachado/Pitch-Perfect,Swift
public-apis/public-apis,davemachado,683,davemachado/Pong,C++
public-apis/public-apis,davemachado,683,davemachado/ppds,Go
public-apis/public-apis,davemachado,683,davemachado/public-api,Go
public-apis/public-apis,davemachado,683,davemachado/ripgrep,Rust
public-apis/public-apis,davemachado,683,davemachado/starwars-names,JavaScript
public-apis/public-apis,davemachado,683,davemachado/telegraf,Go
public-apis/public-apis,davemachado,683,davemachado/topgrade,Rust
public-apis/public-apis,pawelborkar,150,pawelborkar/.dotfiles,Lua
public-apis/public-apis,pawelborkar,150,pawelborkar/1hr-9projects,CSS
public-apis/public-apis,pawelborkar,150,pawelborkar/airkart,TypeScript
public-apis/public-apis,pawelborkar,150,pawelborkar/bootcamper,JavaScript
public-apis/public-apis,pawelborkar,150,pawelborkar/chatflow,TypeScript
public-apis/public-apis,pawelborkar,150,pawelborkar/comvid,HTML
public-apis/public-apis,pawelborkar,150,pawelborkar/cryptohub,JavaScript
public-apis/public-apis,pawelborkar,150,pawelborkar/Doodle,JavaScript
public-apis/public-apis,pawelborkar,150,pawelborkar/fire-cal,Svelte
public-apis/public-apis,pawelborkar,150,pawelborkar/flutter-todo,C++
public-apis/public-apis,pawelborkar,150,pawelborkar/hi,Go
public-apis/public-apis,pawelborkar,150,pawelborkar/js-prep,JavaScript
public-apis/public-apis,pawelborkar,150,pawelborkar/links.pawel.in,HTML
public-apis/public-apis,pawelborkar,150,pawelborkar/livecode,TypeScript
public-apis/public-apis,pawelborkar,150,pawelborkar/mockit,TypeScript
public-apis/public-apis,pawelborkar,150,pawelborkar/netflix-clone,HTML
public-apis/public-apis,pawelborkar,150,pawelborkar/notifier,JavaScript
public-apis/public-apis,pawelborkar,150,pawelborkar/pawel.in,TypeScript
public-apis/public-apis,pawelborkar,150,pawelborkar/pawelborkar.github.io,HTML
public-apis/public-apis,pawelborkar,150,pawelborkar/picster,JavaScript
public-apis/public-apis,jbrooksuk,135,jbrooksuk/ActionServerlessPHP,PHP
public-apis/public-apis,jbrooksuk,135,jbrooksuk/Affair,JavaScript
public-apis/public-apis,jbrooksuk,135,jbrooksuk/artisan.page,Vue
public-apis/public-apis,jbrooksuk,135,jbrooksuk/atom-oblivion,CSS
public-apis/public-apis,jbrooksuk,135,jbrooksuk/AutoIt-Aero,AutoIt
public-apis/public-apis,jbrooksuk,135,jbrooksuk/awesome-uses,JavaScript
public-apis/public-apis,jbrooksuk,135,jbrooksuk/chirper,PHP
public-apis/public-apis,jbrooksuk,135,jbrooksuk/commit-test,PHP
public-apis/public-apis,jbrooksuk,135,jbrooksuk/DCPU16,PHP
public-apis/public-apis,jbrooksuk,135,jbrooksuk/Desktoppr,Objective-C
public-apis/public-apis,jbrooksuk,135,jbrooksuk/discord-notification-channel,PHP
public-apis/public-apis,jbrooksuk,135,jbrooksuk/express-sitemap,JavaScript
public-apis/public-apis,jbrooksuk,135,jbrooksuk/FlatDeveloperConsole,CSS
public-apis/public-apis,jbrooksuk,135,jbrooksuk/forge-monitor,PHP
public-apis/public-apis,jbrooksuk,135,jbrooksuk/github-subtree-push-action,Shell
public-apis/public-apis,jbrooksuk,135,jbrooksuk/jQuery-Contra,JavaScript
public-apis/public-apis,jbrooksuk,135,jbrooksuk/jQuery-Seven-Segments,JavaScript
public-apis/public-apis,jbrooksuk,135,jbrooksuk/jQuery-Timer-Plugin,HTML
public-apis/public-apis,marekdano,133,marekdano/albums,JavaScript
public-apis/public-apis,marekdano,133,marekdano/angular-frontend,TypeScript
public-apis/public-apis,marekdano,133,marekdano/angular-movie-app,TypeScript
public-apis/public-apis,marekdano,133,marekdano/blog,JavaScript
public-apis/public-apis,marekdano,133,marekdano/blog-scraper,JavaScript
public-apis/public-apis,marekdano,133,marekdano/cards-and-identicons,Elixir
public-apis/public-apis,marekdano,133,marekdano/carosabikes,Ruby
public-apis/public-apis,marekdano,133,marekdano/cartrawler-webapp,JavaScript
public-apis/public-apis,marekdano,133,marekdano/chat-app,JavaScript
public-apis/public-apis,marekdano,133,marekdano/city-weather,HTML
public-apis/public-apis,marekdano,133,marekdano/code-player,CSS
public-apis/public-apis,marekdano,133,marekdano/codility,JavaScript
public-apis/public-apis,marekdano,133,marekdano/companies_contacts,Ruby
public-apis/public-apis,marekdano,133,marekdano/design-patterns,JavaScript
public-apis/public-apis,marekdano,133,marekdano/discuss,Elixir
public-apis/public-apis,marekdano,133,marekdano/dotpather,TypeScript
public-apis/public-apis,marekdano,133,marekdano/eslint-prettier-husky-lint-staged-app,TypeScript
public-apis/public-apis,marekdano,133,marekdano/express-mongodb-blog,JavaScript
public-apis/public-apis,marekdano,133,marekdano/full-basket,Ruby
public-apis/public-apis,mikestreety,129,mikestreety/api-screenshot,JavaScript
public-apis/public-apis,mikestreety,129,mikestreety/compiiile-in-docker,Dockerfile
public-apis/public-apis,mikestreety,129,mikestreety/data-collector,TypeScript
public-apis/public-apis,mikestreety,129,mikestreety/gitlab-sast-parser,HTML
public-apis/public-apis,mikestreety,129,mikestreety/gulp,JavaScript
public-apis/public-apis,mikestreety,129,mikestreety/mikestreety,Nunjucks
public-apis/public-apis,mikestreety,129,mikestreety/owen-twenty-three,Nunjucks
public-apis/public-apis,mikestreety,129,mikestreety/recaptcha,PHP
public-apis/public-apis,mikestreety,129,mikestreety/tweets,JavaScript
public-apis/public-apis,mikestreety,129,mikestreety/vue-shopify-products,JavaScript
public-apis/public-apis,toddmotto,99,toddmotto/ac-boilerplate,TypeScript
public-apis/public-apis,toddmotto,99,toddmotto/ac-store,TypeScript
public-apis/public-apis,toddmotto,99,toddmotto/AdBlockCheck,JavaScript
public-apis/public-apis,toddmotto,99,toddmotto/angular,TypeScript
public-apis/public-apis,toddmotto,99,toddmotto/angular-1-5-components-app,JavaScript
public-apis/public-apis,toddmotto,99,toddmotto/angular-component,JavaScript
public-apis/public-apis,toddmotto,99,toddmotto/angular-connect-2016,HTML
public-apis/public-apis,toddmotto,99,toddmotto/angular-dynamic-forms,TypeScript
public-apis/public-apis,toddmotto,99,toddmotto/Angular-Motto,JavaScript
public-apis/public-apis,toddmotto,99,toddmotto/angular-pizza-creator,TypeScript
public-apis/public-apis,toddmotto,99,toddmotto/angular.js,JavaScript
public-apis/public-apis,toddmotto,99,toddmotto/angularfire2,TypeScript
public-apis/public-apis,toddmotto,99,toddmotto/aot-loader,JavaScript
public-apis/public-apis,toddmotto,99,toddmotto/apollo,JavaScript
public-apis/public-apis,toddmotto,99,toddmotto/axis,JavaScript
public-apis/public-apis,toddmotto,99,toddmotto/blog,CSS
public-apis/public-apis,toddmotto,99,toddmotto/bounceThis,JavaScript
public-apis/public-apis,toddmotto,99,toddmotto/cdnjs,JavaScript
public-apis/public-apis,toddmotto,99,toddmotto/console.loge,JavaScript
public-apis/public-apis,toddmotto,99,toddmotto/echo,JavaScript
public-apis/public-apis,toddmotto,99,toddmotto/fireshell,JavaScript
public-apis/public-apis,toddmotto,99,toddmotto/flare,JavaScript
public-apis/public-apis,toddmotto,99,toddmotto/flaunt-js,CSS
public-apis/public-apis,yannbertrand,86,yannbertrand/anatine,JavaScript
public-apis/public-apis,yannbertrand,86,yannbertrand/apple-watch-workouts-year-review,JavaScript
public-apis/public-apis,yannbertrand,86,yannbertrand/bento-starter,JavaScript
public-apis/public-apis,yannbertrand,86,yannbertrand/browserslist-limit-versions,JavaScript
public-apis/public-apis,yannbertrand,86,yannbertrand/caniuse-agenda,JavaScript
public-apis/public-apis,yannbertrand,86,yannbertrand/CityManager3000,Java
public-apis/public-apis,yannbertrand,86,yannbertrand/comparatif-ecrans,Vue
public-apis/public-apis,yannbertrand,86,yannbertrand/compo,JavaScript
public-apis/public-apis,yannbertrand,86,yannbertrand/conference-hall,JavaScript
public-apis/public-apis,yannbertrand,86,yannbertrand/convert-joi-to-json-schema,JavaScript
public-apis/public-apis,yannbertrand,86,yannbertrand/covid-respirator,C++
public-apis/public-apis,yannbertrand,86,yannbertrand/covid19-attestation-deplacement,Vue
public-apis/public-apis,yannbertrand,86,yannbertrand/covidliste,Ruby
public-apis/public-apis,yannbertrand,86,yannbertrand/CovoiturageENIB,JavaScript
public-apis/public-apis,yannbertrand,86,yannbertrand/create-snowpack-app,JavaScript
public-apis/public-apis,yannbertrand,86,yannbertrand/cs-go-custom-radar,C++
public-apis/public-apis,yannbertrand,86,yannbertrand/docs-next,Vue
public-apis/public-apis,yannbertrand,86,yannbertrand/electron,C++
public-apis/public-apis,yannbertrand,86,yannbertrand/electron-messenger,HTML
public-apis/public-apis,wesbos,44,wesbos/-ui-card,TypeScript
public-apis/public-apis,wesbos,44,wesbos/1.st,HTML
public-apis/public-apis,wesbos,44,wesbos/acf-tax,PHP
public-apis/public-apis,wesbos,44,wesbos/Advanced-React,JavaScript
public-apis/public-apis,wesbos,44,wesbos/advanced-react-rerecord,JavaScript
public-apis/public-apis,wesbos,44,wesbos/AeroSpace,Swift
public-apis/public-apis,wesbos,44,wesbos/ai-and-coding-talk,JavaScript
public-apis/public-apis,wesbos,44,wesbos/ai-webcam,TypeScript
public-apis/public-apis,wesbos,44,wesbos/alfred-cdn-workflow,PHP
public-apis/public-apis,wesbos,44,wesbos/alfred-workflows,PHP
public-apis/public-apis,wesbos,44,wesbos/american-sounding-names,JavaScript
public-apis/public-apis,wesbos,44,wesbos/AngularJS-Custom-Headers,PHP
public-apis/public-apis,wesbos,44,wesbos/animate.css,CSS
public-apis/public-apis,wesbos,44,wesbos/Animate.css-Tutorial,HTML
public-apis/public-apis,wesbos,44,wesbos/apollo-client-devtools,JavaScript
public-apis/public-apis,wesbos,44,wesbos/app,JavaScript
public-apis/public-apis,wesbos,44,wesbos/aprilFools.css,CSS
public-apis/public-apis,wesbos,44,wesbos/art-app-start,JavaScript
public-apis/public-apis,wesbos,44,wesbos/asciidoctor.github.com,XSLT
public-apis/public-apis,wesbos,44,wesbos/asciidoctor.js,JavaScript
public-apis/public-apis,wesbos,44,wesbos/Async-Await-Talk,CSS
public-apis/public-apis,wesbos,44,wesbos/atproto,TypeScript
public-apis/public-apis,wesbos,44,wesbos/audio-recorder,JavaScript
public-apis/public-apis,wesbos,44,wesbos/aweplug,Ruby
public-apis/public-apis,olekstomek,41,olekstomek/automatic-period-after-double-space-web-browser-extension,JavaScript
public-apis/public-apis,olekstomek,41,olekstomek/companies,CSS
public-apis/public-apis,olekstomek,41,olekstomek/configuration_files_for_Hugo_generator-olekstomek.github.io,HTML
public-apis/public-apis,olekstomek,41,olekstomek/flashing-random-colors-on-screen,JavaScript
public-apis/public-apis,olekstomek,41,olekstomek/form-in-spring,HTML
public-apis/public-apis,olekstomek,41,olekstomek/gscript-track-video-analytics-from-the-given-playlist-on-YouTube,JavaScript
public-apis/public-apis,olekstomek,41,olekstomek/java8-stream-free-exercises,Java
public-apis/public-apis,olekstomek,41,olekstomek/lottery-simulation,Java
public-apis/public-apis,olekstomek,41,olekstomek/mcod-frontend-dane.gov.pl,TypeScript
public-apis/public-apis,olekstomek,41,olekstomek/olekstomek.github.io,HTML
public-apis/public-apis,olekstomek,41,olekstomek/PERT,Kotlin
public-apis/public-apis,olekstomek,41,olekstomek/robot-speedtestpl,Java
public-apis/public-apis,olekstomek,41,olekstomek/simple-sql-query,PHP
public-apis/public-apis,olekstomek,41,olekstomek/Solar-panel-prank-Android,Kotlin
public-apis/public-apis,olekstomek,41,olekstomek/speedtest,Java
public-apis/public-apis,olekstomek,41,olekstomek/spring-mvc-blog,Java
public-apis/public-apis,olekstomek,41,olekstomek/tic-tac-toe-javascript,JavaScript
public-apis/public-apis,olekstomek,41,olekstomek/WiFi-Calling-Orange-Poland-mirror,C
public-apis/public-apis,olekstomek,41,olekstomek/wifi-card,JavaScript
donnemartin/system-design-primer,donnemartin,175,donnemartin/air-pollution,R
donnemartin/system-design-primer,donnemartin,175,donnemartin/android-tdd-playground,Java
donnemartin/system-design-primer,donnemartin,175,donnemartin/donnemartin.github.io,HTML
donnemartin/system-design-primer,donnemartin,175,donnemartin/elevator-simulator,C++
donnemartin/system-design-primer,donnemartin,175,donnemartin/gitflow,Shell
donnemartin/system-design-primer,donnemartin,175,donnemartin/google-maps-tracker,Java
donnemartin/system-design-primer,donnemartin,175,donnemartin/hospital-quality,R
donnemartin/system-design-primer,donnemartin,175,donnemartin/notes,Java
donnemartin/system-design-primer,donnemartin,175,donnemartin/photo-gallery,Java
donnemartin/system-design-primer,donnemartin,175,donnemartin/poker,C++
donnemartin/system-design-primer,donnemartin,175,donnemartin/r-snippets,R
donnemartin/system-design-primer,donnemartin,175,donnemartin/sandbox,Hack
donnemartin/system-design-primer,donnemartin,175,donnemartin/stocks,C++
donnemartin/system-design-primer,satob,10,satob/aws-test-environment,HCL
donnemartin/system-design-primer,satob,10,satob/Base64QRCodeGenerator,Batchfile
donnemartin/system-design-primer,satob,10,satob/checkstyle,Java
donnemartin/system-design-primer,satob,10,satob/clover,Java
donnemartin/system-design-primer,satob,10,satob/CloverTest,Java
donnemartin/system-design-primer,satob,10,satob/JavaSyntaxTestcase,Java
donnemartin/system-design-primer,satob,10,satob/JGitTraceWithByteman,PowerShell
donnemartin/system-design-primer,satob,10,satob/JISX0213String,Java
donnemartin/system-design-primer,satob,10,satob/jtest-suppress-delombok,Java
donnemartin/system-design-primer,satob,10,satob/learning-terraform,HCL
donnemartin/system-design-primer,satob,10,satob/practice-it-sql-joins-3085459,HTML
donnemartin/system-design-primer,satob,10,satob/progit2,CSS
donnemartin/system-design-primer,satob,10,satob/progit2-ja,CSS
donnemartin/system-design-primer,satob,10,satob/RateLimitter,Java
donnemartin/system-design-primer,satob,10,satob/SaveScreenshotToOneDrive,PowerShell
donnemartin/system-design-primer,satob,10,satob/SessionSize,Java
donnemartin/system-design-primer,satob,10,satob/Shutdown,PowerShell
donnemartin/system-design-primer,satob,10,satob/textlint-rule-english-paper,JavaScript
donnemartin/system-design-primer,fluency03,6,fluency03/1.6.0,HTML
donnemartin/system-design-primer,fluency03,6,fluency03/akka,Scala
donnemartin/system-design-primer,fluency03,6,fluency03/akka-grpc-quickstart-scala,XSLT
donnemartin/system-design-primer,fluency03,6,fluency03/Andrew-Ng,Matlab
donnemartin/system-design-primer,fluency03,6,fluency03/apache-flink,Java
donnemartin/system-design-primer,fluency03,6,fluency03/apache-kafka,Java
donnemartin/system-design-primer,fluency03,6,fluency03/beam,Java
donnemartin/system-design-primer,fluency03,6,fluency03/bitcoin,C++
donnemartin/system-design-primer,fluency03,6,fluency03/bitcoin-lib,Scala
donnemartin/system-design-primer,fluency03,6,fluency03/blockchain-in-scala,Scala
donnemartin/system-design-primer,fluency03,6,fluency03/bookkeeper,Java
donnemartin/system-design-primer,fluency03,6,fluency03/cn.vuejs.org,JavaScript
donnemartin/system-design-primer,fluency03,6,fluency03/code-snippets,JavaScript
donnemartin/system-design-primer,fluency03,6,fluency03/corda,Kotlin
donnemartin/system-design-primer,fluency03,6,fluency03/cordapp-template,Java
donnemartin/system-design-primer,fluency03,6,fluency03/cordapp-tutorial,Java
donnemartin/system-design-primer,fluency03,6,fluency03/deno,TypeScript
donnemartin/system-design-primer,fluency03,6,fluency03/distributedlog,Java
donnemartin/system-design-primer,fluency03,6,fluency03/docker-cloud-api,JavaScript
donnemartin/system-design-primer,fluency03,6,fluency03/docs,HTML
donnemartin/system-design-primer,fluency03,6,fluency03/electron-vue,JavaScript
donnemartin/system-design-primer,fluency03,6,fluency03/element-starter,JavaScript
donnemartin/system-design-primer,fluency03,6,fluency03/flink,Java
donnemartin/system-design-primer,linhe0x0,4,linhe0x0/auto-assign-action,TypeScript
donnemartin/system-design-primer,linhe0x0,4,linhe0x0/awesome-npm-packages,JavaScript
donnemartin/system-design-primer,linhe0x0,4,linhe0x0/axios-use-bearer-token,JavaScript
donnemartin/system-design-primer,linhe0x0,4,linhe0x0/axios-use-crypto,JavaScript
donnemartin/system-design-primer,linhe0x0,4,linhe0x0/axios-use-crypto-exchange,JavaScript
donnemartin/system-design-primer,linhe0x0,4,linhe0x0/axios-use-sign,JavaScript
donnemartin/system-design-primer,linhe0x0,4,linhe0x0/bash-utils,Shell
donnemartin/system-design-primer,linhe0x0,4,linhe0x0/beijing-time,JavaScript
donnemartin/system-design-primer,linhe0x0,4,linhe0x0/blog,JavaScript
donnemartin/system-design-primer,linhe0x0,4,linhe0x0/codewars,JavaScript
donnemartin/system-design-primer,linhe0x0,4,linhe0x0/comeon,JavaScript
donnemartin/system-design-primer,linhe0x0,4,linhe0x0/crypto-example,JavaScript
donnemartin/system-design-primer,linhe0x0,4,linhe0x0/debug-output,JavaScript
donnemartin/system-design-primer,linhe0x0,4,linhe0x0/debugfmt,Go
donnemartin/system-design-primer,linhe0x0,4,linhe0x0/drone-wechat-work,Go
donnemartin/system-design-primer,linhe0x0,4,linhe0x0/env-info-webpack-plugin,JavaScript
donnemartin/system-design-primer,kevingo,2,kevingo/accessTaiwan,Java
donnemartin/system-design-primer,kevingo,2,kevingo/amazon-sagemaker-examples,Jupyter Notebook
donnemartin/system-design-primer,kevingo,2,kevingo/awesome-conferences,CSS
donnemartin/system-design-primer,kevingo,2,kevingo/aws-sdk-js,JavaScript
donnemartin/system-design-primer,kevingo,2,kevingo/blog,Jupyter Notebook
donnemartin/system-design-primer,kevingo,2,kevingo/bluebird,JavaScript
donnemartin/system-design-primer,kevingo,2,kevingo/chi,Go
donnemartin/system-design-primer,kevingo,2,kevingo/cs-230-pytorch,Jupyter Notebook
donnemartin/system-design-primer,kevingo,2,kevingo/currency-converter,Go
donnemartin/system-design-primer,kevingo,2,kevingo/deadbolt,Java
donnemartin/system-design-primer,ralphite,2,ralphite/agentlab,Vue
donnemartin/system-design-primer,ralphite,2,ralphite/fastclick,HTML
donnemartin/system-design-primer,ralphite,2,ralphite/sfvwatch,Ruby
donnemartin/system-design-primer,yangshun,2,yangshun/3216-final-project,CSS
donnemartin/system-design-primer,yangshun,2,yangshun/autocompaste-html,JavaScript
donnemartin/system-design-primer,yangshun,2,yangshun/awesome-spinners,JavaScript
donnemartin/system-design-primer,yangshun,2,yangshun/bootstrap-theme-playground,HTML
donnemartin/system-design-primer,yangshun,2,yangshun/builder-news,CSS
donnemartin/system-design-primer,yangshun,2,yangshun/capulator,JavaScript
donnemartin/system-design-primer,yangshun,2,yangshun/challenge,JavaScript
donnemartin/system-design-primer,yangshun,2,yangshun/codecombat-webrtc,JavaScript
donnemartin/system-design-primer,yangshun,2,yangshun/commitbait,JavaScript
donnemartin/system-design-primer,yangshun,2,yangshun/coursemology-badges,HTML
donnemartin/system-design-primer,yangshun,2,yangshun/create-ts-fast,JavaScript
donnemartin/system-design-primer,yangshun,2,yangshun/cs1010s,JavaScript
donnemartin/system-design-primer,yangshun,2,yangshun/cs2010-problem-sets,Java
donnemartin/system-design-primer,yangshun,2,yangshun/cs2105,Java
donnemartin/system-design-primer,yangshun,2,yangshun/cs2106,HTML
donnemartin/system-design-primer,yangshun,2,yangshun/cs3216,CSS
donnemartin/system-design-primer,yangshun,2,yangshun/cs3216-final-project,CSS
donnemartin/system-design-primer,yangshun,2,yangshun/cs3216-js-workshop,CSS
donnemartin/system-design-primer,yangshun,2,yangshun/cs3217-problem-sets,Objective-C
donnemartin/system-design-primer,yangshun,2,yangshun/cs3217-problem-sets-writeup,Objective-C
donnemartin/system-design-primer,yangshun,2,yangshun/cs3218-final-project,C
donnemartin/system-design-primer,yangshun,2,yangshun/cs3230,C++
donnemartin/system-design-primer,manaskarekar,2,manaskarekar/aws-lambda-developer-guide,JavaScript
donnemartin/system-design-primer,manaskarekar,2,manaskarekar/bagel,Rust
donnemartin/system-design-primer,manaskarekar,2,manaskarekar/clojure-koans,Clojure
donnemartin/system-design-primer,manaskarekar,2,manaskarekar/compiler827,Perl
donnemartin/system-design-primer,manaskarekar,2,manaskarekar/convrs,Rust
donnemartin/system-design-primer,manaskarekar,2,manaskarekar/coreutils,C
donnemartin/system-design-primer,manaskarekar,2,manaskarekar/dendron,C++
donnemartin/system-design-primer,manaskarekar,2,manaskarekar/grpc.github.io,JavaScript
donnemartin/system-design-primer,manaskarekar,2,manaskarekar/horseshoe,Rust
donnemartin/system-design-primer,manaskarekar,2,manaskarekar/langoustine,Rust
donnemartin/system-design-primer,manaskarekar,2,manaskarekar/manaskarekar.github.io,CSS
donnemartin/system-design-primer,manaskarekar,2,manaskarekar/mutagen,Rust
donnemartin/system-design-primer,manaskarekar,2,manaskarekar/pcmanfm-qt,C++
donnemartin/system-design-primer,manaskarekar,2,manaskarekar/python-guide,Batchfile
donnemartin/system-design-primer,manaskarekar,2,manaskarekar/rust-bindgen,C++
donnemartin/system-design-primer,manaskarekar,2,manaskarekar/rust-clippy,Rust
donnemartin/system-design-primer,luisbg,2,luisbg/aurena,C
donnemartin/system-design-primer,luisbg,2,luisbg/befstools,Makefile
donnemartin/system-design-primer,luisbg,2,luisbg/bigbluebutton-rs,Rust
donnemartin/system-design-primer,luisbg,2,luisbg/block-ciphers,Rust
donnemartin/system-design-primer,luisbg,2,luisbg/book,Rust
donnemartin/system-design-primer,luisbg,2,luisbg/btrfs-next,C
donnemartin/system-design-primer,luisbg,2,luisbg/chrono,Rust
donnemartin/system-design-primer,luisbg,2,luisbg/duktape,JavaScript
donnemartin/system-design-primer,luisbg,2,luisbg/emacs-gstreamer,Emacs Lisp
donnemartin/system-design-primer,luisbg,2,luisbg/emacs_config,Emacs Lisp
donnemartin/system-design-primer,luisbg,2,luisbg/ente,Rust
donnemartin/system-design-primer,luisbg,2,luisbg/ex-sdl-cairo-freetype-harfbuzz,C
donnemartin/system-design-primer,luisbg,2,luisbg/ffv1,Rust
donnemartin/system-design-primer,luisbg,2,luisbg/fs-construction-kit,C
donnemartin/system-design-primer,luisbg,2,luisbg/gaudi_effects,C
donnemartin/system-design-primer,luisbg,2,luisbg/ges-demo,C
donnemartin/system-design-primer,luisbg,2,luisbg/gnonlin_ges_snippets,C
donnemartin/system-design-primer,luisbg,2,luisbg/gst-editing-services,C
donnemartin/system-design-primer,luisbg,2,luisbg/gst-plugins-bad,C
donnemartin/system-design-primer,luisbg,2,luisbg/gst-plugins-base,C
donnemartin/system-design-primer,luisbg,2,luisbg/gst-plugins-good,C
donnemartin/system-design-primer,luisbg,2,luisbg/gstreamer-rs,Rust
donnemartin/system-design-primer,luisbg,2,luisbg/gstreamer1.0-rs,Rust
donnemartin/system-design-primer,ianpark,2,ianpark/bear-trader,JavaScript
donnemartin/system-design-primer,ianpark,2,ianpark/cajun-jsonapi,C++
donnemartin/system-design-primer,ianpark,2,ianpark/cocos2d-x,C++
donnemartin/system-design-primer,ianpark,2,ianpark/condenser,JavaScript
donnemartin/system-design-primer,ianpark,2,ianpark/flutter_camera_fix,Dart
donnemartin/system-design-primer,ianpark,2,ianpark/flutter_capture_bug_demo,Dart
donnemartin/system-design-primer,ianpark,2,ianpark/hpm,TypeScript
donnemartin/system-design-primer,ianpark,2,ianpark/ianpark.github.io,JavaScript
donnemartin/system-design-primer,ianpark,2,ianpark/image_gallery_saver,Dart
donnemartin/system-design-primer,ianpark,2,ianpark/nodejs_study,JavaScript
donnemartin/system-design-primer,ianpark,2,ianpark/poloniex.js,JavaScript
donnemartin/system-design-primer,ianpark,2,ianpark/steem,C++
donnemartin/system-design-primer,ianpark,2,ianpark/steeme,JavaScript
donnemartin/system-design-primer,ianpark,2,ianpark/steemian-health-check,JavaScript
donnemartin/system-design-primer,ianpark,2,ianpark/steemlit,JavaScript
donnemartin/system-design-primer,ianpark,2,ianpark/steempayco,JavaScript
donnemartin/system-design-primer,ianpark,2,ianpark/uk_house_price_tracker,JavaScript
vinta/awesome-python,vinta,977,vinta/albedo,Scala
vinta/awesome-python,vinta,977,vinta/django.js,JavaScript
vinta/awesome-python,vinta,977,vinta/dockerfiles,Dockerfile
vinta/awesome-python,vinta,977,vinta/hubot-reload-scripts,CoffeeScript
vinta/awesome-python,vinta,977,vinta/machine-learning-notes,Jupyter Notebook
vinta/awesome-python,vinta,977,vinta/pangu,Go
vinta/awesome-python,vinta,977,vinta/pangu.java,Java
vinta/awesome-python,vinta,977,vinta/pangu.js,JavaScript
vinta/awesome-python,vinta,977,vinta/pangu.space,HCL
vinta/awesome-python,vinta,977,vinta/playground,JavaScript
vinta/awesome-python,vinta,977,vinta/simple-project-on-k8s,JavaScript
vinta/awesome-python,dhamaniasad,11,dhamaniasad/2014-T-514-VEFT,C#
vinta/awesome-python,dhamaniasad,11,dhamaniasad/AI-Blocks,JavaScript
vinta/awesome-python,dhamaniasad,11,dhamaniasad/ajaxpoll,PHP
vinta/awesome-python,dhamaniasad,11,dhamaniasad/alizbeo-flow-db-admin,CoffeeScript
vinta/awesome-python,dhamaniasad,11,dhamaniasad/arc90labs-readability,PHP
vinta/awesome-python,dhamaniasad,11,dhamaniasad/archive.today,Go
vinta/awesome-python,dhamaniasad,11,dhamaniasad/arduino-extra-cores,C
vinta/awesome-python,ellisonleao,8,ellisonleao/1brc,Java
vinta/awesome-python,ellisonleao,8,ellisonleao/basics-of-erlang,Erlang
vinta/awesome-python,ellisonleao,8,ellisonleao/carbon-now.nvim,Lua
vinta/awesome-python,ellisonleao,8,ellisonleao/clumsy-bird,JavaScript
vinta/awesome-python,ellisonleao,8,ellisonleao/criando-plugins-lua-neovim,Lua
vinta/awesome-python,ellisonleao,8,ellisonleao/DescomplicandoKubernetes,Shell
vinta/awesome-python,ellisonleao,8,ellisonleao/dotenv.nvim,Lua
vinta/awesome-python,ellisonleao,8,ellisonleao/dotfiles,Shell
vinta/awesome-python,ellisonleao,8,ellisonleao/Fast-Kubernetes,HTML
vinta/awesome-python,ihebu,8,ihebu/brainfuck,C
vinta/awesome-python,ihebu,8,ihebu/Competitive-Programming,C++
vinta/awesome-python,ihebu,8,ihebu/digit-recognizer,Jupyter Notebook
vinta/awesome-python,ihebu,8,ihebu/dsu,Go
vinta/awesome-python,ihebu,8,ihebu/encbench,C++
vinta/awesome-python,ihebu,8,ihebu/express-auth,JavaScript
vinta/awesome-python,ihebu,8,ihebu/ihebu.github.io,HTML
vinta/awesome-python,ihebu,8,ihebu/life,C++
vinta/awesome-python,ihebu,8,ihebu/rl-dynamic-programming,Jupyter Notebook
vinta/awesome-python,ihebu,8,ihebu/spscq,C++
vinta/awesome-python,Alir3z4,7,Alir3z4/.dotfiles,Shell
vinta/awesome-python,Alir3z4,7,Alir3z4/angular-numeric-directive,JavaScript
vinta/awesome-python,Alir3z4,7,Alir3z4/ansible-suricata,Jinja
vinta/awesome-python,Alir3z4,7,Alir3z4/aur-pkgs,Shell
vinta/awesome-python,Alir3z4,7,Alir3z4/electro-music,JavaScript
vinta/awesome-python,Alir3z4,7,Alir3z4/flarum-ext-pages,PHP
vinta/awesome-python,agroszer,6,agroszer/commando-python-symbols,JavaScript
vinta/awesome-python,agroszer,6,agroszer/dimdaemon,C++
vinta/awesome-python,agroszer,6,agroszer/ESPEasy,C++
vinta/awesome-python,agroszer,6,agroszer/fine-uploader,JavaScript
vinta/awesome-python,agroszer,6,agroszer/GAS-ICS-Sync,JavaScript
vinta/awesome-python,agroszer,6,agroszer/koctags,JavaScript
vinta/awesome-python,agroszer,6,agroszer/komodo-klint,JavaScript
vinta/awesome-python,agroszer,6,agroszer/komodo-ko_intel,JavaScript
vinta/awesome-python,agroszer,6,agroszer/komodo-openfiles2,JavaScript
vinta/awesome-python,agroszer,6,agroszer/komodo-quickdiff,JavaScript
vinta/awesome-python,agroszer,6,agroszer/komodo-qwin,JavaScript
vinta/awesome-python,agroszer,6,agroszer/Komodo-Resources,CoffeeScript
vinta/awesome-python,makrusak,6,makrusak/awesome-go,Go
vinta/awesome-python,makrusak,6,makrusak/bigdata-3task,C++
vinta/awesome-python,makrusak,6,makrusak/go-dash,Go
vinta/awesome-python,makrusak,6,makrusak/incubator-gossip,Java
vinta/awesome-python,makrusak,6,makrusak/nuclio,Go
vinta/awesome-python,makrusak,6,makrusak/nuclio-sdk-go,Go
vinta/awesome-python,quobit,6,quobit/awesome-cs-education,Emacs Lisp
vinta/awesome-python,quobit,6,quobit/awesome-geek-podcasts,HTML
vinta/awesome-python,quobit,6,quobit/free-programming-books,HTML
vinta/awesome-python,quobit,6,quobit/web,HTML
vinta/awesome-python,jhermann,5,jhermann/about-me,HTML
vinta/awesome-python,jhermann,5,jhermann/anthracite,JavaScript
vinta/awesome-python,jhermann,5,jhermann/autoenv,Shell
vinta/awesome-python,jhermann,5,jhermann/awesome-ctf,JavaScript
vinta/awesome-python,jhermann,5,jhermann/awesome-python-talks,Shell
vinta/awesome-python,jhermann,5,jhermann/blog,Jupyter Notebook
vinta/awesome-python,jhermann,5,jhermann/boot2-metrics,Shell
TheAlgorithms/Python,harshildarji,260,harshildarji/Android-Animation-Zoom-Rotate-Fade,Java
TheAlgorithms/Python,harshildarji,260,harshildarji/Android-Option-Menu-Change-Background-Color,Java
TheAlgorithms/Python,harshildarji,260,harshildarji/Basic-Web-Application-with-Database-Connectivity,ASP
TheAlgorithms/Python,harshildarji,260,harshildarji/C-Plus-Plus-HackerRank,C++
TheAlgorithms/Python,harshildarji,260,harshildarji/CharotarExplore,Java
TheAlgorithms/Python,harshildarji,260,harshildarji/DataScienceLab,Jupyter Notebook
TheAlgorithms/Python,harshildarji,260,harshildarji/Fetch-HTML-code,C#
TheAlgorithms/Python,harshildarji,260,harshildarji/German-NER-BERT,Jupyter Notebook
TheAlgorithms/Python,harshildarji,260,harshildarji/harshildarji.github.io,CSS
TheAlgorithms/Python,harshildarji,260,harshildarji/Hello-Flutter,Dart
TheAlgorithms/Python,harshildarji,260,harshildarji/Machine-Learning,Jupyter Notebook
TheAlgorithms/Python,harshildarji,260,harshildarji/Machine-Learning-Recipes-with-Josh-Gordon,Jupyter Notebook
TheAlgorithms/Python,harshildarji,260,harshildarji/Material-TimePicker-Dialog,Java
TheAlgorithms/Python,harshildarji,260,harshildarji/PHP-Examples,PHP
TheAlgorithms/Python,cclauss,227,cclauss/500lines,JavaScript
TheAlgorithms/Python,cclauss,227,cclauss/ACM-ICPC-Algorithms,C++
TheAlgorithms/Python,MaximSmolskiy,96,MaximSmolskiy/adiar,C++
TheAlgorithms/Python,MaximSmolskiy,96,MaximSmolskiy/algorithms,C++
TheAlgorithms/Python,MaximSmolskiy,96,MaximSmolskiy/benchmark,C++
TheAlgorithms/Python,MaximSmolskiy,96,MaximSmolskiy/C-Plus-Plus,C++
TheAlgorithms/Python,MaximSmolskiy,96,MaximSmolskiy/ceres-solver,C++
TheAlgorithms/Python,MaximSmolskiy,96,MaximSmolskiy/colmap,C++
TheAlgorithms/Python,MaximSmolskiy,96,MaximSmolskiy/Computer-networks,MATLAB
TheAlgorithms/Python,MaximSmolskiy,96,MaximSmolskiy/gpu-labs,Cuda
TheAlgorithms/Python,MaximSmolskiy,96,MaximSmolskiy/incubator-kvrocks,C++
TheAlgorithms/Python,MaximSmolskiy,96,MaximSmolskiy/interval-tree,C++
TheAlgorithms/Python,MaximSmolskiy,96,MaximSmolskiy/leap,C++
TheAlgorithms/Python,MaximSmolskiy,96,MaximSmolskiy/libavoid-server,C++
TheAlgorithms/Python,MaximSmolskiy,96,MaximSmolskiy/MATLAB-Octave,MATLAB
TheAlgorithms/Python,MaximSmolskiy,96,MaximSmolskiy/opencv,C++
TheAlgorithms/Python,MaximSmolskiy,96,MaximSmolskiy/server-rest-api,JavaScript
TheAlgorithms/Python,MaximSmolskiy,96,MaximSmolskiy/Sophus,C++
TheAlgorithms/Python,MaximSmolskiy,96,MaximSmolskiy/Stochastic-models-and-data-analysis,MATLAB
TheAlgorithms/Python,MaximSmolskiy,96,MaximSmolskiy/Sudoku-solver,MATLAB
TheAlgorithms/Python,MaximSmolskiy,96,MaximSmolskiy/tolsolvty,MATLAB
TheAlgorithms/Python,MaximSmolskiy,96,MaximSmolskiy/userver,C++
TheAlgorithms/Python,tianyizheng02,60,tianyizheng02/file-compressor,C++
TheAlgorithms/Python,tianyizheng02,60,tianyizheng02/flight-finder,JavaScript
TheAlgorithms/Python,tianyizheng02,60,tianyizheng02/moderncv,TeX
TheAlgorithms/Python,tianyizheng02,60,tianyizheng02/patient-prep,TypeScript
TheAlgorithms/Python,tianyizheng02,60,tianyizheng02/pittcswiki,JavaScript
TheAlgorithms/Python,tianyizheng02,60,tianyizheng02/resume-template,TeX
TheAlgorithms/Python,tianyizheng02,60,tianyizheng02/tianyizheng02.github.io,CSS
TheAlgorithms/Python,tianyizheng02,60,tianyizheng02/whats-that-movie,JavaScript
TheAlgorithms/Python,dhruvmanila,60,dhruvmanila/action-proselint,Dockerfile
TheAlgorithms/Python,dhruvmanila,60,dhruvmanila/advent-of-code,Rust
TheAlgorithms/Python,dhruvmanila,60,dhruvmanila/Automated-Fuzzer,Rust
TheAlgorithms/Python,dhruvmanila,60,dhruvmanila/browser-bookmarks.nvim,Lua
TheAlgorithms/Python,dhruvmanila,60,dhruvmanila/charmbracelet-gum,Go
TheAlgorithms/Python,dhruvmanila,60,dhruvmanila/coding-updates,HTML
TheAlgorithms/Python,dhruvmanila,60,dhruvmanila/deepsource-cli,Go
TheAlgorithms/Python,dhruvmanila,60,dhruvmanila/dotfiles,Lua
TheAlgorithms/Python,dhruvmanila,60,dhruvmanila/gitea,Go
TheAlgorithms/Python,dhruvmanila,60,dhruvmanila/go-bookmarks,Go
TheAlgorithms/Python,dhruvmanila,60,dhruvmanila/gruvbox-material,Vim script
TheAlgorithms/Python,dhruvmanila,60,dhruvmanila/instant-markdown-d,CSS
TheAlgorithms/Python,dhruvmanila,60,dhruvmanila/lir.nvim,Lua
TheAlgorithms/Python,dhruvmanila,60,dhruvmanila/lz4json,C
TheAlgorithms/Python,dhruvmanila,60,dhruvmanila/neogen,Lua
TheAlgorithms/Python,dhruvmanila,60,dhruvmanila/neovim,Vim Script
TheAlgorithms/Python,dhruvmanila,60,dhruvmanila/nvim-lint,Lua
TheAlgorithms/Python,dhruvmanila,60,dhruvmanila/nvim-lspconfig,Lua
TheAlgorithms/Python,dynamitechetan,54,dynamitechetan/Build_It_Bigger,Java
TheAlgorithms/Python,dynamitechetan,54,dynamitechetan/C,C
TheAlgorithms/Python,dynamitechetan,54,dynamitechetan/Cards_Keeper,Java
TheAlgorithms/Python,dynamitechetan,54,dynamitechetan/codeheat.org,CSS
TheAlgorithms/Python,dynamitechetan,54,dynamitechetan/community-app,JavaScript
TheAlgorithms/Python,dynamitechetan,54,dynamitechetan/Flowing-Gradient,Java
TheAlgorithms/Python,dynamitechetan,54,dynamitechetan/FogView_Library,Java
TheAlgorithms/Python,dynamitechetan,54,dynamitechetan/Go-Ubiquitous,Java
TheAlgorithms/Python,dynamitechetan,54,dynamitechetan/homebrew-tools,Ruby
TheAlgorithms/Python,dynamitechetan,54,dynamitechetan/ico-wizard,JavaScript
TheAlgorithms/Python,dynamitechetan,54,dynamitechetan/JettyServer,Java
TheAlgorithms/Python,dynamitechetan,54,dynamitechetan/lumenoctane,PHP
TheAlgorithms/Python,dynamitechetan,54,dynamitechetan/phimpme-android,Java
TheAlgorithms/Python,dynamitechetan,54,dynamitechetan/PopularMovies,Java
TheAlgorithms/Python,dynamitechetan,54,dynamitechetan/PopularMovies2,Java
TheAlgorithms/Python,dynamitechetan,54,dynamitechetan/Project0_Portfolio_App_Udacity,Java
TheAlgorithms/Python,dynamitechetan,54,dynamitechetan/PseudoNet,Java
TheAlgorithms/Python,dynamitechetan,54,dynamitechetan/razorpay_flutter,Java
TheAlgorithms/Python,dynamitechetan,54,dynamitechetan/Stock_Hawk_3,Java
TheAlgorithms/Python,dynamitechetan,54,dynamitechetan/susi.ai,CSS
TheAlgorithms/Python,dynamitechetan,54,dynamitechetan/susi_android,Java
TheAlgorithms/Python,dynamitechetan,54,dynamitechetan/susi_desktop,JavaScript
TheAlgorithms/Python,dynamitechetan,54,dynamitechetan/susi_server,Java
TheAlgorithms/Python,CaedenPH,50,CaedenPH/3kh0.github.io,HTML
TheAlgorithms/Python,CaedenPH,50,CaedenPH/caedenph.github.io,TypeScript
TheAlgorithms/Python,CaedenPH,50,CaedenPH/jarvide-api,JavaScript
TheAlgorithms/Python,CaedenPH,50,CaedenPH/mempi,TypeScript
TheAlgorithms/Python,CaedenPH,50,CaedenPH/portfolio,TypeScript
TheAlgorithms/Python,CaedenPH,50,CaedenPH/Raspberry-Dashboard,CSS
TheAlgorithms/Python,CaedenPH,50,CaedenPH/server-status,TypeScript
TheAlgorithms/Python,CaedenPH,50,CaedenPH/Wa-Tor,C#
TheAlgorithms/Python,AnupKumarPanwar,41,AnupKumarPanwar/albert,C++
TheAlgorithms/Python,AnupKumarPanwar,41,AnupKumarPanwar/AnySoftKeyboard,HTML
TheAlgorithms/Python,AnupKumarPanwar,41,AnupKumarPanwar/Battleship,Java
TheAlgorithms/Python,AnupKumarPanwar,41,AnupKumarPanwar/Book-it-to-the-Moon,Java
TheAlgorithms/Python,AnupKumarPanwar,41,AnupKumarPanwar/bulwark,Clojure
TheAlgorithms/Python,AnupKumarPanwar,41,AnupKumarPanwar/CAR-DETECTION,C++
TheAlgorithms/Python,AnupKumarPanwar,41,AnupKumarPanwar/chat.susi.ai,JavaScript
TheAlgorithms/Python,AnupKumarPanwar,41,AnupKumarPanwar/ChatBurn,PHP
TheAlgorithms/Python,AnupKumarPanwar,41,AnupKumarPanwar/codeheat.org,CSS
TheAlgorithms/Python,AnupKumarPanwar,41,AnupKumarPanwar/country-state-picker,TypeScript
TheAlgorithms/Python,AnupKumarPanwar,41,AnupKumarPanwar/discord-music-player,TypeScript
TheAlgorithms/Python,AnupKumarPanwar,41,AnupKumarPanwar/Emoji-Shoot,JavaScript
TheAlgorithms/Python,AnupKumarPanwar,41,AnupKumarPanwar/Facebook-Messenger-Bot,JavaScript
TheAlgorithms/Python,AnupKumarPanwar,41,AnupKumarPanwar/FireBase-Chat-App,JavaScript
TheAlgorithms/Python,AnupKumarPanwar,41,AnupKumarPanwar/Flying-Modi,JavaScript
TheAlgorithms/Python,AnupKumarPanwar,41,AnupKumarPanwar/fossasia.org,CSS
TheAlgorithms/Python,AnupKumarPanwar,41,AnupKumarPanwar/gapic-generator,Java
TheAlgorithms/Python,AnupKumarPanwar,41,AnupKumarPanwar/Go-Gin-Postgres-Boilerplate,Go
TheAlgorithms/Python,realDuYuanChao,39,realDuYuanChao/Algorithms-C,C
TheAlgorithms/Python,realDuYuanChao,39,realDuYuanChao/Algorithms-Java,Java
TheAlgorithms/Python,realDuYuanChao,39,realDuYuanChao/Android,Java
TheAlgorithms/Python,realDuYuanChao,39,realDuYuanChao/FileManager,Java
TheAlgorithms/Python,realDuYuanChao,39,realDuYuanChao/Finder,Java
TheAlgorithms/Python,realDuYuanChao,39,realDuYuanChao/NetEaseMusic,Java
Significant-Gravitas/AutoGPT,Pwuts,737,Pwuts/adventofcode2020,JavaScript
Significant-Gravitas/AutoGPT,Pwuts,737,Pwuts/bbb2irc,JavaScript
Significant-Gravitas/AutoGPT,Pwuts,737,Pwuts/chakra-ui-vue,JavaScript
Significant-Gravitas/AutoGPT,Pwuts,737,Pwuts/delet-firmware,C++
Significant-Gravitas/AutoGPT,Pwuts,737,Pwuts/discord-bot-template,TypeScript
Significant-Gravitas/AutoGPT,Pwuts,737,Pwuts/docker-mqtt-influx-template,Shell
Significant-Gravitas/AutoGPT,Pwuts,737,Pwuts/ESP-WiFiSettings,C++
Significant-Gravitas/AutoGPT,Pwuts,737,Pwuts/kicad-footprints,CMake
Significant-Gravitas/AutoGPT,Pwuts,737,Pwuts/leakbook,TypeScript
Significant-Gravitas/AutoGPT,Pwuts,737,Pwuts/modern-mediasite,CSS
Significant-Gravitas/AutoGPT,Pwuts,737,Pwuts/monitor-ambilight-controller,C++
Significant-Gravitas/AutoGPT,Pwuts,737,Pwuts/MQTT-SwitchNode,Arduino
Significant-Gravitas/AutoGPT,Pwuts,737,Pwuts/postgres-pgadmin-docker-compose,Shell
Significant-Gravitas/AutoGPT,Pwuts,737,Pwuts/quotes,Vue
Significant-Gravitas/AutoGPT,waynehamadi,457,waynehamadi/Auto-GPT,JavaScript
Significant-Gravitas/AutoGPT,waynehamadi,457,waynehamadi/awesome-navbars,HTML
Significant-Gravitas/AutoGPT,waynehamadi,457,waynehamadi/crowdfunding,Ruby
Significant-Gravitas/AutoGPT,waynehamadi,457,waynehamadi/docs,MDX
Significant-Gravitas/AutoGPT,waynehamadi,457,waynehamadi/dotfiles,Shell
Significant-Gravitas/AutoGPT,waynehamadi,457,waynehamadi/flask_nginx,Dockerfile
Significant-Gravitas/AutoGPT,waynehamadi,457,waynehamadi/Go,Java
Significant-Gravitas/AutoGPT,waynehamadi,457,waynehamadi/helicone,TypeScript
Significant-Gravitas/AutoGPT,Torantulino,442,Torantulino/AlienTransmission,C#
Significant-Gravitas/AutoGPT,Torantulino,442,Torantulino/ARM_Companion,Java
Significant-Gravitas/AutoGPT,Torantulino,442,Torantulino/CubicVoxelGameMaker,C#
Significant-Gravitas/AutoGPT,Torantulino,442,Torantulino/Fistman,C#
Significant-Gravitas/AutoGPT,Torantulino,442,Torantulino/Orbits-The-Sandbox,C#
Significant-Gravitas/AutoGPT,Torantulino,442,Torantulino/PhotoArchiver,Shell
Significant-Gravitas/AutoGPT,Torantulino,442,Torantulino/PhysicsBasedAnimation,HTML
Significant-Gravitas/AutoGPT,Torantulino,442,Torantulino/set08116,C++
Significant-Gravitas/AutoGPT,Torantulino,442,Torantulino/set08116_framework,C++
Significant-Gravitas/AutoGPT,Torantulino,442,Torantulino/Sol_System_OpenGL,GLSL
Significant-Gravitas/AutoGPT,Torantulino,442,Torantulino/SpaceBattle,C#
Significant-Gravitas/AutoGPT,Torantulino,442,Torantulino/VRPhysicsSandbox,C#
Significant-Gravitas/AutoGPT,Swiftyos,383,Swiftyos/AIEdge,TypeScript
Significant-Gravitas/AutoGPT,Swiftyos,383,Swiftyos/anthropic,Rust
Significant-Gravitas/AutoGPT,Swiftyos,383,Swiftyos/DevMetrics,Rust
Significant-Gravitas/AutoGPT,Swiftyos,383,Swiftyos/docker-anchor,Dockerfile
Significant-Gravitas/AutoGPT,Swiftyos,383,Swiftyos/fun,Rust
Significant-Gravitas/AutoGPT,Swiftyos,383,Swiftyos/Neovim.config,Lua
Significant-Gravitas/AutoGPT,Swiftyos,383,Swiftyos/patch-rs,Rust
Significant-Gravitas/AutoGPT,Swiftyos,383,Swiftyos/Perplexica,TypeScript
Significant-Gravitas/AutoGPT,Swiftyos,383,Swiftyos/RustPython,Rust
Significant-Gravitas/AutoGPT,Swiftyos,383,Swiftyos/terminal.shop,Rust
Significant-Gravitas/AutoGPT,Swiftyos,383,Swiftyos/wasm-nn,Rust
Significant-Gravitas/AutoGPT,richbeales,243,richbeales/bootstrap,JavaScript
Significant-Gravitas/AutoGPT,richbeales,243,richbeales/docker-alpine-ftp-server,Shell
Significant-Gravitas/AutoGPT,richbeales,243,richbeales/keysleft,JavaScript
Significant-Gravitas/AutoGPT,richbeales,243,richbeales/knockout-test,HTML
Significant-Gravitas/AutoGPT,richbeales,243,richbeales/less-docs,CSS
Significant-Gravitas/AutoGPT,richbeales,243,richbeales/liftostuff,JavaScript
Significant-Gravitas/AutoGPT,richbeales,243,richbeales/microdot,C#
Significant-Gravitas/AutoGPT,richbeales,243,richbeales/openhab,Java
Significant-Gravitas/AutoGPT,richbeales,243,richbeales/openhab-cfg,XSLT
Significant-Gravitas/AutoGPT,richbeales,243,richbeales/openhab.github.io,JavaScript
Significant-Gravitas/AutoGPT,richbeales,243,richbeales/openhab2,JavaScript
Significant-Gravitas/AutoGPT,richbeales,243,richbeales/rukustheatre,HTML
Significant-Gravitas/AutoGPT,richbeales,243,richbeales/showoff,JavaScript
Significant-Gravitas/AutoGPT,richbeales,243,richbeales/Tiny-Tiny-RSS,JavaScript
Significant-Gravitas/AutoGPT,richbeales,243,richbeales/typingmind,HTML
Significant-Gravitas/AutoGPT,majdyz,236,majdyz/gabriel,Java
Significant-Gravitas/AutoGPT,majdyz,236,majdyz/gabriel-blackbox,Java
Significant-Gravitas/AutoGPT,majdyz,236,majdyz/Gomoku-game,Java
Significant-Gravitas/AutoGPT,majdyz,236,majdyz/hadoop,Java
Significant-Gravitas/AutoGPT,majdyz,236,majdyz/multi-account-tweet-manager,CSS
Significant-Gravitas/AutoGPT,majdyz,236,majdyz/MySillyTestDatabricksRepository,HTML
Significant-Gravitas/AutoGPT,majdyz,236,majdyz/regrader,PHP
Significant-Gravitas/AutoGPT,majdyz,236,majdyz/savsoftquiz_v3.0,PHP
Significant-Gravitas/AutoGPT,majdyz,236,majdyz/taxi-service-profit-analysis,HTML
Significant-Gravitas/AutoGPT,majdyz,236,majdyz/yii2-ajaxcrud,PHP
Significant-Gravitas/AutoGPT,ntindle,177,ntindle/core,TypeScript
Significant-Gravitas/AutoGPT,ntindle,177,ntindle/CPUTile,C#
Significant-Gravitas/AutoGPT,ntindle,177,ntindle/developer-dao-dot-com,TypeScript
Significant-Gravitas/AutoGPT,ntindle,177,ntindle/gridfinity-space-optimizer,JavaScript
Significant-Gravitas/AutoGPT,ntindle,177,ntindle/guark,Go
Significant-Gravitas/AutoGPT,ntindle,177,ntindle/hermes-server,JavaScript
Significant-Gravitas/AutoGPT,ntindle,177,ntindle/jinks,CSS
Significant-Gravitas/AutoGPT,aarushik93,174,aarushik93/aarushi-blog,JavaScript
Significant-Gravitas/AutoGPT,aarushik93,174,aarushik93/aiwithme,JavaScript
Significant-Gravitas/AutoGPT,aarushik93,174,aarushik93/bark,Jupyter Notebook
Significant-Gravitas/AutoGPT,aarushik93,174,aarushik93/braintree-go,Go
Significant-Gravitas/AutoGPT,aarushik93,174,aarushik93/get-dad-jokes,Go
Significant-Gravitas/AutoGPT,aarushik93,174,aarushik93/gke-helm-orb,Shell
Significant-Gravitas/AutoGPT,aarushik93,174,aarushik93/go-gin-prometheus,Go
Significant-Gravitas/AutoGPT,aarushik93,174,aarushik93/go-mp3,Go
Significant-Gravitas/AutoGPT,aarushik93,174,aarushik93/gowasm-experiments,Go
AUTOMATIC1111/stable-diffusion-webui,AUTOMATIC1111,3630,AUTOMATIC1111/3ds-shell,C++
AUTOMATIC1111/stable-diffusion-webui,AUTOMATIC1111,3630,AUTOMATIC1111/android-upload-service,Java
AUTOMATIC1111/stable-diffusion-webui,AUTOMATIC1111,3630,AUTOMATIC1111/Autocleaner,C#
AUTOMATIC1111/stable-diffusion-webui,AUTOMATIC1111,3630,AUTOMATIC1111/Autolinks,C#
AUTOMATIC1111/stable-diffusion-webui,AUTOMATIC1111,3630,AUTOMATIC1111/BionicIcons,C#
AUTOMATIC1111/stable-diffusion-webui,AUTOMATIC1111,3630,AUTOMATIC1111/GradientHair,C#
AUTOMATIC1111/stable-diffusion-webui,AUTOMATIC1111,3630,AUTOMATIC1111/Gunplay,C#
AUTOMATIC1111/stable-diffusion-webui,AUTOMATIC1111,3630,AUTOMATIC1111/HairDye,C#
AUTOMATIC1111/stable-diffusion-webui,AUTOMATIC1111,3630,AUTOMATIC1111/HighQualityTextures,C#
AUTOMATIC1111/stable-diffusion-webui,AUTOMATIC1111,3630,AUTOMATIC1111/IntoTheBreachLua,C
AUTOMATIC1111/stable-diffusion-webui,AUTOMATIC1111,3630,AUTOMATIC1111/jslife,JavaScript
AUTOMATIC1111/stable-diffusion-webui,AUTOMATIC1111,3630,AUTOMATIC1111/KK_Plugins,C#
AUTOMATIC1111/stable-diffusion-webui,AUTOMATIC1111,3630,AUTOMATIC1111/KoikatsuMods,C#
AUTOMATIC1111/stable-diffusion-webui,AUTOMATIC1111,3630,AUTOMATIC1111/llm-political-compass,HTML
AUTOMATIC1111/stable-diffusion-webui,AUTOMATIC1111,3630,AUTOMATIC1111/onnx2c,C
AUTOMATIC1111/stable-diffusion-webui,AUTOMATIC1111,3630,AUTOMATIC1111/PeacefulProtests,C#
AUTOMATIC1111/stable-diffusion-webui,AUTOMATIC1111,3630,AUTOMATIC1111/PublisherPlus,C#
AUTOMATIC1111/stable-diffusion-webui,AUTOMATIC1111,3630,AUTOMATIC1111/Radiology,C#
AUTOMATIC1111/stable-diffusion-webui,AUTOMATIC1111,3630,AUTOMATIC1111/randdraw,C++
AUTOMATIC1111/stable-diffusion-webui,AUTOMATIC1111,3630,AUTOMATIC1111/RecipeIcons,C#
AUTOMATIC1111/stable-diffusion-webui,AUTOMATIC1111,3630,AUTOMATIC1111/Rimlaser,C#
AUTOMATIC1111/stable-diffusion-webui,AUTOMATIC1111,3630,AUTOMATIC1111/stable-diffusion-webui-assets,CSS
AUTOMATIC1111/stable-diffusion-webui,AUTOMATIC1111,3630,AUTOMATIC1111/stable-diffusion-webui-old-localizations,CSS
AUTOMATIC1111/stable-diffusion-webui,w-e-w,314,w-e-w/a1111-intelli-prompt,JavaScript
AUTOMATIC1111/stable-diffusion-webui,w-e-w,314,w-e-w/AutoHotkey-Script-Loader,AutoHotkey
AUTOMATIC1111/stable-diffusion-webui,w-e-w,314,w-e-w/bat-script-for-waifu2x-ncnn-vulkan,Batchfile
AUTOMATIC1111/stable-diffusion-webui,w-e-w,314,w-e-w/bulk-directory-link-lib,PowerShell
AUTOMATIC1111/stable-diffusion-webui,w-e-w,314,w-e-w/Cirno-Server,JavaScript
AUTOMATIC1111/stable-diffusion-webui,w-e-w,314,w-e-w/Evolve,JavaScript
AUTOMATIC1111/stable-diffusion-webui,w-e-w,314,w-e-w/extra-network-side-panel-for-a1111,JavaScript
AUTOMATIC1111/stable-diffusion-webui,w-e-w,314,w-e-w/google-translate-dark-mode-user-script,JavaScript
AUTOMATIC1111/stable-diffusion-webui,dfaker,168,dfaker/ContentFlooder,JavaScript
AUTOMATIC1111/stable-diffusion-webui,dfaker,168,dfaker/dfaker.github.io,HTML
AUTOMATIC1111/stable-diffusion-webui,dfaker,168,dfaker/discord-auto-play-embed,JavaScript
AUTOMATIC1111/stable-diffusion-webui,akx,155,akx/aegg,TypeScript
AUTOMATIC1111/stable-diffusion-webui,akx,155,akx/afsp-mirror,C
AUTOMATIC1111/stable-diffusion-webui,akx,155,akx/akx.github.io,TypeScript
AUTOMATIC1111/stable-diffusion-webui,akx,155,akx/AndieGraph,C
AUTOMATIC1111/stable-diffusion-webui,akx,155,akx/andrey,Rust
AUTOMATIC1111/stable-diffusion-webui,akx,155,akx/aoc2019,Rust
AUTOMATIC1111/stable-diffusion-webui,akx,155,akx/arpy,JavaScript
AUTOMATIC1111/stable-diffusion-webui,akx,155,akx/as3-line-of-sight,ActionScript
AUTOMATIC1111/stable-diffusion-webui,KohakuBlueleaf,124,KohakuBlueleaf/8051-dino-game,C
AUTOMATIC1111/stable-diffusion-webui,KohakuBlueleaf,124,KohakuBlueleaf/guanaco-lora,Jupyter Notebook
AUTOMATIC1111/stable-diffusion-webui,KohakuBlueleaf,124,KohakuBlueleaf/HakuTPU,Verilog
AUTOMATIC1111/stable-diffusion-webui,missionfloyd,91,missionfloyd/CitiesSkylinesLauncher,C#
AUTOMATIC1111/stable-diffusion-webui,missionfloyd,91,missionfloyd/CompanionHaircuts,Papyrus
AUTOMATIC1111/stable-diffusion-webui,missionfloyd,91,missionfloyd/HeaderTrim,C#
AUTOMATIC1111/stable-diffusion-webui,missionfloyd,91,missionfloyd/pngtoy,JavaScript
AUTOMATIC1111/stable-diffusion-webui,missionfloyd,91,missionfloyd/steam-rom-manager,TypeScript
AUTOMATIC1111/stable-diffusion-webui,brkirch,83,brkirch/pytorch,C++
AUTOMATIC1111/stable-diffusion-webui,yfszzx,68,yfszzx/ahk_opt,AutoHotkey
AUTOMATIC1111/stable-diffusion-webui,yfszzx,68,yfszzx/caffe,C++
AUTOMATIC1111/stable-diffusion-webui,yfszzx,68,yfszzx/CUDA-CNN,Cuda
AUTOMATIC1111/stable-diffusion-webui,yfszzx,68,yfszzx/dzgapp,JavaScript
AUTOMATIC1111/stable-diffusion-webui,yfszzx,68,yfszzx/eigen,C++
AUTOMATIC1111/stable-diffusion-webui,yfszzx,68,yfszzx/guiyoushitouji,Jupyter Notebook
AUTOMATIC1111/stable-diffusion-webui,yfszzx,68,yfszzx/HanLP,Java
AUTOMATIC1111/stable-diffusion-webui,yfszzx,68,yfszzx/kcws,C++
AUTOMATIC1111/stable-diffusion-webui,yfszzx,68,yfszzx/lantern,Go
AUTOMATIC1111/stable-diffusion-webui,yfszzx,68,yfszzx/leveldb,C++
AUTOMATIC1111/stable-diffusion-webui,yfszzx,68,yfszzx/MatX,C++
AUTOMATIC1111/stable-diffusion-webui,yfszzx,68,yfszzx/ml4j,Java
AUTOMATIC1111/stable-diffusion-webui,yfszzx,68,yfszzx/mnist_toy,C++
AUTOMATIC1111/stable-diffusion-webui,yfszzx,68,yfszzx/nerdcommenter,VimL
AUTOMATIC1111/stable-diffusion-webui,yfszzx,68,yfszzx/NLPIR,Java
AUTOMATIC1111/stable-diffusion-webui,yfszzx,68,yfszzx/php-curlmulti,PHP
AUTOMATIC1111/stable-diffusion-webui,yfszzx,68,yfszzx/PLS,C++
AUTOMATIC1111/stable-diffusion-webui,yfszzx,68,yfszzx/purine2,C++
AUTOMATIC1111/stable-diffusion-webui,yfszzx,68,yfszzx/RIWRNG,HTML
AUTOMATIC1111/stable-diffusion-webui,yfszzx,68,yfszzx/rnn,Matlab
AUTOMATIC1111/stable-diffusion-webui,yfszzx,68,yfszzx/wormhole,C++
huggingface/transformers,thomwolf,1384,thomwolf/3dsav,C++
huggingface/transformers,thomwolf,1384,thomwolf/ACT,Jupyter Notebook
huggingface/transformers,thomwolf,1384,thomwolf/aiexperiments-drum-machine,JavaScript
huggingface/transformers,thomwolf,1384,thomwolf/AudioNotebooks,Jupyter Notebook
huggingface/transformers,thomwolf,1384,thomwolf/bootstrap,CSS
huggingface/transformers,thomwolf,1384,thomwolf/CestOuLeSoleil,Objective-C
huggingface/transformers,thomwolf,1384,thomwolf/cg,JavaScript
huggingface/transformers,thomwolf,1384,thomwolf/example-ofxKinect,C++
huggingface/transformers,thomwolf,1384,thomwolf/EZSandbox,C++
huggingface/transformers,thomwolf,1384,thomwolf/fastBPE,C++
huggingface/transformers,thomwolf,1384,thomwolf/fastwfc,C++
huggingface/transformers,thomwolf,1384,thomwolf/hf-star-history,TypeScript
huggingface/transformers,thomwolf,1384,thomwolf/Kinect,C++
huggingface/transformers,thomwolf,1384,thomwolf/Magic-Sand,C++
huggingface/transformers,sgugger,1250,sgugger/binder_example,Jupyter Notebook
huggingface/transformers,sgugger,1250,sgugger/Deep-Learning,Jupyter Notebook
huggingface/transformers,sgugger,1250,sgugger/dotfiles,Vim script
huggingface/transformers,sgugger,1250,sgugger/fastai,Jupyter Notebook
huggingface/transformers,sgugger,1250,sgugger/fastai_playground,Jupyter Notebook
huggingface/transformers,sgugger,1250,sgugger/fastai_v1,Jupyter Notebook
huggingface/transformers,sgugger,1250,sgugger/fastprogress,Jupyter Notebook
huggingface/transformers,sgugger,1250,sgugger/hf_examples,Jupyter Notebook
huggingface/transformers,sgugger,1250,sgugger/markdown-here,JavaScript
huggingface/transformers,sgugger,1250,sgugger/rails,Ruby
huggingface/transformers,sgugger,1250,sgugger/sgugger.github.io,HTML
huggingface/transformers,sgugger,1250,sgugger/swift,C++
huggingface/transformers,sgugger,1250,sgugger/swift-training,Swift
huggingface/transformers,sgugger,1250,sgugger/SwiftCV,C++
huggingface/transformers,sgugger,1250,sgugger/SwiftData,Swift
huggingface/transformers,sgugger,1250,sgugger/test_nbs,Jupyter Notebook
huggingface/transformers,ydshieh,1039,ydshieh/animegan2-pytorch,Jupyter Notebook
huggingface/transformers,ydshieh,1039,ydshieh/audio_transcription,HTML
huggingface/transformers,ydshieh,1039,ydshieh/notebooks,HTML
huggingface/transformers,ydshieh,1039,ydshieh/pix2seq,Jupyter Notebook
huggingface/transformers,LysandreJik,1038,LysandreJik/DatBotReactNative,JavaScript
huggingface/transformers,LysandreJik,1038,LysandreJik/DatBotSniffer,Java
huggingface/transformers,LysandreJik,1038,LysandreJik/ElectronReactBBF,JavaScript
huggingface/transformers,LysandreJik,1038,LysandreJik/HaiveObjectOriented,JavaScript
huggingface/transformers,LysandreJik,1038,LysandreJik/huggingface-shell,Shell
huggingface/transformers,LysandreJik,1038,LysandreJik/MatlabCNN,Matlab
huggingface/transformers,LysandreJik,1038,LysandreJik/omegle-crawler-node,TypeScript
huggingface/transformers,LysandreJik,1038,LysandreJik/portfolio,TypeScript
huggingface/transformers,LysandreJik,1038,LysandreJik/PullRequests,JavaScript
huggingface/transformers,LysandreJik,1038,LysandreJik/PureDesignComponents,TypeScript
huggingface/transformers,patrickvonplaten,789,patrickvonplaten/AdvancedAutomaticSpeechRecognition,Jupyter Notebook
huggingface/transformers,patrickvonplaten,789,patrickvonplaten/blog,Jupyter Notebook
huggingface/transformers,patrickvonplaten,789,patrickvonplaten/candle,Rust
huggingface/transformers,patrickvonplaten,789,patrickvonplaten/compel,Jupyter Notebook
huggingface/transformers,patrickvonplaten,789,patrickvonplaten/course_work,TeX
huggingface/transformers,patrickvonplaten,789,patrickvonplaten/DM_Stat_avance,TeX
huggingface/transformers,patrickvonplaten,789,patrickvonplaten/extractors,Rust
huggingface/transformers,stas00,514,stas00/.emacs.d,Emacs Lisp
huggingface/transformers,stas00,514,stas00/arctic_shift,TypeScript
huggingface/transformers,stas00,514,stas00/bash-git-prompt,Shell
huggingface/transformers,stas00,514,stas00/bash-tools,Shell
huggingface/transformers,stas00,514,stas00/benchmarks,Jupyter Notebook
huggingface/transformers,stas00,514,stas00/bigscience-backup,Shell
huggingface/transformers,stas00,514,stas00/blog,Jupyter Notebook
huggingface/transformers,stas00,514,stas00/code-samples,HTML
huggingface/transformers,stas00,514,stas00/conda-tools,Shell
huggingface/transformers,stas00,514,stas00/course-v3,Jupyter Notebook
huggingface/transformers,stas00,514,stas00/deep-learning-v2-pytorch,Jupyter Notebook
huggingface/transformers,gante,469,gante/csv-to-dapper-invoice,TeX
huggingface/transformers,gante,469,gante/gradio,HTML
huggingface/transformers,gante,469,gante/MicroBlaze-Simulator,C
huggingface/transformers,gante,469,gante/OpenCL-FPGA-FIR-Filter,C++
huggingface/transformers,gante,469,gante/OpenCL-Parallel-Reduction,C++
huggingface/transformers,julien-c,401,julien-c/activitypump,JavaScript
huggingface/transformers,julien-c,401,julien-c/adm-zip,JavaScript
huggingface/transformers,julien-c,401,julien-c/AFNetworking,Objective-C
huggingface/transformers,julien-c,401,julien-c/AFUrbanAirshipClient,Objective-C
huggingface/transformers,julien-c,401,julien-c/aiml2rs,Perl
huggingface/transformers,julien-c,401,julien-c/Alamofire,Swift
huggingface/transformers,julien-c,401,julien-c/Amazon-ECS-PHP-Library,PHP
huggingface/transformers,julien-c,401,julien-c/AnnotatePG,JavaScript
huggingface/transformers,julien-c,401,julien-c/annotator,CoffeeScript
huggingface/transformers,julien-c,401,julien-c/annotator-php,PHP
huggingface/transformers,julien-c,401,julien-c/ApnsPHP,PHP
huggingface/transformers,julien-c,401,julien-c/appium-adb,JavaScript
huggingface/transformers,julien-c,401,julien-c/appium-adb-ts,TypeScript
huggingface/transformers,julien-c,401,julien-c/appium-desktop,JavaScript
huggingface/transformers,julien-c,401,julien-c/arxiv-to-hf,JavaScript
huggingface/transformers,julien-c,401,julien-c/AssetFixture,Swift
huggingface/transformers,julien-c,401,julien-c/basset,PHP
huggingface/transformers,julien-c,401,julien-c/bitstarter,JavaScript
huggingface/transformers,julien-c,401,julien-c/boom,Go
huggingface/transformers,ArthurZucker,366,ArthurZucker/AdvancedHighPerformanceComputing,TeX
huggingface/transformers,ArthurZucker,366,ArthurZucker/blog,Jupyter Notebook
huggingface/transformers,ArthurZucker,366,ArthurZucker/easy-notif,JavaScript
huggingface/transformers,ArthurZucker,366,ArthurZucker/FortranProgramming,Fortran
huggingface/transformers,ArthurZucker,366,ArthurZucker/HighPerformanceComputing,C
huggingface/transformers,ArthurZucker,366,ArthurZucker/SecondYear,Jupyter Notebook
huggingface/transformers,ArthurZucker,366,ArthurZucker/SH_Propagation,GDScript
huggingface/transformers,ArthurZucker,366,ArthurZucker/ThirdYear,Jupyter Notebook
huggingface/transformers,Rocketknight1,340,Rocketknight1/hdbscan,Jupyter Notebook
ytdl-org/youtube-dl,dstftw,6777,dstftw/beast,C++
ytdl-org/youtube-dl,dstftw,6777,dstftw/coroutine,C++
ytdl-org/youtube-dl,dstftw,6777,dstftw/doxygen,C++
ytdl-org/youtube-dl,dstftw,6777,dstftw/homebrew,Ruby
ytdl-org/youtube-dl,dstftw,6777,dstftw/homebrew-core,Ruby
ytdl-org/youtube-dl,dstftw,6777,dstftw/protobuf,C++
ytdl-org/youtube-dl,dstftw,6777,dstftw/qooxdoo,JavaScript
ytdl-org/youtube-dl,dstftw,6777,dstftw/qosdnotification,C++
ytdl-org/youtube-dl,dstftw,6777,dstftw/qraiden,C++
ytdl-org/youtube-dl,dstftw,6777,dstftw/qtscriptgenerator,C++
ytdl-org/youtube-dl,dstftw,6777,dstftw/travis-lint,Ruby
ytdl-org/youtube-dl,dstftw,6777,dstftw/TwitchLeecher,C#
ytdl-org/youtube-dl,phihag,3794,phihag/6ecken,JavaScript
ytdl-org/youtube-dl,phihag,3794,phihag/ansiweather,Shell
ytdl-org/youtube-dl,phihag,3794,phihag/argunet,JavaScript
ytdl-org/youtube-dl,phihag,3794,phihag/async-rethrow-stacktrace-example,JavaScript
ytdl-org/youtube-dl,phihag,3794,phihag/bbt,JavaScript
ytdl-org/youtube-dl,phihag,3794,phihag/beef,JavaScript
ytdl-org/youtube-dl,phihag,3794,phihag/bg-js,JavaScript
ytdl-org/youtube-dl,phihag,3794,phihag/bmtmgr,PHP
ytdl-org/youtube-dl,phihag,3794,phihag/bts,JavaScript
ytdl-org/youtube-dl,phihag,3794,phihag/build-scripts,Shell
ytdl-org/youtube-dl,phihag,3794,phihag/bup,JavaScript
ytdl-org/youtube-dl,phihag,3794,phihag/caniuse,JavaScript
ytdl-org/youtube-dl,phihag,3794,phihag/carousel,JavaScript
ytdl-org/youtube-dl,phihag,3794,phihag/chess-tools,PHP
ytdl-org/youtube-dl,phihag,3794,phihag/chessstats,JavaScript
ytdl-org/youtube-dl,phihag,3794,phihag/cli,JavaScript
ytdl-org/youtube-dl,remitamine,1876,remitamine/doctor-office-api,TypeScript
ytdl-org/youtube-dl,remitamine,1876,remitamine/Magisk,Java
ytdl-org/youtube-dl,remitamine,1876,remitamine/mpv,C
ytdl-org/youtube-dl,jaimeMF,1470,jaimeMF/aeson-query,Haskell
ytdl-org/youtube-dl,jaimeMF,1470,jaimeMF/fish-shell,C
ytdl-org/youtube-dl,jaimeMF,1470,jaimeMF/homebrew-core,Ruby
ytdl-org/youtube-dl,jaimeMF,1470,jaimeMF/homebrew-Formulas,Ruby
ytdl-org/youtube-dl,jaimeMF,1470,jaimeMF/jaimemf.github.io,HTML
ytdl-org/youtube-dl,jaimeMF,1470,jaimeMF/libucl,C
ytdl-org/youtube-dl,jaimeMF,1470,jaimeMF/mediawiki-dl,Haskell
ytdl-org/youtube-dl,jaimeMF,1470,jaimeMF/mpv,C
ytdl-org/youtube-dl,yan12125,1388,yan12125/chewing-editor,C++
ytdl-org/youtube-dl,yan12125,1388,yan12125/cycamp_chocolate,PHP
ytdl-org/youtube-dl,yan12125,1388,yan12125/douyu-hack,C
ytdl-org/youtube-dl,yan12125,1388,yan12125/DSnP,C++
ytdl-org/youtube-dl,yan12125,1388,yan12125/firefoxos-alarms,JavaScript
ytdl-org/youtube-dl,yan12125,1388,yan12125/icsx5,Kotlin
ytdl-org/youtube-dl,yan12125,1388,yan12125/libchewing,Rust
ytdl-org/youtube-dl,yan12125,1388,yan12125/Maze-EECamp2013,C#
ytdl-org/youtube-dl,yan12125,1388,yan12125/Phenon,Java
ytdl-org/youtube-dl,yan12125,1388,yan12125/Phenon_server,PHP
ytdl-org/youtube-dl,yan12125,1388,yan12125/pytorch_roialign_nms,Cuda
ytdl-org/youtube-dl,yan12125,1388,yan12125/RSSHub,TypeScript
ytdl-org/youtube-dl,yan12125,1388,yan12125/sendevent,C++
ytdl-org/youtube-dl,dirkf,324,dirkf/downthemall-was-legacy,JavaScript
ytdl-org/youtube-dl,dirkf,324,dirkf/kilo,C
ytdl-org/youtube-dl,dirkf,324,dirkf/live-usb-maker,Shell
ytdl-org/youtube-dl,dirkf,324,dirkf/mx-live-usb-maker,C++
ytdl-org/youtube-dl,dirkf,324,dirkf/palefill,JavaScript
ytdl-org/youtube-dl,dirkf,324,dirkf/stylem,JavaScript
ytdl-org/youtube-dl,dirkf,324,dirkf/xseei,JavaScript
ytdl-org/youtube-dl,rg3,308,rg3/battery_monitor,C
ytdl-org/youtube-dl,rg3,308,rg3/cifras,C++
ytdl-org/youtube-dl,rg3,308,rg3/darts,C++
ytdl-org/youtube-dl,rg3,308,rg3/jdn,C
ytdl-org/youtube-dl,rg3,308,rg3/lddsafe,Shell
ytdl-org/youtube-dl,rg3,308,rg3/libbcrypt,C
ytdl-org/youtube-dl,rg3,308,rg3/multicast_test,C
ytdl-org/youtube-dl,rg3,308,rg3/numlockx,Shell
ytdl-org/youtube-dl,rg3,308,rg3/rg3.github.io,HTML
ytdl-org/youtube-dl,rg3,308,rg3/saircd,C
ytdl-org/youtube-dl,rg3,308,rg3/sudoku,C
ytdl-org/youtube-dl,rg3,308,rg3/vkQuake,C
ytdl-org/youtube-dl,rg3,308,rg3/xassert,C++
ytdl-org/youtube-dl,rg3,308,rg3/yquake2,C
ytdl-org/youtube-dl,FiloSottile,235,FiloSottile/age,Go
ytdl-org/youtube-dl,FiloSottile,235,FiloSottile/age-plugin-tpm,Go
ytdl-org/youtube-dl,FiloSottile,235,FiloSottile/alum,Go
ytdl-org/youtube-dl,FiloSottile,235,FiloSottile/axel,C
ytdl-org/youtube-dl,FiloSottile,235,FiloSottile/b2,Go
ytdl-org/youtube-dl,FiloSottile,235,FiloSottile/benchdiff,Go
ytdl-org/youtube-dl,FiloSottile,235,FiloSottile/BERserk,Go
ytdl-org/youtube-dl,FiloSottile,235,FiloSottile/bigmod,Go
ytdl-org/youtube-dl,FiloSottile,235,FiloSottile/blockchainr,Go
ytdl-org/youtube-dl,FiloSottile,235,FiloSottile/blog.filippo.io,CSS
ytdl-org/youtube-dl,FiloSottile,235,FiloSottile/boringssl,C
ytdl-org/youtube-dl,FiloSottile,235,FiloSottile/camlistore,Go
ytdl-org/youtube-dl,FiloSottile,235,FiloSottile/captive-browser,Go
ytdl-org/youtube-dl,FiloSottile,235,FiloSottile/certificate-transparency,C++
ytdl-org/youtube-dl,FiloSottile,235,FiloSottile/crochet,Shell
ytdl-org/youtube-dl,FiloSottile,235,FiloSottile/crypto-tls-bogo-shim,Go
ytdl-org/youtube-dl,FiloSottile,235,FiloSottile/CVE-2016-2107,Go
ytdl-org/youtube-dl,FiloSottile,235,FiloSottile/dns,Go
ytdl-org/youtube-dl,FiloSottile,235,FiloSottile/dns-dnsop-black-lies,Makefile
ytdl-org/youtube-dl,FiloSottile,235,FiloSottile/ed25519-dalek-rustgo,Go
ytdl-org/youtube-dl,FiloSottile,235,FiloSottile/edwards25519,Go
ytdl-org/youtube-dl,Tithen-Firion,55,Tithen-Firion/chocolatey-packages,PowerShell
ytdl-org/youtube-dl,Tithen-Firion,55,Tithen-Firion/firefox-android-bug-test,HTML
ytdl-org/youtube-dl,Tithen-Firion,55,Tithen-Firion/furk-net-download-helper,JavaScript
ytdl-org/youtube-dl,Tithen-Firion,55,Tithen-Firion/Google-Drive-resumable-upload,JavaScript
ytdl-org/youtube-dl,Tithen-Firion,55,Tithen-Firion/grand-notifier,JavaScript
ytdl-org/youtube-dl,Tithen-Firion,55,Tithen-Firion/imgur-screenshot,Shell
ytdl-org/youtube-dl,Tithen-Firion,55,Tithen-Firion/openload-dl,JavaScript
ytdl-org/youtube-dl,Tithen-Firion,55,Tithen-Firion/STM-UserScript,JavaScript
ytdl-org/youtube-dl,Tithen-Firion,55,Tithen-Firion/Tithen-Firion.github.io,HTML
ytdl-org/youtube-dl,Tithen-Firion,55,Tithen-Firion/UserScripts,JavaScript
ytdl-org/youtube-dl,Tithen-Firion,55,Tithen-Firion/warframe-hub,HTML
yt-dlp/yt-dlp,dstftw,6461,dstftw/beast,C++
yt-dlp/yt-dlp,dstftw,6461,dstftw/coroutine,C++
yt-dlp/yt-dlp,dstftw,6461,dstftw/doxygen,C++
yt-dlp/yt-dlp,dstftw,6461,dstftw/homebrew,Ruby
yt-dlp/yt-dlp,dstftw,6461,dstftw/homebrew-core,Ruby
yt-dlp/yt-dlp,dstftw,6461,dstftw/protobuf,C++
yt-dlp/yt-dlp,dstftw,6461,dstftw/qooxdoo,JavaScript
yt-dlp/yt-dlp,dstftw,6461,dstftw/qosdnotification,C++
yt-dlp/yt-dlp,dstftw,6461,dstftw/qraiden,C++
yt-dlp/yt-dlp,dstftw,6461,dstftw/qtscriptgenerator,C++
yt-dlp/yt-dlp,dstftw,6461,dstftw/travis-lint,Ruby
yt-dlp/yt-dlp,dstftw,6461,dstftw/TwitchLeecher,C#
yt-dlp/yt-dlp,phihag,3794,phihag/6ecken,JavaScript
yt-dlp/yt-dlp,phihag,3794,phihag/ansiweather,Shell
yt-dlp/yt-dlp,phihag,3794,phihag/argunet,JavaScript
yt-dlp/yt-dlp,phihag,3794,phihag/async-rethrow-stacktrace-example,JavaScript
yt-dlp/yt-dlp,phihag,3794,phihag/bbt,JavaScript
yt-dlp/yt-dlp,phihag,3794,phihag/beef,JavaScript
yt-dlp/yt-dlp,phihag,3794,phihag/bg-js,JavaScript
yt-dlp/yt-dlp,phihag,3794,phihag/bmtmgr,PHP
yt-dlp/yt-dlp,phihag,3794,phihag/bts,JavaScript
yt-dlp/yt-dlp,phihag,3794,phihag/build-scripts,Shell
yt-dlp/yt-dlp,phihag,3794,phihag/bup,JavaScript
yt-dlp/yt-dlp,phihag,3794,phihag/caniuse,JavaScript
yt-dlp/yt-dlp,phihag,3794,phihag/carousel,JavaScript
yt-dlp/yt-dlp,phihag,3794,phihag/chess-tools,PHP
yt-dlp/yt-dlp,phihag,3794,phihag/chessstats,JavaScript
yt-dlp/yt-dlp,phihag,3794,phihag/cli,JavaScript
yt-dlp/yt-dlp,pukkandan,1865,pukkandan/discord-test,HTML
yt-dlp/yt-dlp,pukkandan,1865,pukkandan/FFmpeg-Builds,Shell
yt-dlp/yt-dlp,pukkandan,1865,pukkandan/gestures,AutoHotkey
yt-dlp/yt-dlp,pukkandan,1865,pukkandan/homebrew-taps-dev,Ruby
yt-dlp/yt-dlp,pukkandan,1865,pukkandan/Lawnchair,Java
yt-dlp/yt-dlp,pukkandan,1865,pukkandan/My-Startup-Script,AutoHotkey
yt-dlp/yt-dlp,pukkandan,1865,pukkandan/Scoop,PowerShell
yt-dlp/yt-dlp,pukkandan,1865,pukkandan/scoop-search,Zig
yt-dlp/yt-dlp,pukkandan,1865,pukkandan/YDL,AutoHotkey
yt-dlp/yt-dlp,remitamine,1594,remitamine/doctor-office-api,TypeScript
yt-dlp/yt-dlp,remitamine,1594,remitamine/Magisk,Java
yt-dlp/yt-dlp,remitamine,1594,remitamine/mpv,C
yt-dlp/yt-dlp,jaimeMF,1470,jaimeMF/aeson-query,Haskell
yt-dlp/yt-dlp,jaimeMF,1470,jaimeMF/fish-shell,C
yt-dlp/yt-dlp,jaimeMF,1470,jaimeMF/homebrew-core,Ruby
yt-dlp/yt-dlp,jaimeMF,1470,jaimeMF/homebrew-Formulas,Ruby
yt-dlp/yt-dlp,jaimeMF,1470,jaimeMF/jaimemf.github.io,HTML
yt-dlp/yt-dlp,jaimeMF,1470,jaimeMF/libucl,C
yt-dlp/yt-dlp,jaimeMF,1470,jaimeMF/mediawiki-dl,Haskell
yt-dlp/yt-dlp,jaimeMF,1470,jaimeMF/mpv,C
yt-dlp/yt-dlp,yan12125,1388,yan12125/chewing-editor,C++
yt-dlp/yt-dlp,yan12125,1388,yan12125/cycamp_chocolate,PHP
yt-dlp/yt-dlp,yan12125,1388,yan12125/douyu-hack,C
yt-dlp/yt-dlp,yan12125,1388,yan12125/DSnP,C++
yt-dlp/yt-dlp,yan12125,1388,yan12125/firefoxos-alarms,JavaScript
yt-dlp/yt-dlp,yan12125,1388,yan12125/icsx5,Kotlin
yt-dlp/yt-dlp,yan12125,1388,yan12125/libchewing,Rust
yt-dlp/yt-dlp,yan12125,1388,yan12125/Maze-EECamp2013,C#
yt-dlp/yt-dlp,yan12125,1388,yan12125/Phenon,Java
yt-dlp/yt-dlp,yan12125,1388,yan12125/Phenon_server,PHP
yt-dlp/yt-dlp,yan12125,1388,yan12125/pytorch_roialign_nms,Cuda
yt-dlp/yt-dlp,yan12125,1388,yan12125/RSSHub,TypeScript
yt-dlp/yt-dlp,yan12125,1388,yan12125/sendevent,C++
yt-dlp/yt-dlp,bashonly,512,bashonly/curl-impersonate-chrome-git,Shell
yt-dlp/yt-dlp,bashonly,512,bashonly/curl-impersonate-firefox-git,Shell
yt-dlp/yt-dlp,bashonly,512,bashonly/FFmpeg,C
yt-dlp/yt-dlp,bashonly,512,bashonly/ffmpeg-bashonly,Shell
yt-dlp/yt-dlp,bashonly,512,bashonly/untrunc,C++
yt-dlp/yt-dlp,bashonly,512,bashonly/untrunc-anthwlock-cli-ffmpeg3,Shell
yt-dlp/yt-dlp,bashonly,512,bashonly/user.js,JavaScript
yt-dlp/yt-dlp,blackjack4494,325,blackjack4494/blackjack4494.github.io,Ruby
yt-dlp/yt-dlp,blackjack4494,325,blackjack4494/DumpTS,C++
yt-dlp/yt-dlp,blackjack4494,325,blackjack4494/ExoPlayer,Java
yt-dlp/yt-dlp,blackjack4494,325,blackjack4494/jellyfin-android,Java
yt-dlp/yt-dlp,blackjack4494,325,blackjack4494/jellyfin-androidtv,Java
yt-dlp/yt-dlp,blackjack4494,325,blackjack4494/LoLNotes,C#
yt-dlp/yt-dlp,blackjack4494,325,blackjack4494/MS-WinX-ProductKey-Calculator,VBScript
yt-dlp/yt-dlp,blackjack4494,325,blackjack4494/mtr-ext,C
yt-dlp/yt-dlp,blackjack4494,325,blackjack4494/mtr-web,HTML
yt-dlp/yt-dlp,blackjack4494,325,blackjack4494/rocket-league,Java
yt-dlp/yt-dlp,blackjack4494,325,blackjack4494/Snak3d,ASP
yt-dlp/yt-dlp,blackjack4494,325,blackjack4494/TS3AudioBot,C#
yt-dlp/yt-dlp,rg3,308,rg3/battery_monitor,C
yt-dlp/yt-dlp,rg3,308,rg3/cifras,C++
yt-dlp/yt-dlp,rg3,308,rg3/darts,C++
yt-dlp/yt-dlp,rg3,308,rg3/jdn,C
yt-dlp/yt-dlp,rg3,308,rg3/lddsafe,Shell
yt-dlp/yt-dlp,rg3,308,rg3/libbcrypt,C
yt-dlp/yt-dlp,rg3,308,rg3/multicast_test,C
yt-dlp/yt-dlp,rg3,308,rg3/numlockx,Shell
yt-dlp/yt-dlp,rg3,308,rg3/rg3.github.io,HTML
yt-dlp/yt-dlp,rg3,308,rg3/saircd,C
yt-dlp/yt-dlp,rg3,308,rg3/sudoku,C
yt-dlp/yt-dlp,rg3,308,rg3/vkQuake,C
yt-dlp/yt-dlp,rg3,308,rg3/xassert,C++
yt-dlp/yt-dlp,rg3,308,rg3/yquake2,C
yt-dlp/yt-dlp,FiloSottile,235,FiloSottile/age,Go
yt-dlp/yt-dlp,FiloSottile,235,FiloSottile/age-plugin-tpm,Go
yt-dlp/yt-dlp,FiloSottile,235,FiloSottile/alum,Go
yt-dlp/yt-dlp,FiloSottile,235,FiloSottile/axel,C
yt-dlp/yt-dlp,FiloSottile,235,FiloSottile/b2,Go
yt-dlp/yt-dlp,FiloSottile,235,FiloSottile/benchdiff,Go
yt-dlp/yt-dlp,FiloSottile,235,FiloSottile/BERserk,Go
yt-dlp/yt-dlp,FiloSottile,235,FiloSottile/bigmod,Go
yt-dlp/yt-dlp,FiloSottile,235,FiloSottile/blockchainr,Go
yt-dlp/yt-dlp,FiloSottile,235,FiloSottile/blog.filippo.io,CSS
yt-dlp/yt-dlp,FiloSottile,235,FiloSottile/boringssl,C
yt-dlp/yt-dlp,FiloSottile,235,FiloSottile/camlistore,Go
yt-dlp/yt-dlp,FiloSottile,235,FiloSottile/captive-browser,Go
yt-dlp/yt-dlp,FiloSottile,235,FiloSottile/certificate-transparency,C++
yt-dlp/yt-dlp,FiloSottile,235,FiloSottile/crochet,Shell
yt-dlp/yt-dlp,FiloSottile,235,FiloSottile/crypto-tls-bogo-shim,Go
yt-dlp/yt-dlp,FiloSottile,235,FiloSottile/CVE-2016-2107,Go
yt-dlp/yt-dlp,FiloSottile,235,FiloSottile/dns,Go
yt-dlp/yt-dlp,FiloSottile,235,FiloSottile/dns-dnsop-black-lies,Makefile
yt-dlp/yt-dlp,FiloSottile,235,FiloSottile/ed25519-dalek-rustgo,Go
yt-dlp/yt-dlp,FiloSottile,235,FiloSottile/edwards25519,Go
521xueweihan/HelloGitHub,521xueweihan,193,521xueweihan/500lines,JavaScript
521xueweihan/HelloGitHub,521xueweihan,193,521xueweihan/521xueweihan.github.io,HTML
521xueweihan/HelloGitHub,521xueweihan,193,521xueweihan/advertising_law_checker,JavaScript
521xueweihan/HelloGitHub,521xueweihan,193,521xueweihan/Anti-Anti-Spider,HTML
521xueweihan/HelloGitHub,521xueweihan,193,521xueweihan/auto-track-event,JavaScript
521xueweihan/HelloGitHub,521xueweihan,193,521xueweihan/awsm.css,HTML
521xueweihan/HelloGitHub,521xueweihan,193,521xueweihan/bitbar-plugins,Shell
521xueweihan/HelloGitHub,521xueweihan,193,521xueweihan/build-web-application-with-golang,Go
521xueweihan/HelloGitHub,521xueweihan,193,521xueweihan/canal_mysql_nosql_sync,Java
521xueweihan/HelloGitHub,daixiang0,2,daixiang0/ai-gateway,Go
521xueweihan/HelloGitHub,daixiang0,2,daixiang0/apiserver-network-proxy,Go
521xueweihan/HelloGitHub,daixiang0,2,daixiang0/bashbrew,Go
521xueweihan/HelloGitHub,daixiang0,2,daixiang0/beehive,Go
521xueweihan/HelloGitHub,daixiang0,2,daixiang0/charts,Go
521xueweihan/HelloGitHub,daixiang0,2,daixiang0/common-files,Shell
521xueweihan/HelloGitHub,daixiang0,2,daixiang0/community,Go
521xueweihan/HelloGitHub,daixiang0,2,daixiang0/components-contrib,Go
521xueweihan/HelloGitHub,daixiang0,2,daixiang0/cortex,Go
521xueweihan/HelloGitHub,daixiang0,2,daixiang0/daixiang0.github.io,Ruby
521xueweihan/HelloGitHub,daixiang0,2,daixiang0/dapr,Go
521xueweihan/HelloGitHub,daixiang0,2,daixiang0/dapr-cli,Go
521xueweihan/HelloGitHub,daixiang0,2,daixiang0/dapr-go,Go
521xueweihan/HelloGitHub,daixiang0,2,daixiang0/docker-ce-packaging,Makefile
521xueweihan/HelloGitHub,daixiang0,2,daixiang0/edgemesh,Go
521xueweihan/HelloGitHub,daixiang0,2,daixiang0/enhancements,Go
521xueweihan/HelloGitHub,daixiang0,2,daixiang0/envoy,C++
521xueweihan/HelloGitHub,daixiang0,2,daixiang0/examples,Go
521xueweihan/HelloGitHub,daixiang0,2,daixiang0/flannel,Go
521xueweihan/HelloGitHub,daixiang0,2,daixiang0/gateway,Go
521xueweihan/HelloGitHub,daixiang0,2,daixiang0/gci,Go
521xueweihan/HelloGitHub,yaowenqiang,2,yaowenqiang/.emacs.d,Emacs Lisp
521xueweihan/HelloGitHub,yaowenqiang,2,yaowenqiang/500LineorLess_CN,HTML
521xueweihan/HelloGitHub,yaowenqiang,2,yaowenqiang/527,PHP
521xueweihan/HelloGitHub,yaowenqiang,2,yaowenqiang/acng,Go
521xueweihan/HelloGitHub,yaowenqiang,2,yaowenqiang/Adaptive-Images,HTML
521xueweihan/HelloGitHub,yaowenqiang,2,yaowenqiang/adipurdila.github.io,CSS
521xueweihan/HelloGitHub,yaowenqiang,2,yaowenqiang/AdminLTE,HTML
521xueweihan/HelloGitHub,yaowenqiang,2,yaowenqiang/advanced_linux_the_linux_kernel,C
521xueweihan/HelloGitHub,yaowenqiang,2,yaowenqiang/akka_essentials,Scala
521xueweihan/HelloGitHub,yaowenqiang,2,yaowenqiang/AlgoCasts,JavaScript
521xueweihan/HelloGitHub,yaowenqiang,2,yaowenqiang/algorithm-visualizer,JavaScript
521xueweihan/HelloGitHub,ChungZH,2,ChungZH/bucket,PowerShell
521xueweihan/HelloGitHub,ChungZH,2,ChungZH/ChungZH.github.io,HTML
521xueweihan/HelloGitHub,ChungZH,2,ChungZH/cpeditor,C++
521xueweihan/HelloGitHub,ChungZH,2,ChungZH/cpeditor.github.io,HTML
521xueweihan/HelloGitHub,ChungZH,2,ChungZH/cutenp,C++
521xueweihan/HelloGitHub,ChungZH,2,ChungZH/cyber-calculator,C++
521xueweihan/HelloGitHub,ChungZH,2,ChungZH/Data-Science-For-Beginners,Jupyter Notebook
521xueweihan/HelloGitHub,ChungZH,2,ChungZH/docs,JavaScript
521xueweihan/HelloGitHub,ChungZH,2,ChungZH/document,Markdown
521xueweihan/HelloGitHub,ChungZH,2,ChungZH/dorado,PowerShell
521xueweihan/HelloGitHub,ChungZH,2,ChungZH/Easy-Hexo,JavaScript
521xueweihan/HelloGitHub,ChungZH,2,ChungZH/EtherOJ,Vue
521xueweihan/HelloGitHub,ChungZH,2,ChungZH/filemanager,C++
521xueweihan/HelloGitHub,ChungZH,2,ChungZH/fishui,C++
521xueweihan/HelloGitHub,ChungZH,2,ChungZH/haod,CSS
521xueweihan/HelloGitHub,ChungZH,2,ChungZH/HELL-YEAH-ALL-GREEN,PHP
521xueweihan/HelloGitHub,FradSer,1,FradSer/30-days-of-shaders,GLSL
521xueweihan/HelloGitHub,FradSer,1,FradSer/30-days-of-swiftui,Swift
521xueweihan/HelloGitHub,FradSer,1,FradSer/app-monorepo,TypeScript
521xueweihan/HelloGitHub,FradSer,1,FradSer/autohotkey-windows-mac-keyboard,AutoHotkey
521xueweihan/HelloGitHub,FradSer,1,FradSer/automation-omnifocus-3,AppleScript
521xueweihan/HelloGitHub,FradSer,1,FradSer/casper-angelata,CSS
521xueweihan/HelloGitHub,FradSer,1,FradSer/clashx,Swift
521xueweihan/HelloGitHub,FradSer,1,FradSer/create-react-app,JavaScript
521xueweihan/HelloGitHub,FradSer,1,FradSer/create-react-figma-plugin,TypeScript
521xueweihan/HelloGitHub,FradSer,1,FradSer/dotfiles,Shell
521xueweihan/HelloGitHub,FradSer,1,FradSer/dotflies,Shell
521xueweihan/HelloGitHub,FradSer,1,FradSer/EC75Mac,C
521xueweihan/HelloGitHub,FradSer,1,FradSer/eslint-config,JavaScript
521xueweihan/HelloGitHub,FradSer,1,FradSer/figma-frame-resizer,TypeScript
521xueweihan/HelloGitHub,eltociear,1,eltociear/1Panel,Go
521xueweihan/HelloGitHub,liaocp666,1,liaocp666/amireux,Vue
521xueweihan/HelloGitHub,liaocp666,1,liaocp666/Artalk,Go
521xueweihan/HelloGitHub,liaocp666,1,liaocp666/docs,JavaScript
521xueweihan/HelloGitHub,liaocp666,1,liaocp666/form-generator,Vue
521xueweihan/HelloGitHub,liaocp666,1,liaocp666/halo-theme-daisy,FreeMarker
521xueweihan/HelloGitHub,liaocp666,1,liaocp666/hexo-theme-instapaper,SCSS
521xueweihan/HelloGitHub,liaocp666,1,liaocp666/hugo-PaperMod,HTML
521xueweihan/HelloGitHub,liaocp666,1,liaocp666/ImageToWebP,Java
521xueweihan/HelloGitHub,liaocp666,1,liaocp666/Jasmine,PHP
521xueweihan/HelloGitHub,liaocp666,1,liaocp666/java-github-webhook,Java
521xueweihan/HelloGitHub,liaocp666,1,liaocp666/liufeng-blog,Stylus
521xueweihan/HelloGitHub,liaocp666,1,liaocp666/luban-wordpress-theme,PHP
521xueweihan/HelloGitHub,liaocp666,1,liaocp666/note,JavaScript
521xueweihan/HelloGitHub,liaocp666,1,liaocp666/Once,PHP
521xueweihan/HelloGitHub,liaocp666,1,liaocp666/solon,Java
521xueweihan/HelloGitHub,liaocp666,1,liaocp666/TateLiao-TypechoTheme,PHP
521xueweihan/HelloGitHub,liaocp666,1,liaocp666/typecho-theme-amireux,PHP
521xueweihan/HelloGitHub,liaocp666,1,liaocp666/wordpress-theme-puock,PHP
521xueweihan/HelloGitHub,KevinZonda,1,KevinZonda/batchq,Go
521xueweihan/HelloGitHub,KevinZonda,1,KevinZonda/DepressionAnxietyQuiz,C#
521xueweihan/HelloGitHub,KevinZonda,1,KevinZonda/dot,Shell
521xueweihan/HelloGitHub,KevinZonda,1,KevinZonda/file-share,TypeScript
521xueweihan/HelloGitHub,KevinZonda,1,KevinZonda/float32,Go
521xueweihan/HelloGitHub,KevinZonda,1,KevinZonda/GinTemplate,Go
521xueweihan/HelloGitHub,KevinZonda,1,KevinZonda/GinX,Go
521xueweihan/HelloGitHub,KevinZonda,1,KevinZonda/go-jupyter,Go
521xueweihan/HelloGitHub,KevinZonda,1,KevinZonda/GoX,Go
521xueweihan/HelloGitHub,KevinZonda,1,KevinZonda/k-lang,Go
521xueweihan/HelloGitHub,KevinZonda,1,KevinZonda/k-lang-playground,JavaScript
521xueweihan/HelloGitHub,KevinZonda,1,KevinZonda/KevinZonda,C#
521xueweihan/HelloGitHub,KevinZonda,1,KevinZonda/KevinZonda.Extension,C#
521xueweihan/HelloGitHub,KevinZonda,1,KevinZonda/kevinzonda.github.io,HTML
521xueweihan/HelloGitHub,KevinZonda,1,KevinZonda/konv,Go
521xueweihan/HelloGitHub,KevinZonda,1,KevinZonda/lambda-react,TypeScript
521xueweihan/HelloGitHub,KevinZonda,1,KevinZonda/macOS.Agent,C#
521xueweihan/HelloGitHub,KevinZonda,1,KevinZonda/MLBook,Jupyter Notebook
521xueweihan/HelloGitHub,KevinZonda,1,KevinZonda/MyImperial,TypeScript
521xueweihan/HelloGitHub,KevinZonda,1,KevinZonda/open,Shell
521xueweihan/HelloGitHub,KevinZonda,1,KevinZonda/Ops,Shell
521xueweihan/HelloGitHub,RobiNexy,1,RobiNexy/ChatRoom,Java
521xueweihan/HelloGitHub,RobiNexy,1,RobiNexy/electron-ssr,JavaScript
521xueweihan/HelloGitHub,RobiNexy,1,RobiNexy/JD_Sign_Action,JavaScript
521xueweihan/HelloGitHub,RobiNexy,1,RobiNexy/libpku,JavaScript
521xueweihan/HelloGitHub,RobiNexy,1,RobiNexy/SIMPLE_MIPS_CPU,SystemVerilog
521xueweihan/HelloGitHub,RobiNexy,1,RobiNexy/ss-fly,Shell
521xueweihan/HelloGitHub,RobiNexy,1,RobiNexy/SugarMarket,CSS
521xueweihan/HelloGitHub,Nick17t,1,Nick17t/awesome-tech-blogs,JavaScript
521xueweihan/HelloGitHub,Nick17t,1,Nick17t/dify,TypeScript
521xueweihan/HelloGitHub,Nick17t,1,Nick17t/Events,Jupyter Notebook
521xueweihan/HelloGitHub,Nick17t,1,Nick17t/flow-functions,Rust
521xueweihan/HelloGitHub,Nick17t,1,Nick17t/Lanqiao,Java
521xueweihan/HelloGitHub,Nick17t,1,Nick17t/Spring-Tutorial,Java
deepseek-ai/DeepSeek-V3,mowentian,11,mowentian/animatescroll.js,JavaScript
deepseek-ai/DeepSeek-V3,mowentian,11,mowentian/core,Java
deepseek-ai/DeepSeek-V3,mowentian,11,mowentian/ctci,Java
deepseek-ai/DeepSeek-V3,mowentian,11,mowentian/docker,Go
deepseek-ai/DeepSeek-V3,mowentian,11,mowentian/frontframeworkexample,JavaScript
deepseek-ai/DeepSeek-V3,mowentian,11,mowentian/github-trello,Ruby
deepseek-ai/DeepSeek-V3,mowentian,11,mowentian/impress.js,JavaScript
deepseek-ai/DeepSeek-V3,mowentian,11,mowentian/jupyterlab,JavaScript
deepseek-ai/DeepSeek-V3,mowentian,11,mowentian/jupyterlab-go-to-definition,TypeScript
deepseek-ai/DeepSeek-V3,mowentian,11,mowentian/jupyterlab-toc,TypeScript
deepseek-ai/DeepSeek-V3,mowentian,11,mowentian/jupyterlab-variableInspector,TypeScript
deepseek-ai/DeepSeek-V3,mowentian,11,mowentian/Love,JavaScript
deepseek-ai/DeepSeek-V3,mowentian,11,mowentian/NewsBlur,Objective-C
deepseek-ai/DeepSeek-V3,mowentian,11,mowentian/oh-my-zsh,Shell
deepseek-ai/DeepSeek-V3,mowentian,11,mowentian/roo,JavaScript
deepseek-ai/DeepSeek-V3,mowentian,11,mowentian/slua,C#
deepseek-ai/DeepSeek-V3,mowentian,11,mowentian/storm-starter,Java
deepseek-ai/DeepSeek-V3,mowentian,11,mowentian/stringer,Ruby
deepseek-ai/DeepSeek-V3,mowentian,11,mowentian/TensorFlow-Examples,Jupyter Notebook
deepseek-ai/DeepSeek-V3,mowentian,11,mowentian/UnityBehaviorLibrary,C#
deepseek-ai/DeepSeek-V3,mowentian,11,mowentian/verlet-js,JavaScript
deepseek-ai/DeepSeek-V3,mowentian,11,mowentian/vimrc,VimL
deepseek-ai/DeepSeek-V3,GeeeekExplorer,10,GeeeekExplorer/AndrewNg-Deep-Learning,Jupyter Notebook
deepseek-ai/DeepSeek-V3,GeeeekExplorer,10,GeeeekExplorer/AndrewNg-Machine-Learning,MATLAB
deepseek-ai/DeepSeek-V3,GeeeekExplorer,10,GeeeekExplorer/asst1,C++
deepseek-ai/DeepSeek-V3,GeeeekExplorer,10,GeeeekExplorer/CMU-MLSys,Jupyter Notebook
deepseek-ai/DeepSeek-V3,GeeeekExplorer,10,GeeeekExplorer/Docker-QQ-TIM-WeChat,Dockerfile
deepseek-ai/DeepSeek-V3,GeeeekExplorer,10,GeeeekExplorer/GeeeekExplorer.github.io,HTML
deepseek-ai/DeepSeek-V3,GeeeekExplorer,10,GeeeekExplorer/generative-ai-for-beginners,Jupyter Notebook
deepseek-ai/DeepSeek-V3,GeeeekExplorer,10,GeeeekExplorer/GPU-Puzzles,Jupyter Notebook
deepseek-ai/DeepSeek-V3,GeeeekExplorer,10,GeeeekExplorer/MIT-DisSys,Go
deepseek-ai/DeepSeek-V3,GeeeekExplorer,10,GeeeekExplorer/NJU-DisSys,Go
deepseek-ai/DeepSeek-V3,GeeeekExplorer,10,GeeeekExplorer/NJU-Graphics,C++
deepseek-ai/DeepSeek-V3,GeeeekExplorer,10,GeeeekExplorer/NJU-ICS,C
deepseek-ai/DeepSeek-V3,GeeeekExplorer,10,GeeeekExplorer/NJU-Network,C
deepseek-ai/DeepSeek-V3,GeeeekExplorer,10,GeeeekExplorer/NJU-OS,C
deepseek-ai/DeepSeek-V3,GeeeekExplorer,10,GeeeekExplorer/parallel101,C++
deepseek-ai/DeepSeek-V3,GeeeekExplorer,10,GeeeekExplorer/PVZ,C++
deepseek-ai/DeepSeek-V3,enochkan,5,enochkan/Awesome-LLMOps,Shell
deepseek-ai/DeepSeek-V3,enochkan,5,enochkan/bs-dcgan,JavaScript
deepseek-ai/DeepSeek-V3,enochkan,5,enochkan/building-from-scratch,Jupyter Notebook
deepseek-ai/DeepSeek-V3,enochkan,5,enochkan/cpp_ml_ex,C++
deepseek-ai/DeepSeek-V3,enochkan,5,enochkan/CycleGAN,Lua
deepseek-ai/DeepSeek-V3,Konano,4,Konano/Artificial-Intelligence-Connect-Four,C++
deepseek-ai/DeepSeek-V3,Konano,4,Konano/Artificial-Intelligence-Input-Method,C++
deepseek-ai/DeepSeek-V3,Konano,4,Konano/Botzone-Pacman2,C++
deepseek-ai/DeepSeek-V3,Konano,4,Konano/Botzone-Tetris2,C++
deepseek-ai/DeepSeek-V3,Konano,4,Konano/clone-learn-tsinghua,TypeScript
deepseek-ai/DeepSeek-V3,Konano,4,Konano/Computational-Graphics-Quadric-Error-Metrics,C++
deepseek-ai/DeepSeek-V3,Konano,4,Konano/Computational-Graphics-Rasterization,C++
deepseek-ai/DeepSeek-V3,Konano,4,Konano/Computational-Graphics-Realistic-Image-Rendering,C
deepseek-ai/DeepSeek-V3,Konano,4,Konano/database-special-topic-training-hw,TSQL
deepseek-ai/DeepSeek-V3,zhyncs,4,zhyncs/flux,C++
deepseek-ai/DeepSeek-V3,zhyncs,4,zhyncs/hnbot,Shell
deepseek-ai/DeepSeek-V3,zhyncs,4,zhyncs/ht,C++
deepseek-ai/DeepSeek-V3,zhyncs,4,zhyncs/lmdeploy-build,PowerShell
deepseek-ai/DeepSeek-V3,zhyncs,4,zhyncs/python_backend,C++
deepseek-ai/DeepSeek-V3,zhyncs,4,zhyncs/zhyncs.github.io,HTML
deepseek-ai/DeepSeek-V3,Dhie-boop,2,Dhie-boop/Alumni,HTML
deepseek-ai/DeepSeek-V3,Dhie-boop,2,Dhie-boop/Another-Web,HTML
deepseek-ai/DeepSeek-V3,Dhie-boop,2,Dhie-boop/Dhieu,HTML
deepseek-ai/DeepSeek-V3,Dhie-boop,2,Dhie-boop/Dhieu-Portfolio,JavaScript
deepseek-ai/DeepSeek-V3,Dhie-boop,2,Dhie-boop/dhieu.html,CSS
deepseek-ai/DeepSeek-V3,Dhie-boop,2,Dhie-boop/E-Food,HTML
deepseek-ai/DeepSeek-V3,Dhie-boop,2,Dhie-boop/Full-Website-2,HTML
deepseek-ai/DeepSeek-V3,Dhie-boop,2,Dhie-boop/Garbage-collection-website-Django,CSS
deepseek-ai/DeepSeek-V3,Dhie-boop,2,Dhie-boop/Going,HTML
deepseek-ai/DeepSeek-V3,Dhie-boop,2,Dhie-boop/index.html,HTML
deepseek-ai/DeepSeek-V3,Dhie-boop,2,Dhie-boop/Last-time,HTML
deepseek-ai/DeepSeek-V3,simon-mo,2,simon-mo/arrow,C++
deepseek-ai/DeepSeek-V3,simon-mo,2,simon-mo/attn-attn,Jupyter Notebook
deepseek-ai/DeepSeek-V3,simon-mo,2,simon-mo/bebot-demo,HTML
deepseek-ai/DeepSeek-V3,simon-mo,2,simon-mo/better-gh-inbox,TypeScript
deepseek-ai/DeepSeek-V3,simon-mo,2,simon-mo/blog,TypeScript
deepseek-ai/DeepSeek-V3,simon-mo,2,simon-mo/booklist_app,HTML
deepseek-ai/DeepSeek-V3,simon-mo,2,simon-mo/calcentral,Ruby
deepseek-ai/DeepSeek-V3,simon-mo,2,simon-mo/clipper,C++
deepseek-ai/DeepSeek-V3,simon-mo,2,simon-mo/clipper-website,CSS
deepseek-ai/DeepSeek-V3,simon-mo,2,simon-mo/clipper_api_gen,HTML
deepseek-ai/DeepSeek-V3,simon-mo,2,simon-mo/conex,Rust
deepseek-ai/DeepSeek-V3,simon-mo,2,simon-mo/cs294-ai-sys-fa19,HTML
deepseek-ai/DeepSeek-V3,simon-mo,2,simon-mo/cs294-ai-sys-sp19,HTML
deepseek-ai/DeepSeek-V3,simon-mo,2,simon-mo/cutlass,C++
deepseek-ai/DeepSeek-V3,stack-heap-overflow,2,stack-heap-overflow/RayTracingProject,C
deepseek-ai/DeepSeek-V3,stack-heap-overflow,2,stack-heap-overflow/REKCARC-TSC-UHT,C++
deepseek-ai/DeepSeek-V3,stack-heap-overflow,2,stack-heap-overflow/SurfaceSimplification,C++
deepseek-ai/DeepSeek-V3,stack-heap-overflow,2,stack-heap-overflow/WebCrawler,C++
deepseek-ai/DeepSeek-V3,WSL0809,1,WSL0809/AlgorithmNote,Java
deepseek-ai/DeepSeek-V3,WSL0809,1,WSL0809/cases_results,Rust
deepseek-ai/DeepSeek-V3,WSL0809,1,WSL0809/composing-programs-zh,JavaScript
deepseek-ai/DeepSeek-V3,WSL0809,1,WSL0809/hello-algo,Java
deepseek-ai/DeepSeek-V3,WSL0809,1,WSL0809/hot_movie,HTML
deepseek-ai/DeepSeek-V3,WSL0809,1,WSL0809/Implement_the_basic_data_structure_with_Rust,Rust
deepseek-ai/DeepSeek-V3,WSL0809,1,WSL0809/learn_golang_by_mall,Go
deepseek-ai/DeepSeek-V3,WSL0809,1,WSL0809/leetcode-Java-150,Java
deepseek-ai/DeepSeek-V3,WSL0809,1,WSL0809/LexVectorSearch,HTML
deepseek-ai/DeepSeek-V3,WSL0809,1,WSL0809/lobe-chat,TypeScript
deepseek-ai/DeepSeek-V3,WSL0809,1,WSL0809/myoss,Rust
deepseek-ai/DeepSeek-V3,WSL0809,1,WSL0809/my_actix,Rust
nvbn/thefuck,nvbn,930,nvbn/AnnoyMe,TypeScript
nvbn/thefuck,nvbn,930,nvbn/ArSnake,JavaScript
nvbn/thefuck,nvbn,930,nvbn/bocko-android,Clojure
nvbn/thefuck,nvbn,930,nvbn/bocko-android-clj,Clojure
nvbn/thefuck,nvbn,930,nvbn/castable_kisscartoon,JavaScript
nvbn/thefuck,nvbn,930,nvbn/clj-di,Clojure
nvbn/thefuck,nvbn,930,nvbn/cljs-test-example,Clojure
nvbn/thefuck,nvbn,930,nvbn/curfew-alarm,TypeScript
nvbn/thefuck,nvbn,930,nvbn/czgramma,JavaScript
nvbn/thefuck,nvbn,930,nvbn/deno_website2,TypeScript
nvbn/thefuck,scorphus,140,scorphus/advent-of-code-2015,Ruby
nvbn/thefuck,scorphus,140,scorphus/advent-of-code-2017,Clojure
nvbn/thefuck,scorphus,140,scorphus/advent-of-code-2018,Rust
nvbn/thefuck,scorphus,140,scorphus/advent-of-code-2019,Elixir
nvbn/thefuck,scorphus,140,scorphus/advent-of-code-2021,Zig
nvbn/thefuck,scorphus,140,scorphus/advent-of-code-2022,Racket
nvbn/thefuck,scorphus,140,scorphus/advent-of-code-2024,Gleam
nvbn/thefuck,scorphus,140,scorphus/alpine-python,Dockerfile
nvbn/thefuck,scorphus,140,scorphus/ansible-go,Shell
nvbn/thefuck,scorphus,140,scorphus/aoc_rb,Ruby
nvbn/thefuck,scorphus,140,scorphus/awesome-go,Go
nvbn/thefuck,scorphus,140,scorphus/backstage,Go
nvbn/thefuck,scorphus,140,scorphus/bat,Rust
nvbn/thefuck,scorphus,140,scorphus/bookbinder,Ruby
nvbn/thefuck,scorphus,140,scorphus/canjs,JavaScript
nvbn/thefuck,scorphus,140,scorphus/chroma,Go
nvbn/thefuck,mcarton,125,mcarton/apply_attr,Rust
nvbn/thefuck,mcarton,125,mcarton/askama,Rust
nvbn/thefuck,mcarton,125,mcarton/cargo,Rust
nvbn/thefuck,mcarton,125,mcarton/cargo-fuzz,Rust
nvbn/thefuck,mcarton,125,mcarton/cargo-graph,Rust
nvbn/thefuck,mcarton,125,mcarton/cargo_metadata,Rust
nvbn/thefuck,mcarton,125,mcarton/cmus,C
nvbn/thefuck,mcarton,125,mcarton/compiletest-rs,Rust
nvbn/thefuck,mcarton,125,mcarton/CRAPS-Kernel,Java
nvbn/thefuck,mcarton,125,mcarton/cxx-python-like-property,C++
nvbn/thefuck,mcarton,125,mcarton/dotfiles,Lua
nvbn/thefuck,mcarton,125,mcarton/Hashcode-test-round,C++
nvbn/thefuck,mcarton,125,mcarton/jsontoyaml.com,HTML
nvbn/thefuck,mcarton,125,mcarton/ketos,Rust
nvbn/thefuck,mcarton,125,mcarton/la-rache.com,HTML
nvbn/thefuck,mcarton,125,mcarton/libjsonxx,C++
nvbn/thefuck,mcarton,125,mcarton/mio,Rust
nvbn/thefuck,mcarton,125,mcarton/moc-compiler,Java
nvbn/thefuck,mcarton,125,mcarton/mockers,Rust
nvbn/thefuck,mcarton,125,mcarton/munin,Perl
nvbn/thefuck,mcarton,125,mcarton/pulldown-cmark,Rust
nvbn/thefuck,josephfrazier,88,josephfrazier/abnf-ast,JavaScript
nvbn/thefuck,josephfrazier,88,josephfrazier/administrate,Ruby
nvbn/thefuck,josephfrazier,88,josephfrazier/alley-cheetah,JavaScript
nvbn/thefuck,josephfrazier,88,josephfrazier/alley-cheetah-site,JavaScript
nvbn/thefuck,josephfrazier,88,josephfrazier/alley-cheetah-site-react,JavaScript
nvbn/thefuck,josephfrazier,88,josephfrazier/as-promised,JavaScript
nvbn/thefuck,josephfrazier,88,josephfrazier/astexplorer,JavaScript
nvbn/thefuck,josephfrazier,88,josephfrazier/babel,JavaScript
nvbn/thefuck,josephfrazier,88,josephfrazier/babel-plugin-hello-world,JavaScript
nvbn/thefuck,josephfrazier,88,josephfrazier/babel-plugin-transform-string-raw,JavaScript
nvbn/thefuck,josephfrazier,88,josephfrazier/babel-plugin-transform-xregexp,JavaScript
nvbn/thefuck,josephfrazier,88,josephfrazier/babili,JavaScript
nvbn/thefuck,josephfrazier,88,josephfrazier/babylon,JavaScript
nvbn/thefuck,josephfrazier,88,josephfrazier/basicbot,Ruby
nvbn/thefuck,josephfrazier,88,josephfrazier/blob-util,JavaScript
nvbn/thefuck,josephfrazier,88,josephfrazier/Brain,C++
nvbn/thefuck,josephfrazier,88,josephfrazier/BrainGrapher,Processing
nvbn/thefuck,josephfrazier,88,josephfrazier/browser-extension,JavaScript
nvbn/thefuck,josephfrazier,88,josephfrazier/chrome-launch,JavaScript
nvbn/thefuck,josephfrazier,88,josephfrazier/claudia-bot-builder,JavaScript
nvbn/thefuck,josephfrazier,88,josephfrazier/clockwork,Ruby
nvbn/thefuck,josephfrazier,88,josephfrazier/common-tags,JavaScript
nvbn/thefuck,josephfrazier,88,josephfrazier/config-attendant,JavaScript
nvbn/thefuck,josephfrazier,88,josephfrazier/corndogonhorndog.com,JavaScript
nvbn/thefuck,mlk,14,mlk/aoc,Java
nvbn/thefuck,mlk,14,mlk/AssortmentOfJUnitRules,Java
nvbn/thefuck,mlk,14,mlk/blaze-extreme-container-manager,Lua
nvbn/thefuck,mlk,14,mlk/cv,HTML
nvbn/thefuck,mlk,14,mlk/docker-junit-rule,Java
nvbn/thefuck,mlk,14,mlk/doppio,TypeScript
nvbn/thefuck,mlk,14,mlk/dropwizard-guice,Java
nvbn/thefuck,mlk,14,mlk/dropwizard-guice-example,Java
nvbn/thefuck,mlk,14,mlk/ExData_Plotting1,R
nvbn/thefuck,mlk,14,mlk/factorio-init,Shell
nvbn/thefuck,mlk,14,mlk/feign-guice,Java
nvbn/thefuck,mlk,14,mlk/github-tools,Shell
nvbn/thefuck,mlk,14,mlk/hub,Go
nvbn/thefuck,mlk,14,mlk/hub_tools,Shell
nvbn/thefuck,mlk,14,mlk/ihaztehcodez,Java
nvbn/thefuck,mlk,14,mlk/InstanceLock,Java
nvbn/thefuck,mlk,14,mlk/iwritecode,HTML
nvbn/thefuck,mlk,14,mlk/jdbi-guice,Java
nvbn/thefuck,mlk,14,mlk/jwks-x5c-to-pem,Shell
nvbn/thefuck,mlk,14,mlk/Listener,Go
nvbn/thefuck,mlk,14,mlk/little-one-test,Java
nvbn/thefuck,mlk,14,mlk/magic-procedures,Java
nvbn/thefuck,mlk,14,mlk/magical-provider-guice,Java
nvbn/thefuck,mlk,14,mlk/miniature-queue,Java
nvbn/thefuck,SanketDG,14,SanketDG/10xer,Go
nvbn/thefuck,SanketDG,14,SanketDG/algorithms,C
nvbn/thefuck,SanketDG,14,SanketDG/BatteryStatus,Java
nvbn/thefuck,SanketDG,14,SanketDG/bithacks,Shell
nvbn/thefuck,SanketDG,14,SanketDG/blog,JavaScript
nvbn/thefuck,SanketDG,14,SanketDG/c-projects,C
nvbn/thefuck,SanketDG,14,SanketDG/db_c,C
nvbn/thefuck,SanketDG,14,SanketDG/dots,Shell
nvbn/thefuck,SanketDG,14,SanketDG/express-cloud-run-template,Dockerfile
nvbn/thefuck,SanketDG,14,SanketDG/extenstart,JavaScript
nvbn/thefuck,SanketDG,14,SanketDG/github-release-test,Dockerfile
nvbn/thefuck,SanketDG,14,SanketDG/hackerrank_solutions,Java
nvbn/thefuck,SanketDG,14,SanketDG/Hangman,Java
nvbn/thefuck,SanketDG,14,SanketDG/i3lock-scripts,Shell
nvbn/thefuck,SanketDG,14,SanketDG/khol,C
nvbn/thefuck,SanketDG,14,SanketDG/learn-graphs,JavaScript
nvbn/thefuck,SanketDG,14,SanketDG/libcomplex,C
nvbn/thefuck,SanketDG,14,SanketDG/php-auth,PHP
nvbn/thefuck,SanketDG,14,SanketDG/php-blog,PHP
nvbn/thefuck,djh82,11,djh82/da.vidh.art,SCSS
nvbn/thefuck,Epse,11,Epse/aoc2024,Rust
nvbn/thefuck,Epse,11,Epse/belux-plugin,C++
nvbn/thefuck,Epse,11,Epse/betty,TypeScript
nvbn/thefuck,Epse,11,Epse/BiPaPopUp,CSS
nvbn/thefuck,Epse,11,Epse/bitwarden-dmenu,JavaScript
nvbn/thefuck,Epse,11,Epse/defijnkost,JavaScript
nvbn/thefuck,Epse,11,Epse/endtechwebsite,CSS
nvbn/thefuck,Epse,11,Epse/EpConfFiles,Vim script
nvbn/thefuck,Epse,11,Epse/EpPos,JavaScript
nvbn/thefuck,Epse,11,Epse/Epse.github.io,SCSS
nvbn/thefuck,Epse,11,Epse/gal,Go
nvbn/thefuck,Epse,11,Epse/GalabalQR,PHP
nvbn/thefuck,Epse,11,Epse/Generic-Mod,Java
nvbn/thefuck,Epse,11,Epse/gopro-linux,Shell
nvbn/thefuck,Epse,11,Epse/html2opendocument,PHP
nvbn/thefuck,Epse,11,Epse/IgentDashboard,PHP
nvbn/thefuck,Epse,11,Epse/kazoupics,JavaScript
nvbn/thefuck,Epse,11,Epse/keepmood,Dart
nvbn/thefuck,Epse,11,Epse/Laravel-lang,PHP
nvbn/thefuck,Epse,11,Epse/Leman,Go
nvbn/thefuck,Epse,11,Epse/letsmodreboot,Java
nvbn/thefuck,Epse,11,Epse/libscenario,Rust
nvbn/thefuck,dvjn,10,dvjn/AbacusClasses,PHP
nvbn/thefuck,dvjn,10,dvjn/anu-js,TypeScript
nvbn/thefuck,dvjn,10,dvjn/bevy_ball_game,Rust
nvbn/thefuck,dvjn,10,dvjn/CalcuPi,Rust
nvbn/thefuck,dvjn,10,dvjn/chip8-emulator,Rust
nvbn/thefuck,dvjn,10,dvjn/CovidStats,JavaScript
nvbn/thefuck,dvjn,10,dvjn/DigitGuesser,Jupyter Notebook
nvbn/thefuck,dvjn,10,dvjn/dotfiles,Vim script
nvbn/thefuck,dvjn,10,dvjn/dvjn.dev,Astro
nvbn/thefuck,dvjn,10,dvjn/dvOS,Rust
nvbn/thefuck,dvjn,10,dvjn/dv_coreutils,Rust
nvbn/thefuck,dvjn,10,dvjn/ExercismRust,Rust
nvbn/thefuck,dvjn,10,dvjn/flask-react-docker-boilerplate,JavaScript
nvbn/thefuck,dvjn,10,dvjn/FlaskReactHerokuTemplate,JavaScript
nvbn/thefuck,MattKotsenas,8,MattKotsenas/Alun.Autofac.Validation,C#
nvbn/thefuck,MattKotsenas,8,MattKotsenas/AutoRss,C#
nvbn/thefuck,MattKotsenas,8,MattKotsenas/azure-storage-azcopy,Go
nvbn/thefuck,MattKotsenas,8,MattKotsenas/BlobMount,C#
nvbn/thefuck,MattKotsenas,8,MattKotsenas/COMClassLoader,C#
nvbn/thefuck,MattKotsenas,8,MattKotsenas/dotfiles,PowerShell
nvbn/thefuck,MattKotsenas,8,MattKotsenas/GetPackFromProject,C#
nvbn/thefuck,MattKotsenas,8,MattKotsenas/jsImageDiff,JavaScript
nvbn/thefuck,MattKotsenas,8,MattKotsenas/Lagan,C#
nvbn/thefuck,MattKotsenas,8,MattKotsenas/MassTransit.Extras.MessageData.DocumentDb,C#
nvbn/thefuck,MattKotsenas,8,MattKotsenas/MattKotsenas,CSS
nvbn/thefuck,MattKotsenas,8,MattKotsenas/microsoft-identity-web,C#
nvbn/thefuck,MattKotsenas,8,MattKotsenas/Microsoft.Qwiq,C#
nvbn/thefuck,MattKotsenas,8,MattKotsenas/moq.analyzers,C#
nvbn/thefuck,MattKotsenas,8,MattKotsenas/MSBuildProjectCreator,C#
nvbn/thefuck,MattKotsenas,8,MattKotsenas/MSBuildSdks,C#
nvbn/thefuck,MattKotsenas,8,MattKotsenas/Nerdbank.GitVersioning,C#
nvbn/thefuck,MattKotsenas,8,MattKotsenas/optipng-dotnet-tool,C#
nvbn/thefuck,MattKotsenas,8,MattKotsenas/PoshThemes,PowerShell
pytorch/pytorch,ezyang,3280,ezyang/2048-lens,Haskell
pytorch/pytorch,ezyang,3280,ezyang/ai-blindspots,HTML
pytorch/pytorch,ezyang,3280,ezyang/alex,Haskell
pytorch/pytorch,ezyang,3280,ezyang/ATen,Cuda
pytorch/pytorch,ezyang,3280,ezyang/automation,Shell
pytorch/pytorch,ezyang,3280,ezyang/bake,Haskell
pytorch/pytorch,ezyang,3280,ezyang/barnowl,C
pytorch/pytorch,ezyang,3280,ezyang/binary,Haskell
pytorch/pytorch,ezyang,3280,ezyang/book,TeX
pytorch/pytorch,ezyang,3280,ezyang/breaking-barriers,TeX
pytorch/pytorch,ezyang,3280,ezyang/builder,Shell
pytorch/pytorch,ezyang,3280,ezyang/bytestring,Haskell
pytorch/pytorch,ezyang,3280,ezyang/cabal,Haskell
pytorch/pytorch,ezyang,3280,ezyang/cabal-release,Shell
pytorch/pytorch,ezyang,3280,ezyang/cachegrind-labs,C++
pytorch/pytorch,ezyang,3280,ezyang/caffe2,Jupyter Notebook
pytorch/pytorch,ezyang,3280,ezyang/caffe2-trimmed,C++
pytorch/pytorch,malfet,2394,malfet/builder,Shell
pytorch/pytorch,malfet,2394,malfet/checkout,TypeScript
pytorch/pytorch,malfet,2394,malfet/cudasnippets,Cuda
pytorch/pytorch,malfet,2394,malfet/deleteme,Objective-C++
pytorch/pytorch,malfet,2394,malfet/FBGEMM,C++
pytorch/pytorch,malfet,2394,malfet/GameOfLife-gtc2015,C++
pytorch/pytorch,malfet,2394,malfet/lief-feedstock,Batchfile
pytorch/pytorch,malfet,2394,malfet/llm_experiments,Metal
pytorch/pytorch,malfet,2394,malfet/malfet.github.io,HTML
pytorch/pytorch,malfet,2394,malfet/Mandelbrot,C++
pytorch/pytorch,malfet,2394,malfet/Metal-Vim-Syntax-Highlighting,Vim Script
pytorch/pytorch,zou3519,1743,zou3519/acquire,Scala
pytorch/pytorch,zou3519,1743,zou3519/blackjack-ruby,Ruby
pytorch/pytorch,zou3519,1743,zou3519/builder,Shell
pytorch/pytorch,zou3519,1743,zou3519/cascading_ext,Java
pytorch/pytorch,zou3519,1743,zou3519/commons,Java
pytorch/pytorch,zou3519,1743,zou3519/connectfour-neuralnet,Java
pytorch/pytorch,zou3519,1743,zou3519/connectfourai,Java
pytorch/pytorch,zou3519,1743,zou3519/coup,Scala
pytorch/pytorch,zou3519,1743,zou3519/cs181-practical3,Julia
pytorch/pytorch,zou3519,1743,zou3519/Deep-Learning,Jupyter Notebook
pytorch/pytorch,zou3519,1743,zou3519/dotfiles,Shell
pytorch/pytorch,zou3519,1743,zou3519/git,C
pytorch/pytorch,zou3519,1743,zou3519/hank,Java
pytorch/pytorch,zou3519,1743,zou3519/jack,Java
pytorch/pytorch,zou3519,1743,zou3519/megadesk,Java
pytorch/pytorch,jerryzh168,1216,jerryzh168/15688-proj,Jupyter Notebook
pytorch/pytorch,jerryzh168,1216,jerryzh168/caffe2,Jupyter Notebook
pytorch/pytorch,jerryzh168,1216,jerryzh168/coco,Jupyter Notebook
pytorch/pytorch,jerryzh168,1216,jerryzh168/ComputeLibrary,C++
pytorch/pytorch,jerryzh168,1216,jerryzh168/emacs.d,Emacs Lisp
pytorch/pytorch,jerryzh168,1216,jerryzh168/hackerrank,Haskell
pytorch/pytorch,jerryzh168,1216,jerryzh168/synchrobench,Java
pytorch/pytorch,soumith,1151,soumith/AICamera,C++
pytorch/pytorch,soumith,1151,soumith/aledataset,Lua
pytorch/pytorch,soumith,1151,soumith/Arcade-Learning-Environment,C++
pytorch/pytorch,soumith,1151,soumith/async,C
pytorch/pytorch,soumith,1151,soumith/badmm.torch,Cuda
pytorch/pytorch,soumith,1151,soumith/blocksparse,Cuda
pytorch/pytorch,soumith,1151,soumith/calculus.torch,Lua
pytorch/pytorch,soumith,1151,soumith/cifar.torch,Lua
pytorch/pytorch,soumith,1151,soumith/cifar.torch-1,Lua
pytorch/pytorch,soumith,1151,soumith/cuda-convnet2.torch,Cuda
pytorch/pytorch,soumith,1151,soumith/cudnn.torch,Lua
pytorch/pytorch,soumith,1151,soumith/cunnCUDA,Cuda
pytorch/pytorch,soumith,1151,soumith/cunnsparse,Lua
pytorch/pytorch,soumith,1151,soumith/cunnx,Cuda
pytorch/pytorch,soumith,1151,soumith/cutorch,Cuda
pytorch/pytorch,soumith,1151,soumith/cvpr2015,Jupyter Notebook
pytorch/pytorch,soumith,1151,soumith/czmq,C
pytorch/pytorch,soumith,1151,soumith/dcgan.torch,Lua
pytorch/pytorch,soumith,1151,soumith/DeepLearningFrameworks,Jupyter Notebook
pytorch/pytorch,soumith,1151,soumith/deepmind-atari,Lua
pytorch/pytorch,soumith,1151,soumith/deep_gitstats,Jupyter Notebook
pytorch/pytorch,gchanan,1084,gchanan/ATen,C
pytorch/pytorch,gchanan,1084,gchanan/cudnn.torch,Lua
pytorch/pytorch,gchanan,1084,gchanan/cunn,Cuda
pytorch/pytorch,gchanan,1084,gchanan/cutorch,Cuda
pytorch/pytorch,gchanan,1084,gchanan/fb.resnet.torch,Lua
pytorch/pytorch,gchanan,1084,gchanan/gloo,C++
pytorch/pytorch,gchanan,1084,gchanan/image,C
pytorch/pytorch,gchanan,1084,gchanan/nccl.torch,Lua
pytorch/pytorch,gchanan,1084,gchanan/nn,Lua
pytorch/pytorch,gchanan,1084,gchanan/paths,C
pytorch/pytorch,gchanan,1084,gchanan/pytorch,C++
pytorch/pytorch,gchanan,1084,gchanan/TemporalConvolutionTBC,Cuda
pytorch/pytorch,gchanan,1084,gchanan/threads,Lua
pytorch/pytorch,gchanan,1084,gchanan/torch7,C
pytorch/pytorch,gchanan,1084,gchanan/TorchMPI,C++
pytorch/pytorch,gchanan,1084,gchanan/TPRNN,Lua
pytorch/pytorch,peterbell10,890,peterbell10/Core,Lua
pytorch/pytorch,peterbell10,890,peterbell10/cuberite,C++
pytorch/pytorch,peterbell10,890,peterbell10/docker-build-image,Dockerfile
pytorch/pytorch,peterbell10,890,peterbell10/ducc,C++
pytorch/pytorch,peterbell10,890,peterbell10/fmt,C++
pytorch/pytorch,peterbell10,890,peterbell10/hyperthreading,C++
pytorch/pytorch,peterbell10,890,peterbell10/jsoncpp,C++
pytorch/pytorch,peterbell10,890,peterbell10/matplotlib-cpp,C++
pytorch/pytorch,peterbell10,890,peterbell10/numpy,C
pytorch/pytorch,peterbell10,890,peterbell10/pytorch,C++
pytorch/pytorch,peterbell10,890,peterbell10/pytorch-build-scripts,Shell
pytorch/pytorch,apaszke,886,apaszke/apaszke.github.io,HTML
pytorch/pytorch,apaszke,886,apaszke/ariel,JavaScript
pytorch/pytorch,apaszke,886,apaszke/ATen,C
pytorch/pytorch,apaszke,886,apaszke/bst,C++
pytorch/pytorch,apaszke,886,apaszke/console-timestamp,JavaScript
pytorch/pytorch,apaszke,886,apaszke/cudnn.torch,Lua
pytorch/pytorch,apaszke,886,apaszke/cunn,Cuda
pytorch/pytorch,apaszke,886,apaszke/cutorch,Cuda
pytorch/pytorch,apaszke,886,apaszke/dex-lang,Haskell
pytorch/pytorch,apaszke,886,apaszke/distro,Shell
pytorch/pytorch,apaszke,886,apaszke/dotfiles,Vim script
pytorch/pytorch,apaszke,886,apaszke/emscripten,C
pytorch/pytorch,apaszke,886,apaszke/ffi-experimental,Haskell
pytorch/pytorch,apaszke,886,apaszke/gloo,C++
pytorch/pytorch,apaszke,886,apaszke/HabitUI,CSS
pytorch/pytorch,apaszke,886,apaszke/hashcode,C++
pytorch/pytorch,apaszke,886,apaszke/imagenet-multiGPU.torch,Lua
pytorch/pytorch,apaszke,886,apaszke/interactive,JavaScript
pytorch/pytorch,apaszke,886,apaszke/kaggle-denoising-documents,Lua
pytorch/pytorch,apaszke,886,apaszke/kaggle-grasp-and-lift,Lua
pytorch/pytorch,apaszke,886,apaszke/libui,C
pytorch/pytorch,apaszke,886,apaszke/llvm-hs-linking-issues,Haskell
pytorch/pytorch,cyyever,833,cyyever/ale,Vim Script
pytorch/pytorch,cyyever,833,cyyever/algorithm,C++
pytorch/pytorch,cyyever,833,cyyever/bibclean,C
pytorch/pytorch,cyyever,833,cyyever/cmake,CMake
pytorch/pytorch,cyyever,833,cyyever/codeforces,C++
pytorch/pytorch,cyyever,833,cyyever/CodeXGLUE,C#
pytorch/pytorch,cyyever,833,cyyever/compiler,C++
pytorch/pytorch,cyyever,833,cyyever/computation,C++
pytorch/pytorch,cyyever,833,cyyever/coursera,Matlab
pytorch/pytorch,cyyever,833,cyyever/cpuinfo,C
pytorch/pytorch,cyyever,833,cyyever/cuda_buddy,C++
pytorch/pytorch,cyyever,833,cyyever/cutlass,C++
django/django,timgraham,3480,timgraham/bcrypt,C
django/django,timgraham,3480,timgraham/django-markdownx,CSS
django/django,malcolmt,1872,malcolmt/chess-tools,Haskell
django/django,malcolmt,1872,malcolmt/highlight.js,JavaScript
django/django,freakboy3742,1741,freakboy3742/batavia,JavaScript
django/django,freakboy3742,1741,freakboy3742/beeware.github.io,JavaScript
django/django,freakboy3742,1741,freakboy3742/ci-test,Shell
django/django,freakboy3742,1741,freakboy3742/djangoproject.com,JavaScript
django/django,freakboy3742,1741,freakboy3742/freakboy3742.github.io,HTML
django/django,freakboy3742,1741,freakboy3742/libffi,C
django/django,claudep,1720,claudep/django-summernote,JavaScript
django/django,felixxm,1612,felixxm/2023.djangocon.africa,HTML
django/django,felixxm,1612,felixxm/Chart.js,JavaScript
django/django,felixxm,1612,felixxm/ciso8601,C
django/django,felixxm,1612,felixxm/django-htmx,JavaScript
django/django,aaugustin,1399,aaugustin/myks-thumbor,Dockerfile
django/django,aaugustin,1399,aaugustin/react-dynforms,JavaScript
django/django,jezdez,895,jezdez/caniusepython3.com,JavaScript
django/django,jezdez,895,jezdez/conda-feedstock,Batchfile
django/django,jezdez,895,jezdez/django-coordinatesfield,HTML
django/django,jezdez,895,jezdez/django-de,JavaScript
django/django,jacobian,893,jacobian/advent2018-rust,Rust
django/django,jacobian,893,jacobian/cloud-builder-copy-env,Shell
django/django,jacobian,893,jacobian/datasette,JavaScript
django/django,jacobian,893,jacobian/django-travellog,CSS
django/django,jacobian,893,jacobian/djangobirthday,HTML
django/django,jacobian,893,jacobian/djobs,JavaScript
django/django,jacobian,893,jacobian/dotfiles,Shell
django/django,charettes,716,charettes/bootstrap,CSS
django/django,charettes,716,charettes/bootstrap-datetimepicker,JavaScript
django/django,charettes,716,charettes/bootstrap-table,JavaScript
django/django,charettes,716,charettes/django-contrib-comments,Gettext Catalog
fastapi/fastapi,tiangolo,1691,tiangolo/anaconda_cluster_install,Shell
fastapi/fastapi,tiangolo,1691,tiangolo/ansible-babun-bootstrap,Shell
fastapi/fastapi,tiangolo,1691,tiangolo/babun-docker,Shell
fastapi/fastapi,tiangolo,1691,tiangolo/docker-registry-proxy,Shell
fastapi/fastapi,tiangolo,1691,tiangolo/docker-with-compose,Shell
fastapi/fastapi,tiangolo,1691,tiangolo/flask-frontend-docker,Vue
fastapi/fastapi,tiangolo,1691,tiangolo/fullstackpython.com,HTML
fastapi/fastapi,nilslindemann,131,nilslindemann/analyse-tool,TypeScript
fastapi/fastapi,nilslindemann,131,nilslindemann/Chess_Opening_Tactics_Frequency,Batchfile
fastapi/fastapi,nilslindemann,131,nilslindemann/Learn_Square_Names,JavaScript
fastapi/fastapi,nilslindemann,131,nilslindemann/mint-api-examples,Mint
fastapi/fastapi,nilslindemann,131,nilslindemann/Praktikum-Bewerbung,HTML
fastapi/fastapi,nilslindemann,131,nilslindemann/praxis-lindemann,HTML
fastapi/fastapi,alejsdev,50,alejsdev/airbnb-experiences-clone,JavaScript
fastapi/fastapi,alejsdev,50,alejsdev/art-gallery-website,CSS
fastapi/fastapi,alejsdev,50,alejsdev/BBQ-splash-page,CSS
fastapi/fastapi,alejsdev,50,alejsdev/BMI-calculator,CSS
fastapi/fastapi,alejsdev,50,alejsdev/chakra-ui,TypeScript
fastapi/fastapi,alejsdev,50,alejsdev/countdown,HTML
fastapi/fastapi,alejsdev,50,alejsdev/CSS-challenges-scrimba,HTML
fastapi/fastapi,alejsdev,50,alejsdev/css-illustrations,CSS
fastapi/fastapi,alejsdev,50,alejsdev/digital-business-card,JavaScript
fastapi/fastapi,alejsdev,50,alejsdev/es.react.dev,TypeScript
fastapi/fastapi,alejsdev,50,alejsdev/full-stack-fastapi-postgresql,TypeScript
fastapi/fastapi,alejsdev,50,alejsdev/javascript-calculator,JavaScript
fastapi/fastapi,alejsdev,50,alejsdev/JS-challenges-scrimba,HTML
fastapi/fastapi,alejsdev,50,alejsdev/leads-tracker-chrome-extension,JavaScript
fastapi/fastapi,alejsdev,50,alejsdev/living-simple-life-blog,HTML
fastapi/fastapi,alejsdev,50,alejsdev/markdown-previewer,JavaScript
fastapi/fastapi,jaystone776,49,jaystone776/freeCodeCamp,TypeScript
fastapi/fastapi,jaystone776,49,jaystone776/nest-js-median,TypeScript
fastapi/fastapi,jaystone776,49,jaystone776/nest-js-quiz-manager,TypeScript
fastapi/fastapi,jaystone776,49,jaystone776/next-auth-example,TypeScript
fastapi/fastapi,ceb10n,28,ceb10n/angular-xeditable,JavaScript
fastapi/fastapi,ceb10n,28,ceb10n/automapper-example,JavaScript
fastapi/fastapi,ceb10n,28,ceb10n/bankroll,JavaScript
fastapi/fastapi,ceb10n,28,ceb10n/beauty-nancyfx,C#
fastapi/fastapi,ceb10n,28,ceb10n/caelum-stella,Java
fastapi/fastapi,ceb10n,28,ceb10n/ceb10n.github.io,CSS
fastapi/fastapi,ceb10n,28,ceb10n/CodeFirstExample,C#
fastapi/fastapi,ceb10n,28,ceb10n/ember-cli-clappr,JavaScript
fastapi/fastapi,ceb10n,28,ceb10n/ember-cli-clappr-example,JavaScript
fastapi/fastapi,ceb10n,28,ceb10n/ember-cli-scrolltofixed,JavaScript
fastapi/fastapi,ceb10n,28,ceb10n/ember-cli-simplewebrtc,JavaScript
fastapi/fastapi,ceb10n,28,ceb10n/finance,C#
fastapi/fastapi,ceb10n,28,ceb10n/flask-example,TypeScript
fastapi/fastapi,ceb10n,28,ceb10n/jQuery-Mask-Plugin,JavaScript
fastapi/fastapi,ceb10n,28,ceb10n/jquery-simple-datetimepicker,JavaScript
fastapi/fastapi,waynerv,25,waynerv/ChatGPT-Next-Web,TypeScript
fastapi/fastapi,waynerv,25,waynerv/dotfiles,Shell
fastapi/fastapi,waynerv,25,waynerv/Learn-MDN-Web-docs,HTML
fastapi/fastapi,waynerv,25,waynerv/memory-cache,JavaScript
fastapi/fastapi,waynerv,25,waynerv/nerdctl,Go
fastapi/fastapi,waynerv,25,waynerv/openGemini-operator,Go
fastapi/fastapi,waynerv,25,waynerv/originblog,HTML
fastapi/fastapi,waynerv,25,waynerv/PythonExercises,JavaScript
fastapi/fastapi,tokusumi,24,tokusumi/actions-poetry,Shell
fastapi/fastapi,tokusumi,24,tokusumi/aws-cdk-python,Dockerfile
fastapi/fastapi,tokusumi,24,tokusumi/cpp-linear-algebra-library,C++
fastapi/fastapi,tokusumi,24,tokusumi/docker-py-julia-tf-jupyter,Jupyter Notebook
fastapi/fastapi,tokusumi,24,tokusumi/hyperparameter_tuning,Jupyter Notebook
fastapi/fastapi,tokusumi,24,tokusumi/judge-cli-rs,Rust
fastapi/fastapi,tokusumi,24,tokusumi/logFileProgressBar,Go
fastapi/fastapi,tokusumi,24,tokusumi/metric_learning_keras,Jupyter Notebook
fastapi/fastapi,Kludex,23,Kludex/accountant,Jinja
fastapi/fastapi,Kludex,23,Kludex/awesome-fastapi-projects,TypeScript
fastapi/fastapi,Kludex,23,Kludex/celery-leak,HTML
openai/whisper,jongwook,69,jongwook/asynchbase,Java
openai/whisper,jongwook,69,jongwook/CLIP,Jupyter Notebook
openai/whisper,jongwook,69,jongwook/collective-als,Scala
openai/whisper,jongwook,69,jongwook/creativity,JavaScript
openai/whisper,jongwook,69,jongwook/croissant,C
openai/whisper,jongwook,69,jongwook/cuesheet-starter-kit,Scala
openai/whisper,jongwook,69,jongwook/CV,TeX
openai/whisper,jongwook,69,jongwook/dissertation,TeX
openai/whisper,jongwook,69,jongwook/dl4mir-dissertation,TeX
openai/whisper,jongwook,69,jongwook/Euler,Jupyter Notebook
openai/whisper,jongwook,69,jongwook/eun,JavaScript
openai/whisper,jongwook,69,jongwook/eval-archiver-loader,Scala
openai/whisper,jongwook,69,jongwook/format,C++
openai/whisper,jongwook,69,jongwook/gakaradio,HTML
openai/whisper,jongwook,69,jongwook/graphdb-benchmarks,Java
openai/whisper,jongwook,69,jongwook/hexo-tag-katex,JavaScript
openai/whisper,jongwook,69,jongwook/incubator-s2graph,Scala
openai/whisper,jongwook,69,jongwook/iron3men,C++
openai/whisper,jongwook,69,jongwook/jongwook.github.io,JavaScript
openai/whisper,jongwook,69,jongwook/ksa14-kohana,PHP
openai/whisper,ryanheise,4,ryanheise/audio_service,Dart
openai/whisper,ryanheise,4,ryanheise/audio_session,Dart
openai/whisper,ryanheise,4,ryanheise/background_video_player,Dart
openai/whisper,ryanheise,4,ryanheise/flutter_uxcam,Java
openai/whisper,ryanheise,4,ryanheise/just_audio,Dart
openai/whisper,ryanheise,4,ryanheise/just_waveform,Java
openai/whisper,ryanheise,4,ryanheise/persistp,Java
openai/whisper,ryanheise,4,ryanheise/plugins,Dart
openai/whisper,cclauss,3,cclauss/500lines,JavaScript
openai/whisper,cclauss,3,cclauss/ACM-ICPC-Algorithms,C++
openai/whisper,EliEron,2,EliEron/rclone,Go
openai/whisper,EliEron,2,EliEron/resources,Batchfile
openai/whisper,guillaumekln,2,guillaumekln/asearch,C++
openai/whisper,guillaumekln,2,guillaumekln/CTranslate2,C++
openai/whisper,guillaumekln,2,guillaumekln/gmm-classifier,Matlab
openai/whisper,guillaumekln,2,guillaumekln/simdoc,C++
openai/whisper,guillaumekln,2,guillaumekln/Tokenizer,C++
openai/whisper,HennerM,2,HennerM/angular.io,HTML
openai/whisper,HennerM,2,HennerM/angular2-jsonapi,TypeScript
openai/whisper,HennerM,2,HennerM/Assistant,Java
openai/whisper,HennerM,2,HennerM/blog,Astro
openai/whisper,HennerM,2,HennerM/dotfiles,Shell
openai/whisper,HennerM,2,HennerM/EndroidQrCodeBundle,PHP
openai/whisper,HennerM,2,HennerM/Flunkyball,C#
openai/whisper,HennerM,2,HennerM/lagom,Scala
openai/whisper,HennerM,2,HennerM/laravel5-jsonapi,PHP
openai/whisper,HennerM,2,HennerM/opentelemetry-cpp,C++
openai/whisper,HennerM,2,HennerM/php-json-api,PHP
openai/whisper,HennerM,2,HennerM/pytorch,C++
openai/whisper,HennerM,2,HennerM/reactive-programming-java,Java
openai/whisper,HennerM,2,HennerM/rs-ml-with-constraints,Jupyter Notebook
openai/whisper,HennerM,2,HennerM/serializer-eloquent-driver,PHP
openai/whisper,vickianand,2,vickianand/crypto-algorithms,C
openai/whisper,vickianand,2,vickianand/Dali-Picasso-Hangman-Game,PHP
openai/whisper,vickianand,2,vickianand/nugan-icassp,HTML
openai/whisper,vickianand,2,vickianand/openssl,C
openai/whisper,vickianand,2,vickianand/oz-interpreter,Oz
openai/whisper,vickianand,2,vickianand/perceptron-based-branch-predictors,TeX
openai/whisper,vickianand,2,vickianand/pgm-exercises,Jupyter Notebook
openai/whisper,vickianand,2,vickianand/tripwyre-fbsd,C
openai/whisper,vickianand,2,vickianand/URL-Shortener,PHP
openai/whisper,vickianand,2,vickianand/vickianand.github.io,HTML
openai/whisper,VulumeCode,2,VulumeCode/applicative-quoters,Haskell
openai/whisper,VulumeCode,2,VulumeCode/beancounter,TypeScript
openai/whisper,VulumeCode,2,VulumeCode/CubeCobra,JavaScript
openai/whisper,VulumeCode,2,VulumeCode/ember-mu-application-generator-generator,Common Lisp
openai/whisper,VulumeCode,2,VulumeCode/history-bumper,JavaScript
openai/whisper,VulumeCode,2,VulumeCode/Iosevka-Aile-Code,JavaScript
openai/whisper,VulumeCode,2,VulumeCode/KUROMA,JavaScript
openai/whisper,VulumeCode,2,VulumeCode/LibraryOfAzathoth,Elm
openai/whisper,VulumeCode,2,VulumeCode/mu-cl-resources,Common Lisp
openai/whisper,VulumeCode,2,VulumeCode/ragaman,JavaScript
openai/whisper,VulumeCode,2,VulumeCode/scryfall-mentor,CSS
openai/whisper,VulumeCode,2,VulumeCode/selectize.js,JavaScript
openai/whisper,VulumeCode,2,VulumeCode/slantris,Elm
openai/whisper,VulumeCode,2,VulumeCode/TurbulentSequencerC,C
openai/whisper,VulumeCode,2,VulumeCode/TypeScript-for-Max,Max
openai/whisper,VulumeCode,2,VulumeCode/uuidgen,CoffeeScript
openai/whisper,VulumeCode,2,VulumeCode/VLM.TurbulentSequencer,C
openai/whisper,VulumeCode,2,VulumeCode/whisper,Jupyter Notebook
openai/whisper,fcakyon,2,fcakyon/Applied-AI-Study-Group,Jupyter Notebook
openai/whisper,fcakyon,2,fcakyon/cifar100-resnet,Jupyter Notebook
openai/whisper,fcakyon,2,fcakyon/cocoapi-fix,Jupyter Notebook
openai/whisper,fcakyon,2,fcakyon/conda-publish-action,Shell
openai/whisper,fcakyon,2,fcakyon/DenealMobile,C#
openai/whisper,jumon,2,jumon/whisper,Jupyter Notebook
tensorflow/models,saberkun,757,saberkun/SegPhrase,C++
tensorflow/models,nealwu,413,nealwu/AsmlHackathonTemplate,C++
tensorflow/models,nealwu,413,nealwu/box-java-sdk,Java
tensorflow/models,nealwu,413,nealwu/BrickPop,JavaScript
tensorflow/models,nealwu,413,nealwu/BugChess,JavaScript
tensorflow/models,nealwu,413,nealwu/competitive-programming,C++
tensorflow/models,nealwu,413,nealwu/Falldown,Objective-C
tensorflow/models,nealwu,413,nealwu/If-I-went-to-Harvard-MIT,PHP
tensorflow/models,nealwu,413,nealwu/KillNewsFeed,JavaScript
tensorflow/models,nealwu,413,nealwu/Letterpress,C++
tensorflow/models,nealwu,413,nealwu/miscellaneous,JavaScript
tensorflow/models,nealwu,413,nealwu/ocaml.org,OCaml
tensorflow/models,nealwu,413,nealwu/ParseChat,Objective-C
tensorflow/models,nealwu,413,nealwu/poker.js,JavaScript
tensorflow/models,nealwu,413,nealwu/Quora-Ratio-Calculator,JavaScript
tensorflow/models,nealwu,413,nealwu/RottenTomatoes,Objective-C
tensorflow/models,nealwu,413,nealwu/TipCalculator,Objective-C
tensorflow/models,nealwu,413,nealwu/topcoder-moj,Java
tensorflow/models,nealwu,413,nealwu/TownKitchen,Objective-C
tensorflow/models,nealwu,413,nealwu/Twine,JavaScript
tensorflow/models,MarkDaoust,275,MarkDaoust/beam,Java
tensorflow/models,MarkDaoust,275,MarkDaoust/cookbook,Jupyter Notebook
tensorflow/models,MarkDaoust,275,MarkDaoust/dcgan-oreilly,Jupyter Notebook
tensorflow/models,MarkDaoust,275,MarkDaoust/dlaicourse,Jupyter Notebook
tensorflow/models,MarkDaoust,275,MarkDaoust/docs,Jupyter Notebook
tensorflow/models,MarkDaoust,275,MarkDaoust/docs-l10n,Jupyter Notebook
tensorflow/models,MarkDaoust,275,MarkDaoust/examples,Jupyter Notebook
tensorflow/models,MarkDaoust,275,MarkDaoust/generative-ai-docs,Jupyter Notebook
tensorflow/models,MarkDaoust,275,MarkDaoust/io,C++
tensorflow/models,MarkDaoust,275,MarkDaoust/java,Java
tensorflow/models,MarkDaoust,275,MarkDaoust/keras-io,Jupyter Notebook
tensorflow/models,MarkDaoust,275,MarkDaoust/mvn,HTML
tensorflow/models,aichendouble,205,aichendouble/kokoro-codelab-chendouble,Shell
tensorflow/models,fyangf,192,fyangf/ml-testing-accelerators,Jsonnet
tensorflow/models,tfboyd,183,tfboyd/apparatus,Shell
tensorflow/models,tfboyd,183,tfboyd/docs,Jupyter Notebook
tensorflow/models,tfboyd,183,tfboyd/DREAMPlace,C++
tensorflow/models,tfboyd,183,tfboyd/examples,Jupyter Notebook
tensorflow/models,tfboyd,183,tfboyd/reverb,C++
tensorflow/models,tfboyd,183,tfboyd/tensorflow,C++
tensorflow/models,kmindspark,183,kmindspark/315G_ITZ,C
tensorflow/models,kmindspark,183,kmindspark/315G_TP,C
tensorflow/models,kmindspark,183,kmindspark/black-dashboard-test,CSS
tensorflow/models,kmindspark,183,kmindspark/bud-practice,Ruby
tensorflow/models,kmindspark,183,kmindspark/bud-sandbox,Ruby
tensorflow/models,kmindspark,183,kmindspark/cancerincidences,Jupyter Notebook
tensorflow/models,kmindspark,183,kmindspark/kmindspark.github.io,HTML
tensorflow/models,kmindspark,183,kmindspark/kmindspark.github.io-deprecated,JavaScript
tensorflow/models,kmindspark,183,kmindspark/led_field_lights,C
tensorflow/models,kmindspark,183,kmindspark/MessageCounter,JavaScript
tensorflow/models,kmindspark,183,kmindspark/NorcalTroll,JavaScript
tensorflow/models,srihari-humbarwadi,179,srihari-humbarwadi/adain-tensorflow2.x,Jupyter Notebook
tensorflow/models,srihari-humbarwadi,179,srihari-humbarwadi/automatic-image-captioning-with-CNN-LSTM-networks,Jupyter Notebook
tensorflow/models,srihari-humbarwadi,179,srihari-humbarwadi/box-line-text,HTML
tensorflow/models,srihari-humbarwadi,179,srihari-humbarwadi/cartoon_gan_tf2.0,Jupyter Notebook
tensorflow/models,srihari-humbarwadi,179,srihari-humbarwadi/cityscapes-segmentation-with-Unet,Jupyter Notebook
tensorflow/models,srihari-humbarwadi,179,srihari-humbarwadi/convolutional-autoencoder,Jupyter Notebook
tensorflow/models,srihari-humbarwadi,179,srihari-humbarwadi/crnn_ocr_keras,Jupyter Notebook
tensorflow/models,srihari-humbarwadi,179,srihari-humbarwadi/DeepLabV3_Plus-Tensorflow2.0,Jupyter Notebook
tensorflow/models,srihari-humbarwadi,179,srihari-humbarwadi/deep_metric_learning_tf2.0,Jupyter Notebook
tensorflow/models,srihari-humbarwadi,179,srihari-humbarwadi/FastFCN_TF2.0,Jupyter Notebook
tensorflow/models,srihari-humbarwadi,179,srihari-humbarwadi/image_colorization_gan_tf2.0,Jupyter Notebook
tensorflow/models,srihari-humbarwadi,179,srihari-humbarwadi/inventory-management-assignment,HTML
tensorflow/models,srihari-humbarwadi,179,srihari-humbarwadi/ivr_assignment,Makefile
tensorflow/models,srihari-humbarwadi,179,srihari-humbarwadi/juice-shop-solutions,PHP
tensorflow/models,srihari-humbarwadi,179,srihari-humbarwadi/keras-io,Jupyter Notebook
tensorflow/models,srihari-humbarwadi,179,srihari-humbarwadi/keras-reverse-image-search,Jupyter Notebook
tensorflow/models,srihari-humbarwadi,179,srihari-humbarwadi/Keras-Unet,Jupyter Notebook
tensorflow/models,vishnubanna,167,vishnubanna/ChessGame,JavaScript
tensorflow/models,vishnubanna,167,vishnubanna/DataAnalysisLearning,Jupyter Notebook
tensorflow/models,vishnubanna,167,vishnubanna/DataStructures,Java
tensorflow/models,vishnubanna,167,vishnubanna/EmbeddedLearning,C
tensorflow/models,vishnubanna,167,vishnubanna/Huffman-Application-GUI,C++
tensorflow/models,vishnubanna,167,vishnubanna/Huffman-Compression-CLA,C++
tensorflow/models,vishnubanna,167,vishnubanna/learningmachinelearning,Jupyter Notebook
tensorflow/models,vishnubanna,167,vishnubanna/NiiSkullstripWebsite,HTML
tensorflow/models,vishnubanna,167,vishnubanna/PingAServer,C++
tensorflow/models,vishnubanna,167,vishnubanna/stocktrader,Jupyter Notebook
home-assistant/core,balloob,8586,balloob/addon-jupyterlab-lite,Shell
home-assistant/core,balloob,8586,balloob/almond-server,JavaScript
home-assistant/core,balloob,8586,balloob/Android-NFC-Tag-Writer,Java
home-assistant/core,balloob,8586,balloob/awesome-react,JavaScript
home-assistant/core,balloob,8586,balloob/backbone,JavaScript
home-assistant/core,balloob,8586,balloob/balloob.github.io,HTML
home-assistant/core,balloob,8586,balloob/bluepy,C
home-assistant/core,balloob,8586,balloob/bootstrap-web-components,HTML
home-assistant/core,balloob,8586,balloob/chartjs-chart-timeline,JavaScript
home-assistant/core,balloob,8586,balloob/cjlarose.github.io,HTML
home-assistant/core,balloob,8586,balloob/custom-elements-everywhere,JavaScript
home-assistant/core,balloob,8586,balloob/deep-clone-simple,JavaScript
home-assistant/core,bdraco,8234,bdraco/addon_securityadvisor,Perl
home-assistant/core,bdraco,8234,bdraco/aiolifx_connection,Makefile
home-assistant/core,epenet,4973,epenet/home-assistant.io,HTML
home-assistant/core,epenet,4973,epenet/mantisbt,PHP
home-assistant/core,frenck,4477,frenck/action-yamllint,Shell
home-assistant/core,frenck,4477,frenck/addon-homebridge,Shell
home-assistant/core,frenck,4477,frenck/AdGuardHome,Go
home-assistant/core,frenck,4477,frenck/aports,Shell
home-assistant/core,frenck,4477,frenck/awesome-home-assistant,Shell
home-assistant/core,frenck,4477,frenck/binfmt,Go
home-assistant/core,frenck,4477,frenck/brands,Shell
home-assistant/core,frenck,4477,frenck/data.home-assistant,JavaScript
home-assistant/core,emontnemery,4327,emontnemery/ace,JavaScript
home-assistant/core,emontnemery,4327,emontnemery/brands,Shell
home-assistant/core,emontnemery,4327,emontnemery/developers.home-assistant,JavaScript
home-assistant/core,emontnemery,4327,emontnemery/domoticz,C++
home-assistant/core,emontnemery,4327,emontnemery/esp-link,C
home-assistant/core,joostlek,2539,joostlek/advent_of_code_2024,Rust
home-assistant/core,joostlek,2539,joostlek/analytical_skills,Jupyter Notebook
home-assistant/core,joostlek,2539,joostlek/Ananas,Kotlin
home-assistant/core,fabaff,2179,fabaff/abbreviations-tex,TeX
home-assistant/core,fabaff,2179,fabaff/alpine-ansible,Jinja
home-assistant/core,fabaff,2179,fabaff/aports,Shell
home-assistant/core,fabaff,2179,fabaff/ch.bfh.bti7081.s2013.white,Java
home-assistant/core,fabaff,2179,fabaff/circuitpython,C
home-assistant/core,cdce8p,1972,cdce8p/beautifulsoup,HTML
home-assistant/core,cdce8p,1972,cdce8p/developers.home-assistant,JavaScript
home-assistant/core,cdce8p,1972,cdce8p/git-custom-commands,Shell
home-assistant/core,cdce8p,1972,cdce8p/ha-docker-base,Dockerfile
home-assistant/core,cdce8p,1972,cdce8p/ha-docs,HTML
home-assistant/core,cdce8p,1972,cdce8p/ha-frontend,TypeScript
home-assistant/core,gjohansson-ST,1322,gjohansson-ST/brands,Shell
home-assistant/core,gjohansson-ST,1322,gjohansson-ST/developers.home-assistant,JavaScript
home-assistant/core,gjohansson-ST,1322,gjohansson-ST/frontend,TypeScript
home-assistant/core,gjohansson-ST,1322,gjohansson-ST/home-assistant.io,HTML
home-assistant/core,gjohansson-ST,1322,gjohansson-ST/supervised-installer,Shell
home-assistant/core,bachya,1186,bachya/advanced-ssh-config,Go
home-assistant/core,bachya,1186,bachya/alerts.home-assistant.io,TypeScript
home-assistant/core,bachya,1186,bachya/api-docs,API Blueprint
home-assistant/core,bachya,1186,bachya/awesome-home-assistant,Shell
home-assistant/core,bachya,1186,bachya/aXel,XSLT
home-assistant/core,bachya,1186,bachya/bachya.github.io,HTML
home-assistant/core,bachya,1186,bachya/bashmarks,Shell
home-assistant/core,bachya,1186,bachya/brands,Shell
home-assistant/core,bachya,1186,bachya/cliutils,Ruby
3b1b/manim,3b1b,4831,3b1b/3Blue1Brown.com,MDX
3b1b/manim,3b1b,4831,3b1b/captions,TypeScript
3b1b/manim,3b1b,4831,3b1b/perseus,JavaScript
3b1b/manim,3b1b,4831,3b1b/site_demo,Shell
3b1b/manim,TonyCrane,291,TonyCrane/Beautiful_Linux,Vim script
3b1b/manim,TonyCrane,291,TonyCrane/cling,C++
3b1b/manim,TonyCrane,291,TonyCrane/Computer-System-Start-From-a-Newbie,CSS
3b1b/manim,TonyCrane,291,TonyCrane/CraneCPU,Verilog
3b1b/manim,TonyCrane,291,TonyCrane/CTF101-2023-misc,Markdown
3b1b/manim,TonyCrane,291,TonyCrane/CyberChef,JavaScript
3b1b/manim,TonyCrane,291,TonyCrane/docker-riscv,Dockerfile
3b1b/manim,TonyCrane,291,TonyCrane/hackergame2021-writeups,C
3b1b/manim,TonyCrane,291,TonyCrane/hackergame2022-writeups,PHP
3b1b/manim,TonyCrane,291,TonyCrane/haskellings,Haskell
3b1b/manim,TonyCrane,291,TonyCrane/lab-hypotensor,Markdown
3b1b/manim,TonyCrane,291,TonyCrane/MarkdownLecture,Markdown
3b1b/manim,TonyCrane,291,TonyCrane/metrics,JavaScript
3b1b/manim,TonyCrane,291,TonyCrane/note,Markdown
3b1b/manim,TonyCrane,291,TonyCrane/note-homepage-cards,Svelte
3b1b/manim,TonyCrane,291,TonyCrane/nvim-config,Lua
3b1b/manim,TonyCrane,291,TonyCrane/OI,C++
3b1b/manim,TonyCrane,291,TonyCrane/PracticalSkillsTutorial,Markdown
3b1b/manim,TonyCrane,291,TonyCrane/processing_projects,Processing
3b1b/manim,TonyCrane,291,TonyCrane/PythonLecture,Jupyter Notebook
3b1b/manim,YishiMichael,201,YishiMichael/coxeter,Rust
3b1b/manim,YishiMichael,201,YishiMichael/morphing,Rust
3b1b/manim,YishiMichael,201,YishiMichael/pyclipr,C++
3b1b/manim,YishiMichael,201,YishiMichael/wgpu-quadratic-bezier-3d,Rust
3b1b/manim,bhbr,185,bhbr/Alfy,Objective-C
3b1b/manim,bhbr,185,bhbr/chalktalk,JavaScript
3b1b/manim,bhbr,185,bhbr/CustomGGBook,JavaScript
3b1b/manim,bhbr,185,bhbr/CYRKeyboardButton,Swift
3b1b/manim,bhbr,185,bhbr/d3-epicycles,HTML
3b1b/manim,bhbr,185,bhbr/minter,TypeScript
3b1b/manim,bhbr,185,bhbr/MuFuKeyboardButton,Swift
3b1b/manim,bhbr,185,bhbr/Music-of-the-Sphere,Swift
3b1b/manim,bhbr,185,bhbr/OH-Writer,Objective-C
3b1b/manim,bhbr,185,bhbr/Snap.svg,JavaScript
3b1b/manim,bhbr,185,bhbr/snapper,JavaScript
3b1b/manim,bhbr,185,bhbr/TurtleBezierPath,Swift
3b1b/manim,eulertour,162,eulertour/dotfiles,Shell
3b1b/manim,eulertour,162,eulertour/eulertour,Vue
3b1b/manim,eulertour,162,eulertour/eulerv1,JavaScript
3b1b/manim,eulertour,162,eulertour/eulerv2,Vue
3b1b/manim,eulertour,162,eulertour/headless-gl,JavaScript
3b1b/manim,eulertour,162,eulertour/node-canvas-webgl,JavaScript
3b1b/manim,eulertour,162,eulertour/sandpacktest,JavaScript
3b1b/manim,eulertour,162,eulertour/studio.js,JavaScript
3b1b/manim,eulertour,162,eulertour/three-meshline,TypeScript
3b1b/manim,eulertour,162,eulertour/three-server,JavaScript
3b1b/manim,eulertour,162,eulertour/three.js,JavaScript
3b1b/manim,TurkeyBilly,28,TurkeyBilly/CSC324,Haskell
3b1b/manim,TurkeyBilly,28,TurkeyBilly/FizzBuzz,Java
3b1b/manim,mirefek,18,mirefek/codenames_w2v,Julia
3b1b/manim,mirefek,18,mirefek/GeoModelBuilder,JavaScript
3b1b/manim,mirefek,18,mirefek/my-lean-experiments,Lean
3b1b/manim,mirefek,18,mirefek/ProofWidgets4,Lean
3b1b/manim,mirefek,18,mirefek/sokoban.lean,Lean
3b1b/manim,sahilmakhijani,12,sahilmakhijani/sorting-visualization,JavaScript
3b1b/manim,mertyildiran,11,mertyildiran/apiato,PHP
3b1b/manim,mertyildiran,11,mertyildiran/apidoc-swagger,JavaScript
3b1b/manim,mertyildiran,11,mertyildiran/apimachinery,Go
3b1b/manim,mertyildiran,11,mertyildiran/catflix,JavaScript
3b1b/manim,mertyildiran,11,mertyildiran/DASM,Groff
3b1b/manim,mertyildiran,11,mertyildiran/DeloitteAssignment,CSS
3b1b/manim,mertyildiran,11,mertyildiran/Dermatron,JavaScript
3b1b/manim,mertyildiran,11,mertyildiran/descope-react-in-docker,TypeScript
3b1b/manim,mertyildiran,11,mertyildiran/dispatcher,PHP
3b1b/manim,mertyildiran,11,mertyildiran/documentation,CSS
3b1b/manim,mertyildiran,11,mertyildiran/dotfiles,Shell
3b1b/manim,mertyildiran,11,mertyildiran/ebpf,Go
3b1b/manim,mertyildiran,11,mertyildiran/elasticsearch-php,PHP
3b1b/manim,mertyildiran,11,mertyildiran/filter,PHP
3b1b/manim,mertyildiran,11,mertyildiran/gqlparser,Go
3b1b/manim,mertyildiran,11,mertyildiran/kube-proxy-websocket-testcase,Go
3b1b/manim,mertyildiran,11,mertyildiran/kubectl,Go
3b1b/manim,mertyildiran,11,mertyildiran/l5shell,PHP
3b1b/manim,mertyildiran,11,mertyildiran/laraup,PHP
3b1b/manim,mertyildiran,11,mertyildiran/laravel-advanced-route,PHP
comfyanonymous/ComfyUI,comfyanonymous,2317,comfyanonymous/ComfyUI_Blog,Ruby
comfyanonymous/ComfyUI,comfyanonymous,2317,comfyanonymous/ComfyUI_examples,HTML
comfyanonymous/ComfyUI,comfyanonymous,2317,comfyanonymous/ComfyUI_tutorial_vn,Ren'Py
comfyanonymous/ComfyUI,comfyanonymous,2317,comfyanonymous/cuda-toolkit,TypeScript
comfyanonymous/ComfyUI,comfyanonymous,2317,comfyanonymous/litegraph.js,JavaScript
comfyanonymous/ComfyUI,comfyanonymous,2317,comfyanonymous/posex,JavaScript
comfyanonymous/ComfyUI,pythongosssss,224,pythongosssss/ComfyUI-Custom-Scripts,JavaScript
comfyanonymous/ComfyUI,pythongosssss,224,pythongosssss/litegraph.js,JavaScript
comfyanonymous/ComfyUI,huchenlei,106,huchenlei/acorn-api-js,TypeScript
comfyanonymous/ComfyUI,huchenlei,106,huchenlei/assline,Lua
comfyanonymous/ComfyUI,huchenlei,106,huchenlei/auto-crossbreeding,Lua
comfyanonymous/ComfyUI,huchenlei,106,huchenlei/branch-predictor,C++
comfyanonymous/ComfyUI,huchenlei,106,huchenlei/ComfyUI-openpose-editor,JavaScript
comfyanonymous/ComfyUI,huchenlei,106,huchenlei/ComfyUI_frontend,TypeScript
comfyanonymous/ComfyUI,ltdrdata,46,ltdrdata/AIGODLIKE-COMFYUI-TRANSLATION,JavaScript
comfyanonymous/ComfyUI,ltdrdata,46,ltdrdata/comfyui-connection-helper,JavaScript
comfyanonymous/ComfyUI,ltdrdata,46,ltdrdata/ComfyUI-Workflow-Component,JavaScript
comfyanonymous/ComfyUI,space-nuko,32,space-nuko/ComfyBox,TypeScript
comfyanonymous/ComfyUI,space-nuko,32,space-nuko/ComfyUI-OpenPose-Editor,JavaScript
comfyanonymous/ComfyUI,space-nuko,32,space-nuko/discogs,Ruby
comfyanonymous/ComfyUI,space-nuko,32,space-nuko/litegraph.js,JavaScript
comfyanonymous/ComfyUI,space-nuko,32,space-nuko/litegraph.ts,TypeScript
comfyanonymous/ComfyUI,EllangoK,31,EllangoK/Ap-Comp-Sci-Work,Java
comfyanonymous/ComfyUI,EllangoK,31,EllangoK/BetterSlowmode,JavaScript
comfyanonymous/ComfyUI,EllangoK,31,EllangoK/ImaginaryRobot,Java
comfyanonymous/ComfyUI,EllangoK,31,EllangoK/sudo,Ruby
comfyanonymous/ComfyUI,EllangoK,31,EllangoK/VelodyneCapture-RadarDisplay,C++
comfyanonymous/ComfyUI,jn-jairo,26,jn-jairo/bark,Jupyter Notebook
comfyanonymous/ComfyUI,jn-jairo,26,jn-jairo/framework,PHP
comfyanonymous/ComfyUI,jn-jairo,26,jn-jairo/homestead,Shell
comfyanonymous/ComfyUI,jn-jairo,26,jn-jairo/jQuery-Mask-Plugin,JavaScript
comfyanonymous/ComfyUI,jn-jairo,26,jn-jairo/laravel-cast,PHP
comfyanonymous/ComfyUI,jn-jairo,26,jn-jairo/laravel-cloud,PHP
comfyanonymous/ComfyUI,jn-jairo,26,jn-jairo/laravel-eloquent-cast,PHP
comfyanonymous/ComfyUI,jn-jairo,26,jn-jairo/laravel-ngrok,PHP
comfyanonymous/ComfyUI,jn-jairo,26,jn-jairo/stream-parser,PHP
comfyanonymous/ComfyUI,jn-jairo,26,jn-jairo/vim-blade,VimL
comfyanonymous/ComfyUI,robinjhuang,20,robinjhuang/cg-controller,JavaScript
comfyanonymous/ComfyUI,robinjhuang,20,robinjhuang/comfyui-photoshop,JavaScript
comfyanonymous/ComfyUI,robinjhuang,20,robinjhuang/ComfyUI_CryptoCat_Fork,JavaScript
comfyanonymous/ComfyUI,robinjhuang,20,robinjhuang/ComfyUI_examples,HTML
comfyanonymous/ComfyUI,robinjhuang,20,robinjhuang/discord-open-source,JavaScript
comfyanonymous/ComfyUI,mcmonkey4eva,19,mcmonkey4eva/AIGODLIKE-ComfyUI-Translation,JavaScript
comfyanonymous/ComfyUI,mcmonkey4eva,19,mcmonkey4eva/alpaca.cpp,C
comfyanonymous/ComfyUI,mcmonkey4eva,19,mcmonkey4eva/bepuphysics,C#
comfyanonymous/ComfyUI,mcmonkey4eva,19,mcmonkey4eva/Blacksmith,Java
comfyanonymous/ComfyUI,mcmonkey4eva,19,mcmonkey4eva/Builder,Java
comfyanonymous/ComfyUI,mcmonkey4eva,19,mcmonkey4eva/ChessCraft,Java
comfyanonymous/ComfyUI,mcmonkey4eva,19,mcmonkey4eva/Citizens2,Java
comfyanonymous/ComfyUI,mcmonkey4eva,19,mcmonkey4eva/CitizensAPI,Java
comfyanonymous/ComfyUI,mcmonkey4eva,19,mcmonkey4eva/ComfyUI-Custom-Scripts,JavaScript
comfyanonymous/ComfyUI,mcmonkey4eva,19,mcmonkey4eva/Denizen,Java
comfyanonymous/ComfyUI,mcmonkey4eva,19,mcmonkey4eva/Denizen-Core,Java
comfyanonymous/ComfyUI,mcmonkey4eva,19,mcmonkey4eva/Denizen2IDE,C#
comfyanonymous/ComfyUI,mcmonkey4eva,19,mcmonkey4eva/DenizenScripts,DenizenScript
comfyanonymous/ComfyUI,mcmonkey4eva,19,mcmonkey4eva/denizen_theme,CSS
comfyanonymous/ComfyUI,mcmonkey4eva,19,mcmonkey4eva/dhutils,Java
comfyanonymous/ComfyUI,mcmonkey4eva,19,mcmonkey4eva/discord-open-source,JavaScript
comfyanonymous/ComfyUI,mcmonkey4eva,19,mcmonkey4eva/Discord.Net,C#
comfyanonymous/ComfyUI,mcmonkey4eva,19,mcmonkey4eva/easyeffects,Java
comfyanonymous/ComfyUI,mcmonkey4eva,19,mcmonkey4eva/FreneticDocs,C#
comfyanonymous/ComfyUI,m957ymj75urz,19,m957ymj75urz/ComfyUI-Custom-Nodes,JavaScript
fighting41love/funNLP,fighting41love,101,fighting41love/AreaCity-JsSpider-StatsGov,JavaScript
fighting41love/funNLP,imhuster,5,imhuster/CS-Notes,Java
fighting41love/funNLP,imhuster,5,imhuster/DynamicProxy,Java
fighting41love/funNLP,imhuster,5,imhuster/imhuster.github.io,CSS
fighting41love/funNLP,CasterWx,2,CasterWx/2233-zenra-chrome-extension,JavaScript
fighting41love/funNLP,CasterWx,2,CasterWx/60217-1600,C
fighting41love/funNLP,CasterWx,2,CasterWx/android-fingerprint,Java
fighting41love/funNLP,CasterWx,2,CasterWx/AntzGameOS,C
fighting41love/funNLP,CasterWx,2,CasterWx/AntzOS,C
fighting41love/funNLP,CasterWx,2,CasterWx/AntzScript,Java
fighting41love/funNLP,CasterWx,2,CasterWx/arthas,Java
fighting41love/funNLP,CasterWx,2,CasterWx/athena,Java
fighting41love/funNLP,CasterWx,2,CasterWx/attach-custom,C
fighting41love/funNLP,CasterWx,2,CasterWx/BitQR-Code,Java
fighting41love/funNLP,CasterWx,2,CasterWx/BraveWorld,HTML
fighting41love/funNLP,CasterWx,2,CasterWx/BUTTERFLY-Code,C
fighting41love/funNLP,CasterWx,2,CasterWx/c-cPlusPlus-Virus,C++
fighting41love/funNLP,CasterWx,2,CasterWx/CasterWx.github.io,JavaScript
fighting41love/funNLP,CasterWx,2,CasterWx/cat,Java
fighting41love/funNLP,CasterWx,2,CasterWx/cat-chrome-extension,JavaScript
fighting41love/funNLP,CasterWx,2,CasterWx/cat-plus,Java
fighting41love/funNLP,CasterWx,2,CasterWx/cross-log,Java
fighting41love/funNLP,CasterWx,2,CasterWx/d3,JavaScript
fighting41love/funNLP,ZheZhaoRUC,1,ZheZhaoRUC/ngram2vec,C
fighting41love/funNLP,BrikerMan,1,BrikerMan/AndroidDLNADemo,Java
fighting41love/funNLP,BrikerMan,1,BrikerMan/BMPlayer,Swift
fighting41love/funNLP,BrikerMan,1,BrikerMan/bot5.club,TypeScript
fighting41love/funNLP,BrikerMan,1,BrikerMan/charts,Mustache
fighting41love/funNLP,BrikerMan,1,BrikerMan/classic_chinese_punctuate,Jupyter Notebook
fighting41love/funNLP,BrikerMan,1,BrikerMan/docker_ubuntu16_python3.6,Shell
fighting41love/funNLP,BrikerMan,1,BrikerMan/docker_ubuntu18_python3_cuda10.1,Dockerfile
fighting41love/funNLP,BrikerMan,1,BrikerMan/docker_ubuntu20_python3,Dockerfile
fighting41love/funNLP,BrikerMan,1,BrikerMan/docker_ubuntu20_python3_jupyterlab,Dockerfile
fighting41love/funNLP,BrikerMan,1,BrikerMan/finala,Go
fighting41love/funNLP,TingFree,1,TingFree/nextjs-notion-starter-kit,TypeScript
fighting41love/funNLP,sty945,1,sty945/100days,Jupyter Notebook
fighting41love/funNLP,sty945,1,sty945/aho-corasick,C
fighting41love/funNLP,sty945,1,sty945/algo,C
fighting41love/funNLP,sty945,1,sty945/Box2D,C
fighting41love/funNLP,sty945,1,sty945/cmake-demo,CMake
fighting41love/funNLP,sty945,1,sty945/CrazyMonitor,JavaScript
fighting41love/funNLP,sty945,1,sty945/Deep-Learning-From-Scratch-With-Jupyter,Jupyter Notebook
fighting41love/funNLP,sty945,1,sty945/DIY_Bash,Shell
fighting41love/funNLP,sty945,1,sty945/DL_learning_100days_code,Jupyter Notebook
fighting41love/funNLP,yangapku,1,yangapku/AlgoSolutions,C++
fighting41love/funNLP,yangapku,1,yangapku/anchor,Jupyter Notebook
fighting41love/funNLP,yangapku,1,yangapku/FaceTrackingMonitor,Java
fighting41love/funNLP,yangapku,1,yangapku/GoldMiner,Java
fighting41love/funNLP,yangapku,1,yangapku/hexo-theme-yilia,CSS
fighting41love/funNLP,yangapku,1,yangapku/homepage,Shell
fighting41love/funNLP,yangapku,1,yangapku/oj-code,C++
fighting41love/funNLP,yangapku,1,yangapku/TextLevelDiscourseParser,Java
fighting41love/funNLP,ZhaoQiiii,1,ZhaoQiiii/DoctorGPT,Jupyter Notebook
fighting41love/funNLP,ZhaoQiiii,1,ZhaoQiiii/mmagic,Jupyter Notebook
fighting41love/funNLP,ZhaoQiiii,1,ZhaoQiiii/OpenMMLabCourse,Jupyter Notebook
bregman-arie/devops-exercises,surister,66,surister/blog,Vue
bregman-arie/devops-exercises,surister,66,surister/connector-x,Rust
bregman-arie/devops-exercises,surister,66,surister/connectors,Go
bregman-arie/devops-exercises,surister,66,surister/crate,Java
bregman-arie/devops-exercises,surister,66,surister/crate-admin,JavaScript
bregman-arie/devops-exercises,surister,66,surister/cratedb-admin-alt,Vue
bregman-arie/devops-exercises,surister,66,surister/cratedb-examples,Jupyter Notebook
bregman-arie/devops-exercises,austinsonger,37,austinsonger/-r-askreddit,CSS
bregman-arie/devops-exercises,austinsonger,37,austinsonger/AAOS_BOC_Map,JavaScript
bregman-arie/devops-exercises,austinsonger,37,austinsonger/alightdemo.github.io,HTML
bregman-arie/devops-exercises,austinsonger,37,austinsonger/allitebooks-downloader,JavaScript
bregman-arie/devops-exercises,austinsonger,37,austinsonger/applications,HTML
bregman-arie/devops-exercises,bregman-arie,17,bregman-arie/bregman-arie.github.io,HTML
bregman-arie/devops-exercises,bregman-arie,17,bregman-arie/codingshell,HTML
bregman-arie/devops-exercises,bregman-arie,17,bregman-arie/devops-resources,Groovy
bregman-arie/devops-exercises,bregman-arie,17,bregman-arie/gitops-cert-level-2-examples,Go
bregman-arie/devops-exercises,bregman-arie,17,bregman-arie/gitops-certification-examples,Shell
bregman-arie/devops-exercises,bregman-arie,17,bregman-arie/go-exercises,Go
bregman-arie/devops-exercises,bregman-arie,17,bregman-arie/godot-tutorials,GDScript
bregman-arie/devops-exercises,bregman-arie,17,bregman-arie/infop,Go
bregman-arie/devops-exercises,bregman-arie,17,bregman-arie/jenkins-goodies,Groovy
bregman-arie/devops-exercises,bregman-arie,17,bregman-arie/kli,Go
bregman-arie/devops-exercises,bregman-arie,17,bregman-arie/mobile-dev-notebook,Kotlin
bregman-arie/devops-exercises,bregman-arie,17,bregman-arie/node-hello-world,JavaScript
bregman-arie/devops-exercises,adrianfusco,10,adrianfusco/adrianfusco.github.io,JavaScript
bregman-arie/devops-exercises,adrianfusco,10,adrianfusco/DesktopAndTerminalConfig,Shell
bregman-arie/devops-exercises,adrianfusco,10,adrianfusco/devops-practice,Shell
bregman-arie/devops-exercises,adrianfusco,10,adrianfusco/EksS3ClusterApp,Makefile
bregman-arie/devops-exercises,adrianfusco,10,adrianfusco/install_yamls,Shell
bregman-arie/devops-exercises,adrianfusco,10,adrianfusco/keystone-operator,Go
bregman-arie/devops-exercises,adrianfusco,10,adrianfusco/local-bookmark-app,HTML
bregman-arie/devops-exercises,adrianfusco,10,adrianfusco/mac,TypeScript
bregman-arie/devops-exercises,cloudgrimm,7,cloudgrimm/community-1,Go
bregman-arie/devops-exercises,cloudgrimm,7,cloudgrimm/devops-resources,Groovy
bregman-arie/devops-exercises,cloudgrimm,7,cloudgrimm/eks,HTML
bregman-arie/devops-exercises,cloudgrimm,7,cloudgrimm/github-slideshow,Ruby
bregman-arie/devops-exercises,cloudgrimm,7,cloudgrimm/gitops-istio,Shell
bregman-arie/devops-exercises,cloudgrimm,7,cloudgrimm/go-in-3-weeks,Go
bregman-arie/devops-exercises,cloudgrimm,7,cloudgrimm/istio,Go
bregman-arie/devops-exercises,AhGhanima,4,AhGhanima/ag-grid-components,TypeScript
bregman-arie/devops-exercises,AhGhanima,4,AhGhanima/aws-blockchain-node-runners,TypeScript
bregman-arie/devops-exercises,AhGhanima,4,AhGhanima/Binance-Websocket-Price-Tracker,JavaScript
bregman-arie/devops-exercises,AhGhanima,4,AhGhanima/ChatApp,JavaScript
bregman-arie/devops-exercises,AhGhanima,4,AhGhanima/devops-essentials-sample-app,HTML
bregman-arie/devops-exercises,AhGhanima,4,AhGhanima/devops-interview-questions,Groovy
bregman-arie/devops-exercises,AhGhanima,4,AhGhanima/voten,PHP
bregman-arie/devops-exercises,AhGhanima,4,AhGhanima/windows-build-tools,TypeScript
bregman-arie/devops-exercises,chimons,4,chimons/email-templates,HTML
bregman-arie/devops-exercises,chimons,4,chimons/simplewebpage2,PHP
bregman-arie/devops-exercises,McJacko,4,McJacko/PowerShell_Scripts,PowerShell
bregman-arie/devops-exercises,susenj,4,susenj/camunda-bpm-examples,JavaScript
bregman-arie/devops-exercises,susenj,4,susenj/cloudynotes,HCL
bregman-arie/devops-exercises,susenj,4,susenj/CVE-2019-0230,Shell
bregman-arie/devops-exercises,susenj,4,susenj/java-saml,Java
bregman-arie/devops-exercises,susenj,4,susenj/linux-dot-files,Emacs Lisp
bregman-arie/devops-exercises,susenj,4,susenj/maven-java-sample,Java
bregman-arie/devops-exercises,susenj,4,susenj/SpringPetClinic,Java
bregman-arie/devops-exercises,susenj,4,susenj/testme,HTML
abi/screenshot-to-code,abi,650,abi/2-06PM,Objective-C
abi/screenshot-to-code,abi,650,abi/2-Fast-2-Furious,C
abi/screenshot-to-code,abi,650,abi/abi.github.com,Ruby
abi/screenshot-to-code,abi,650,abi/Agrume,Swift
abi/screenshot-to-code,abi,650,abi/apple-icon-gen,JavaScript
abi/screenshot-to-code,abi,650,abi/august-expo-jam,JavaScript
abi/screenshot-to-code,abi,650,abi/azonto,CSS
abi/screenshot-to-code,abi,650,abi/big-dev-soon-business-card,HTML
abi/screenshot-to-code,abi,650,abi/big-dev-soon-notes-app,HTML
abi/screenshot-to-code,abi,650,abi/boilerplate,JavaScript
abi/screenshot-to-code,abi,650,abi/Brightroom,Swift
abi/screenshot-to-code,abi,650,abi/chatgpt-api,TypeScript
abi/screenshot-to-code,abi,650,abi/chatgpt-chrome,JavaScript
abi/screenshot-to-code,abi,650,abi/codeGPT,TypeScript
abi/screenshot-to-code,abi,650,abi/coffee-script,CoffeeScript
abi/screenshot-to-code,abi,650,abi/commonmark.js,JavaScript
abi/screenshot-to-code,abi,650,abi/core-lang,Haskell
abi/screenshot-to-code,clean99,23,clean99/ant-design,TypeScript
abi/screenshot-to-code,clean99,23,clean99/bird,JavaScript
abi/screenshot-to-code,clean99,23,clean99/birdy,HTML
abi/screenshot-to-code,clean99,23,clean99/blockchain-in-js,TypeScript
abi/screenshot-to-code,clean99,23,clean99/btc-gaming-platform,TypeScript
abi/screenshot-to-code,clean99,23,clean99/btc-onchain-gaming-platform,JavaScript
abi/screenshot-to-code,clean99,23,clean99/chatgpt-study-with-me,TypeScript
abi/screenshot-to-code,clean99,23,clean99/clean-blog,HTML
abi/screenshot-to-code,clean99,23,clean99/clean99.github.io,HTML
abi/screenshot-to-code,clean99,23,clean99/doraemon-ai-home,TypeScript
abi/screenshot-to-code,clean99,23,clean99/figma-faker,TypeScript
abi/screenshot-to-code,clean99,23,clean99/FigmaToCode,HTML
abi/screenshot-to-code,clean99,23,clean99/gpt-prompt-kit,TypeScript
abi/screenshot-to-code,clean99,23,clean99/nodejs.dev,TypeScript
abi/screenshot-to-code,clean99,23,clean99/sicp,JavaScript
abi/screenshot-to-code,clean99,23,clean99/simple-implement-of-various-frontend-tools,JavaScript
abi/screenshot-to-code,clean99,23,clean99/TalkGuidanceGPT,TypeScript
abi/screenshot-to-code,kachbit,15,kachbit/CDN,JavaScript
abi/screenshot-to-code,kachbit,15,kachbit/devstudio,C#
abi/screenshot-to-code,kachbit,15,kachbit/etymolograph,JavaScript
abi/screenshot-to-code,kachbit,15,kachbit/FileTree-UI,JavaScript
abi/screenshot-to-code,kachbit,15,kachbit/FoodOptimizer,HTML
abi/screenshot-to-code,kachbit,15,kachbit/frontenddemo,JavaScript
abi/screenshot-to-code,kachbit,15,kachbit/geogo,HTML
abi/screenshot-to-code,kachbit,15,kachbit/HTML-Mirrorer,HTML
abi/screenshot-to-code,kachbit,15,kachbit/HtmlEditor,HTML
abi/screenshot-to-code,kachbit,15,kachbit/knowledgable,HTML
abi/screenshot-to-code,kachbit,15,kachbit/lib,JavaScript
abi/screenshot-to-code,kachbit,15,kachbit/Menubar-UI,CSS
abi/screenshot-to-code,kachbit,15,kachbit/message-UI,HTML
abi/screenshot-to-code,kachbit,15,kachbit/misaka.themes,EJS
abi/screenshot-to-code,kachbit,15,kachbit/query-autocomplete,JavaScript
abi/screenshot-to-code,kachbit,15,kachbit/recursion-algorithm,JavaScript
abi/screenshot-to-code,kachbit,15,kachbit/recursive-directory-to-JSON,JavaScript
abi/screenshot-to-code,kachbit,15,kachbit/screenshot-to-code,TypeScript
abi/screenshot-to-code,justindhillon,6,justindhillon/accessibleweb.page,HTML
abi/screenshot-to-code,justindhillon,6,justindhillon/atomicals-js,TypeScript
abi/screenshot-to-code,justindhillon,6,justindhillon/bitcoin,C++
abi/screenshot-to-code,justindhillon,6,justindhillon/community-chat,JavaScript
abi/screenshot-to-code,justindhillon,6,justindhillon/FastUI,TypeScript
abi/screenshot-to-code,justindhillon,6,justindhillon/GestureScript,TypeScript
abi/screenshot-to-code,justindhillon,6,justindhillon/gltfjsx-issue--249,TypeScript
abi/screenshot-to-code,justindhillon,6,justindhillon/gpt-crawler,TypeScript
abi/screenshot-to-code,justindhillon,6,justindhillon/gruvbox-awesomewm,CSS
abi/screenshot-to-code,justindhillon,6,justindhillon/helpingeyes.tech,JavaScript
abi/screenshot-to-code,justindhillon,6,justindhillon/link-inspector,TypeScript
abi/screenshot-to-code,justindhillon,6,justindhillon/lobe-chat,TypeScript
abi/screenshot-to-code,justindhillon,6,justindhillon/maestro,Rust
abi/screenshot-to-code,dialmedu,6,dialmedu/ADSI_DesarrolloSoftware,CSS
abi/screenshot-to-code,dialmedu,6,dialmedu/Almacen,Java
abi/screenshot-to-code,dialmedu,6,dialmedu/asana-time-track,CSS
abi/screenshot-to-code,dialmedu,6,dialmedu/astro-quickstart,Astro
abi/screenshot-to-code,dialmedu,6,dialmedu/box_show,JavaScript
abi/screenshot-to-code,dialmedu,6,dialmedu/cafekaldi.github.io,CSS
abi/screenshot-to-code,dialmedu,6,dialmedu/cafekaldiweb,HTML
abi/screenshot-to-code,dialmedu,6,dialmedu/CalculadoraDinero,JavaScript
abi/screenshot-to-code,dialmedu,6,dialmedu/candy-api,PHP
abi/screenshot-to-code,dialmedu,6,dialmedu/CursoGit,HTML
abi/screenshot-to-code,dialmedu,6,dialmedu/dialmedu.github.io,HTML
abi/screenshot-to-code,dialmedu,6,dialmedu/DM-AutoPrint-Order,Java
abi/screenshot-to-code,dialmedu,6,dialmedu/documentos_facturas,PHP
abi/screenshot-to-code,dialmedu,6,dialmedu/facturacion_base,PHP
abi/screenshot-to-code,dialmedu,6,dialmedu/facturascripts_2015,PHP
abi/screenshot-to-code,dialmedu,6,dialmedu/flowershop,CSS
abi/screenshot-to-code,dialmedu,6,dialmedu/grav,PHP
abi/screenshot-to-code,dialmedu,6,dialmedu/helpet-FE,Vue
abi/screenshot-to-code,dialmedu,6,dialmedu/Herramientas-Informaticas,HTML
abi/screenshot-to-code,dialmedu,6,dialmedu/Java-NetFlix,Java
abi/screenshot-to-code,vagusX,6,vagusX/angular2-components,TypeScript
abi/screenshot-to-code,vagusX,6,vagusX/ant-design,TypeScript
abi/screenshot-to-code,vagusX,6,vagusX/antd-codemod-fixtures,JavaScript
abi/screenshot-to-code,vagusX,6,vagusX/antd4-bundle-analysis,TypeScript
abi/screenshot-to-code,vagusX,6,vagusX/autocomplete.js,TypeScript
abi/screenshot-to-code,vagusX,6,vagusX/awesome-vagusX,Shell
abi/screenshot-to-code,vagusX,6,vagusX/babel,JavaScript
abi/screenshot-to-code,vagusX,6,vagusX/berry,TypeScript
abi/screenshot-to-code,vagusX,6,vagusX/blog,TypeScript
abi/screenshot-to-code,vagusX,6,vagusX/ChatGPT-Next-Web,TypeScript
abi/screenshot-to-code,vagusX,6,vagusX/Choices,JavaScript
abi/screenshot-to-code,vagusX,6,vagusX/compatible,TypeScript
abi/screenshot-to-code,vagusX,6,vagusX/css-hot-loader,JavaScript
abi/screenshot-to-code,naman1608,4,naman1608/Clarket,PHP
abi/screenshot-to-code,naman1608,4,naman1608/Hack-CP-DSA,C++
abi/screenshot-to-code,naman1608,4,naman1608/internship-learning,JavaScript
abi/screenshot-to-code,naman1608,4,naman1608/Medicator-Flutter,Dart
abi/screenshot-to-code,naman1608,4,naman1608/Pay-Share,Dart
abi/screenshot-to-code,naman1608,4,naman1608/phpmyadmin,PHP
abi/screenshot-to-code,naman1608,4,naman1608/Semantic-UI-React,JavaScript
abi/screenshot-to-code,AlexLloyd0,3,AlexLloyd0/html-aria,HTML
abi/screenshot-to-code,AlexLloyd0,3,AlexLloyd0/jest-coverage-report-action-bug-demo,TypeScript
abi/screenshot-to-code,AlexLloyd0,3,AlexLloyd0/semantic-locators,JavaScript
abi/screenshot-to-code,steadily-worked,2,steadily-worked/2020-4Q,JavaScript
abi/screenshot-to-code,steadily-worked,2,steadily-worked/2021,JavaScript
abi/screenshot-to-code,steadily-worked,2,steadily-worked/blog,JavaScript
abi/screenshot-to-code,steadily-worked,2,steadily-worked/DataScience,Jupyter Notebook
abi/screenshot-to-code,steadily-worked,2,steadily-worked/github-actions-playground,TypeScript
abi/screenshot-to-code,steadily-worked,2,steadily-worked/JS-basic,JavaScript
abi/screenshot-to-code,steadily-worked,2,steadily-worked/July,Jupyter Notebook
abi/screenshot-to-code,steadily-worked,2,steadily-worked/leptostic,CSS
abi/screenshot-to-code,steadily-worked,2,steadily-worked/maplestory,HTML
abi/screenshot-to-code,steadily-worked,2,steadily-worked/March,HTML
abi/screenshot-to-code,steadily-worked,2,steadily-worked/next.js,JavaScript
abi/screenshot-to-code,steadily-worked,2,steadily-worked/nextjs-playground,JavaScript
abi/screenshot-to-code,steadily-worked,2,steadily-worked/React-basic,JavaScript
abi/screenshot-to-code,steadily-worked,2,steadily-worked/react-world,CSS
abi/screenshot-to-code,steadily-worked,2,steadily-worked/sangmin.dev,MDX
abi/screenshot-to-code,steadily-worked,2,steadily-worked/screenshot-to-code,TypeScript
abi/screenshot-to-code,steadily-worked,2,steadily-worked/showmethatcode,HTML
abi/screenshot-to-code,steadily-worked,2,steadily-worked/state-management-libraries,TypeScript
abi/screenshot-to-code,steadily-worked,2,steadily-worked/turbo,Rust
abi/screenshot-to-code,steadily-worked,2,steadily-worked/TypeScript-basic,TypeScript
pallets/flask,mitsuhiko,1189,mitsuhiko/actix-website,HTML
pallets/flask,mitsuhiko,1189,mitsuhiko/aoc19,Rust
pallets/flask,mitsuhiko,1189,mitsuhiko/arewewebyet,CSS
pallets/flask,mitsuhiko,1189,mitsuhiko/argument,Rust
pallets/flask,mitsuhiko,1189,mitsuhiko/babel-website,CSS
pallets/flask,mitsuhiko,1189,mitsuhiko/backoff,Rust
pallets/flask,mitsuhiko,1189,mitsuhiko/bat,Rust
pallets/flask,mitsuhiko,1189,mitsuhiko/better-panic,Rust
pallets/flask,mitsuhiko,1189,mitsuhiko/blockpuzzle,C#
pallets/flask,mitsuhiko,1189,mitsuhiko/calm-test,JavaScript
pallets/flask,mitsuhiko,1189,mitsuhiko/cargo-expand,Rust
pallets/flask,mitsuhiko,1189,mitsuhiko/cbindgen,Rust
pallets/flask,mitsuhiko,1189,mitsuhiko/clap-rs,Rust
pallets/flask,untitaker,274,untitaker/actix-web,Rust
pallets/flask,untitaker,274,untitaker/aoc2019,Haskell
pallets/flask,untitaker,274,untitaker/aoc2023,Shell
pallets/flask,untitaker,274,untitaker/api-test-suite,Ruby
pallets/flask,untitaker,274,untitaker/appcachefacts,JavaScript
pallets/flask,untitaker,274,untitaker/aur-packages,Shell
pallets/flask,untitaker,274,untitaker/Baikal,PHP
pallets/flask,untitaker,274,untitaker/blocktogether,JavaScript
pallets/flask,untitaker,274,untitaker/blog,CSS
pallets/flask,untitaker,274,untitaker/brave-fingerprinting-demo,HTML
pallets/flask,untitaker,274,untitaker/cargo,Rust
pallets/flask,untitaker,274,untitaker/cargo-web,Rust
pallets/flask,untitaker,274,untitaker/cbindgen,Rust
pallets/flask,untitaker,274,untitaker/cbindgen-recursion,Rust
pallets/flask,untitaker,274,untitaker/clap-rs,Rust
pallets/flask,untitaker,274,untitaker/clicolors-control,Rust
pallets/flask,rduplain,122,rduplain/Adafruit-MAX31855-library,C++
pallets/flask,rduplain,122,rduplain/ArduinoMap,C++
pallets/flask,rduplain,122,rduplain/emojipacks,HTML
pallets/flask,rduplain,122,rduplain/eq,Lua
pallets/flask,rduplain,122,rduplain/hello-cljs,Shell
pallets/flask,rduplain,122,rduplain/home,Shell
pallets/flask,rduplain,122,rduplain/hosts,Batchfile
pallets/flask,rduplain,122,rduplain/inf-janet,Emacs Lisp
pallets/flask,rduplain,122,rduplain/janet-mode,Emacs Lisp
pallets/flask,rduplain,122,rduplain/Makefile.d,Makefile
pallets/flask,rduplain,122,rduplain/mal,Assembly
pallets/flask,rduplain,122,rduplain/memo-builder,Shell
pallets/flask,rduplain,122,rduplain/MyAdwaita,CSS
pallets/flask,rduplain,122,rduplain/nixd,Shell
pallets/flask,rduplain,122,rduplain/node-http-proxy-middleware-host-rewrite,JavaScript
pallets/flask,rduplain,122,rduplain/notice,Shell
pallets/flask,rduplain,122,rduplain/poorman,Shell
pallets/flask,rduplain,122,rduplain/qwerty.sh,Shell
pallets/flask,rduplain,122,rduplain/reqd,Shell
pallets/flask,rduplain,122,rduplain/textproto,Java
pallets/flask,greyli,105,greyli/albumy,JavaScript
pallets/flask,greyli,105,greyli/bluelog,JavaScript
pallets/flask,greyli,105,greyli/calculator,JavaScript
pallets/flask,greyli,105,greyli/caniusepython3.com,JavaScript
pallets/flask,greyli,105,greyli/catchat,CSS
pallets/flask,greyli,105,greyli/cn.vuejs.org,JavaScript
pallets/flask,greyli,105,greyli/coscup2019-slide,CSS
pallets/flask,greyli,105,greyli/fanxiangce,HTML
pallets/flask,DasIch,86,DasIch/advent-of-code,Rust
pallets/flask,DasIch,86,DasIch/Brainfuck,Haskell
pallets/flask,DasIch,86,DasIch/distracing,Rust
pallets/flask,DasIch,86,DasIch/dotfiles,VimL
pallets/flask,DasIch,86,DasIch/dotfiles-old,VimL
pallets/flask,DasIch,86,DasIch/eopl,Scheme
pallets/flask,DasIch,86,DasIch/f4ha,JavaScript
pallets/flask,kennethreitz,59,kennethreitz/12factor,Ruby
pallets/flask,kennethreitz,59,kennethreitz/awesome-cdn,HTML
pallets/flask,kennethreitz,59,kennethreitz/conda-buildpack,Shell
pallets/flask,kennethreitz,59,kennethreitz/context,HTML
pallets/flask,kennethreitz,59,kennethreitz/dive-into-python3,JavaScript
pallets/flask,kennethreitz,59,kennethreitz/elonpoetrytracker,HTML
pallets/flask,pgjones,50,pgjones/async_await_stack_article,JavaScript
pallets/flask,pgjones,50,pgjones/avalanche,C++
pallets/flask,pgjones,50,pgjones/Avaons,C++
pallets/flask,pgjones,50,pgjones/bblimits,JavaScript
pallets/flask,pgjones,50,pgjones/cpy,C++
pallets/flask,pgjones,50,pgjones/DefinitelyTyped,TypeScript
binary-husky/gpt_academic,binary-husky,1310,binary-husky/autogen,Jupyter Notebook
binary-husky/gpt_academic,binary-husky,1310,binary-husky/BBDown,C#
binary-husky/gpt_academic,binary-husky,1310,binary-husky/bibtex-autocomplete,TeX
binary-husky/gpt_academic,binary-husky,1310,binary-husky/gradio-fix,HTML
binary-husky/gpt_academic,binary-husky,1310,binary-husky/ipc_main,C++
binary-husky/gpt_academic,binary-sky,495,binary-sky/2018-NXP-CUIT-WD,C
binary-husky/gpt_academic,binary-sky,495,binary-sky/apollo,C++
binary-husky/gpt_academic,binary-sky,495,binary-sky/dirent,C
binary-husky/gpt_academic,binary-sky,495,binary-sky/ExtremeLowLight,Java
binary-husky/gpt_academic,binary-sky,495,binary-sky/proxyee-down,Java
binary-husky/gpt_academic,binary-sky,495,binary-sky/VisionSimulator,C++
binary-husky/gpt_academic,binary-sky,495,binary-sky/VisionSimulator_MATLAB-VS,MATLAB
binary-husky/gpt_academic,Skyzayre,44,Skyzayre/MaaAssistantArknights,C++
binary-husky/gpt_academic,Skyzayre,44,Skyzayre/MyIP,Vue
binary-husky/gpt_academic,Menghuan1918,21,Menghuan1918/chinese-independent-blogs,JavaScript
binary-husky/gpt_academic,Menghuan1918,21,Menghuan1918/dify,TypeScript
binary-husky/gpt_academic,Menghuan1918,21,Menghuan1918/FastGPT,TypeScript
binary-husky/gpt_academic,Menghuan1918,21,Menghuan1918/JavaShootGame,Java
binary-husky/gpt_academic,Menghuan1918,21,Menghuan1918/Noa,AMPL
binary-husky/gpt_academic,Menghuan1918,21,Menghuan1918/open-webui,Svelte
binary-husky/gpt_academic,Menghuan1918,21,Menghuan1918/pdfdeal-docs,TypeScript
binary-husky/gpt_academic,Menghuan1918,21,Menghuan1918/pot-app-recognize-plugin-doc2x,JavaScript
binary-husky/gpt_academic,Menghuan1918,21,Menghuan1918/pot-app-recognize-plugin-paddle,JavaScript
binary-husky/gpt_academic,Menghuan1918,21,Menghuan1918/uvv,Shell
binary-husky/gpt_academic,Menghuan1918,21,Menghuan1918/WebPage,TypeScript
binary-husky/gpt_academic,Keldos-Li,9,Keldos-Li/AutoCard,Java
binary-husky/gpt_academic,Keldos-Li,9,Keldos-Li/Celechron,Dart
binary-husky/gpt_academic,Keldos-Li,9,Keldos-Li/Dynamic-Wallpaper-Generator,Swift
binary-husky/gpt_academic,Keldos-Li,9,Keldos-Li/gradio,HTML
binary-husky/gpt_academic,Keldos-Li,9,Keldos-Li/han-manual,Sass
binary-husky/gpt_academic,Keldos-Li,9,Keldos-Li/Keldos-Li.github.io,HTML
binary-husky/gpt_academic,Keldos-Li,9,Keldos-Li/Kelpy-Codos,JavaScript
binary-husky/gpt_academic,Keldos-Li,9,Keldos-Li/P-pic,MATLAB
binary-husky/gpt_academic,Keldos-Li,9,Keldos-Li/typora-latex-theme,SCSS
binary-husky/gpt_academic,Kilig947,8,Kilig947/anires,Vue
binary-husky/gpt_academic,Kilig947,8,Kilig947/jwc-master,Java
binary-husky/gpt_academic,Kilig947,8,Kilig947/Kilig947.github.io,HTML
binary-husky/gpt_academic,Kilig947,8,Kilig947/relsssss,PHP
binary-husky/gpt_academic,Kilig947,8,Kilig947/weixing,Java
binary-husky/gpt_academic,Kilig947,8,Kilig947/yilia_blog,JavaScript
binary-husky/gpt_academic,hongyi-zhao,6,hongyi-zhao/3410worksheets,Jupyter Notebook
binary-husky/gpt_academic,hongyi-zhao,6,hongyi-zhao/apollo,C++
binary-husky/gpt_academic,hongyi-zhao,6,hongyi-zhao/bash-it,Shell
binary-husky/gpt_academic,hongyi-zhao,6,hongyi-zhao/ChatGPT,Jupyter Notebook
binary-husky/gpt_academic,hongyi-zhao,6,hongyi-zhao/cnidcal,Jupyter Notebook
binary-husky/gpt_academic,hongyi-zhao,6,hongyi-zhao/cryst,GAP
binary-husky/gpt_academic,hongyi-zhao,6,hongyi-zhao/CrystKit,GAP
d2l-ai/d2l-zh,astonzhang,2118,astonzhang/astonzhang.github.io,JavaScript
d2l-ai/d2l-zh,astonzhang,2118,astonzhang/Attendize,PHP
d2l-ai/d2l-zh,astonzhang,2118,astonzhang/code-of-learn-deep-learning-with-pytorch,Jupyter Notebook
d2l-ai/d2l-zh,astonzhang,2118,astonzhang/d2l-1day,Shell
d2l-ai/d2l-zh,astonzhang,2118,astonzhang/dlsys-course.github.io,Jupyter Notebook
d2l-ai/d2l-zh,astonzhang,2118,astonzhang/go-ethereum,Go
d2l-ai/d2l-zh,astonzhang,2118,astonzhang/incubator-mxnet,C++
d2l-ai/d2l-zh,astonzhang,2118,astonzhang/KDD19-tutorial,Jupyter Notebook
d2l-ai/d2l-zh,astonzhang,2118,astonzhang/md2xliff,JavaScript
d2l-ai/d2l-zh,astonzhang,2118,astonzhang/mxnet-the-straight-dope,Jupyter Notebook
d2l-ai/d2l-zh,astonzhang,2118,astonzhang/mxnet-zh.github.io,HTML
d2l-ai/d2l-zh,astonzhang,2118,astonzhang/new-docs,R
d2l-ai/d2l-zh,mli,531,mli/15721-ta,C++
d2l-ai/d2l-zh,mli,531,mli/ag-docs,Jupyter Notebook
d2l-ai/d2l-zh,mli,531,mli/d2l-1day-notebooks-zh,Jupyter Notebook
d2l-ai/d2l-zh,mli,531,mli/d2l-1day-zh,Shell
d2l-ai/d2l-zh,mli,531,mli/deepnumpy-doc,JavaScript
d2l-ai/d2l-zh,mli,531,mli/deps,Shell
d2l-ai/d2l-zh,mli,531,mli/furo,Sass
d2l-ai/d2l-zh,mli,531,mli/mli.github.io,CSS
d2l-ai/d2l-zh,mli,531,mli/mx-theme,CSS
d2l-ai/d2l-zh,mli,531,mli/mxnet-benchmark,Shell
d2l-ai/d2l-zh,mli,531,mli/new-docs,R
d2l-ai/d2l-zh,mli,531,mli/nystrom,Matlab
d2l-ai/d2l-zh,mli,531,mli/parsa,C++
d2l-ai/d2l-zh,mli,531,mli/powerball,Matlab
d2l-ai/d2l-zh,mli,531,mli/transformers-benchmarks,Jupyter Notebook
d2l-ai/d2l-zh,goldmermaid,307,goldmermaid/Adaptive-Rejection-Sampler,R
d2l-ai/d2l-zh,goldmermaid,307,goldmermaid/ako2020-bert,Jupyter Notebook
d2l-ai/d2l-zh,goldmermaid,307,goldmermaid/aws-machine-learning-university-accelerated-cv,Jupyter Notebook
d2l-ai/d2l-zh,goldmermaid,307,goldmermaid/berkeley-stat-157,Jupyter Notebook
d2l-ai/d2l-zh,goldmermaid,307,goldmermaid/CambioML.github.io,TypeScript
d2l-ai/d2l-zh,goldmermaid,307,goldmermaid/checklist,Jupyter Notebook
d2l-ai/d2l-zh,goldmermaid,307,goldmermaid/d2l-1day,Shell
d2l-ai/d2l-zh,goldmermaid,307,goldmermaid/d2l-pytorch-slides,Jupyter Notebook
d2l-ai/d2l-zh,goldmermaid,307,goldmermaid/d2l_parser,Jupyter Notebook
d2l-ai/d2l-zh,goldmermaid,307,goldmermaid/documentation,MDX
d2l-ai/d2l-zh,goldmermaid,307,goldmermaid/ECMLPKDD2020,Jupyter Notebook
d2l-ai/d2l-zh,goldmermaid,307,goldmermaid/goldmermaid.github.io,SCSS
d2l-ai/d2l-zh,goldmermaid,307,goldmermaid/gtc2020,Jupyter Notebook
d2l-ai/d2l-zh,goldmermaid,307,goldmermaid/gtc2021,HTML
d2l-ai/d2l-zh,goldmermaid,307,goldmermaid/incubator-mxnet,C++
d2l-ai/d2l-zh,goldmermaid,307,goldmermaid/KDD-2020,Jupyter Notebook
d2l-ai/d2l-zh,goldmermaid,307,goldmermaid/kdd-2024-rag-vs-finetuning,Jupyter Notebook
d2l-ai/d2l-zh,goldmermaid,307,goldmermaid/Memory-Brand-Recall,Jupyter Notebook
d2l-ai/d2l-zh,goldmermaid,307,goldmermaid/mini-amazon-go,Jupyter Notebook
d2l-ai/d2l-zh,goldmermaid,307,goldmermaid/mlrs,Jupyter Notebook
d2l-ai/d2l-zh,goldmermaid,307,goldmermaid/MLU-MLOps,Jupyter Notebook
d2l-ai/d2l-zh,goldmermaid,307,goldmermaid/MLU-MLOps-Lab,Jupyter Notebook
d2l-ai/d2l-zh,goldmermaid,307,goldmermaid/model_monitor,Jupyter Notebook
d2l-ai/d2l-zh,xiaotinghe,114,xiaotinghe/alicloudPred,Jupyter Notebook
d2l-ai/d2l-zh,xiaotinghe,114,xiaotinghe/berkeley-stat-157,Jupyter Notebook
d2l-ai/d2l-zh,xiaotinghe,114,xiaotinghe/blog,HTML
d2l-ai/d2l-zh,xiaotinghe,114,xiaotinghe/CourseSelect,Ruby
d2l-ai/d2l-zh,xiaotinghe,114,xiaotinghe/IBMYes,Batchfile
d2l-ai/d2l-zh,xiaotinghe,114,xiaotinghe/lambda-opencv,Dockerfile
d2l-ai/d2l-zh,xiaotinghe,114,xiaotinghe/PCM,Jupyter Notebook
d2l-ai/d2l-zh,xiaotinghe,114,xiaotinghe/ProjectOxford-PHP-SDK,PHP
d2l-ai/d2l-zh,xiaotinghe,114,xiaotinghe/PyTorch-Tutorial,Jupyter Notebook
d2l-ai/d2l-zh,xiaotinghe,114,xiaotinghe/sharelatex,CoffeeScript
d2l-ai/d2l-zh,xiaotinghe,114,xiaotinghe/SimulateAnneal,C++
d2l-ai/d2l-zh,zhuyuanxiang,48,zhuyuanxiang/BeginningPython-3rd,Jupyter Notebook
d2l-ai/d2l-zh,zhuyuanxiang,48,zhuyuanxiang/CplusplusProgramDesign3rd,C++
d2l-ai/d2l-zh,zhuyuanxiang,48,zhuyuanxiang/DeepLearning,Jupyter Notebook
d2l-ai/d2l-zh,zhuyuanxiang,48,zhuyuanxiang/DeepLearning-Notes,HTML
d2l-ai/d2l-zh,zhuyuanxiang,48,zhuyuanxiang/EasyTransfer-Examples,Jupyter Notebook
d2l-ai/d2l-zh,zhuyuanxiang,48,zhuyuanxiang/gan,Jupyter Notebook
d2l-ai/d2l-zh,zhuyuanxiang,48,zhuyuanxiang/git-java,Java
d2l-ai/d2l-zh,zhuyuanxiang,48,zhuyuanxiang/introduction_to_ml_with_python_cn,Jupyter Notebook
d2l-ai/d2l-zh,zhuyuanxiang,48,zhuyuanxiang/NLTK-Python-CN,Jupyter Notebook
d2l-ai/d2l-zh,zhuyuanxiang,48,zhuyuanxiang/pangu-markdown-vscode,JavaScript
d2l-ai/d2l-zh,szha,26,szha/Adv360-Pro-ZMK,Shell
d2l-ai/d2l-zh,szha,26,szha/blog,CSS
d2l-ai/d2l-zh,szha,26,szha/dmlc-core,C++
d2l-ai/d2l-zh,szha,26,szha/incubator-mxnet-site,HTML
d2l-ai/d2l-zh,AnirudhDagar,21,AnirudhDagar/ACM-ICPC-Preparation,C++
d2l-ai/d2l-zh,AnirudhDagar,21,AnirudhDagar/advertorch,Jupyter Notebook
d2l-ai/d2l-zh,AnirudhDagar,21,AnirudhDagar/array-api-demo,Jupyter Notebook
d2l-ai/d2l-zh,AnirudhDagar,21,AnirudhDagar/awesome-deep-learning-papers,TeX
d2l-ai/d2l-zh,AnirudhDagar,21,AnirudhDagar/Competitive-Coding,C++
d2l-ai/d2l-zh,AnirudhDagar,21,AnirudhDagar/data-science-question-answer,Jupyter Notebook
d2l-ai/d2l-zh,AnirudhDagar,21,AnirudhDagar/dotfiles,Shell
d2l-ai/d2l-zh,AnirudhDagar,21,AnirudhDagar/gh-tracker,JavaScript
d2l-ai/d2l-zh,yanwenlei,17,yanwenlei/30dayMakeOS,C
d2l-ai/d2l-zh,yanwenlei,17,yanwenlei/android_kernel_lenovo_aio_otfp,C
d2l-ai/d2l-zh,yanwenlei,17,yanwenlei/conv_arithmetic,TeX
d2l-ai/d2l-zh,yanwenlei,17,yanwenlei/CustomerManagement,Java
d2l-ai/d2l-zh,yanwenlei,17,yanwenlei/DPlayer,JavaScript
d2l-ai/d2l-zh,yanwenlei,17,yanwenlei/notedown,Jupyter Notebook
d2l-ai/d2l-zh,yanwenlei,17,yanwenlei/seckill,Java
d2l-ai/d2l-zh,yanwenlei,17,yanwenlei/shiro,JavaScript
d2l-ai/d2l-zh,yanwenlei,17,yanwenlei/ssm,Java
d2l-ai/d2l-zh,yanwenlei,17,yanwenlei/The-Art-Of-Programming-By-July,C
d2l-ai/d2l-zh,yanwenlei,17,yanwenlei/translation-spring-mvc-4-documentation,JavaScript
d2l-ai/d2l-zh,yanwenlei,17,yanwenlei/tvm,C++
d2l-ai/d2l-zh,yanwenlei,17,yanwenlei/visualstudio-docs.zh-cn,PowerShell
d2l-ai/d2l-zh,xinetzone,17,xinetzone/AI-Lab,Jupyter Notebook
d2l-ai/d2l-zh,xinetzone,17,xinetzone/aispace,Jupyter Notebook
d2l-ai/d2l-zh,xinetzone,17,xinetzone/AKOA,Jupyter Notebook
d2l-ai/d2l-zh,xinetzone,17,xinetzone/atom,Jupyter Notebook
d2l-ai/d2l-zh,xinetzone,17,xinetzone/blog-demo,Batchfile
d2l-ai/d2l-zh,xinetzone,17,xinetzone/cbook,TeX
d2l-ai/d2l-zh,xinetzone,17,xinetzone/chaos-task,Jupyter Notebook
d2l-ai/d2l-zh,xinetzone,17,xinetzone/CSA-inpainting,Jupyter Notebook
d2l-ai/d2l-zh,xinetzone,17,xinetzone/cv-actions,TeX
d2l-ai/d2l-zh,xinetzone,17,xinetzone/daily-notes,TeX
d2l-ai/d2l-zh,xinetzone,17,xinetzone/dash-editor,Jupyter Notebook
josephmisiti/awesome-machine-learning,josephmisiti,875,josephmisiti/80s.nyc,JavaScript
josephmisiti/awesome-machine-learning,josephmisiti,875,josephmisiti/andrewschoen.github.com,JavaScript
josephmisiti/awesome-machine-learning,josephmisiti,875,josephmisiti/anki-decks_italian-ipa,PLpgSQL
josephmisiti/awesome-machine-learning,josephmisiti,875,josephmisiti/Anypic,Objective-C
josephmisiti/awesome-machine-learning,josephmisiti,875,josephmisiti/authboss-sample,Go
josephmisiti/awesome-machine-learning,josephmisiti,875,josephmisiti/Backbone-d3,JavaScript
josephmisiti/awesome-machine-learning,josephmisiti,875,josephmisiti/backbone-faceted-search,JavaScript
josephmisiti/awesome-machine-learning,hslatman,21,hslatman/acmez,Go
josephmisiti/awesome-machine-learning,hslatman,21,hslatman/apip-http-cache,PHP
josephmisiti/awesome-machine-learning,hslatman,21,hslatman/arsclassica,TeX
josephmisiti/awesome-machine-learning,hslatman,21,hslatman/awesome-ctf,JavaScript
josephmisiti/awesome-machine-learning,hslatman,21,hslatman/balena-sdk-go,Go
josephmisiti/awesome-machine-learning,stjepanjurekovic,19,stjepanjurekovic/AspNet.Security.OpenIdConnect.Server,C#
josephmisiti/awesome-machine-learning,stjepanjurekovic,19,stjepanjurekovic/awesome-AI-books,Jupyter Notebook
josephmisiti/awesome-machine-learning,stjepanjurekovic,19,stjepanjurekovic/awesome-angular,HTML
josephmisiti/awesome-machine-learning,stjepanjurekovic,19,stjepanjurekovic/awesome-appsec,PHP
josephmisiti/awesome-machine-learning,stjepanjurekovic,19,stjepanjurekovic/awesome-azure,PowerShell
josephmisiti/awesome-machine-learning,stjepanjurekovic,19,stjepanjurekovic/awesome-azure-learning,PowerShell
josephmisiti/awesome-machine-learning,stjepanjurekovic,19,stjepanjurekovic/awesome-blockchain,Go
josephmisiti/awesome-machine-learning,0asa,12,0asa/0asa.github.io,HTML
josephmisiti/awesome-machine-learning,0asa,12,0asa/algorithm,Scala
josephmisiti/awesome-machine-learning,0asa,12,0asa/Azure-TDSP-ProjectTemplate,R
josephmisiti/awesome-machine-learning,0asa,12,0asa/bat,Rust
josephmisiti/awesome-machine-learning,0asa,12,0asa/brushfire,Scala
josephmisiti/awesome-machine-learning,0asa,12,0asa/country-geolocation-data,PHP
josephmisiti/awesome-machine-learning,0asa,12,0asa/Dashello,HTML
josephmisiti/awesome-machine-learning,0asa,12,0asa/homebrew-cask,Ruby
josephmisiti/awesome-machine-learning,0asa,12,0asa/Requests,PHP
josephmisiti/awesome-machine-learning,ajkl,11,ajkl/ajkl.github.io,JavaScript
josephmisiti/awesome-machine-learning,ajkl,11,ajkl/ajkl.github.io.test,HTML
josephmisiti/awesome-machine-learning,ajkl,11,ajkl/annoy,C++
josephmisiti/awesome-machine-learning,ajkl,11,ajkl/benchm-ml,R
josephmisiti/awesome-machine-learning,ajkl,11,ajkl/caffe,C++
josephmisiti/awesome-machine-learning,ajkl,11,ajkl/char-rnn,Lua
josephmisiti/awesome-machine-learning,ajkl,11,ajkl/cs231n-stanford,Jupyter Notebook
josephmisiti/awesome-machine-learning,ajkl,11,ajkl/dataframes-cheatsheet,Julia
josephmisiti/awesome-machine-learning,ajkl,11,ajkl/dataproc-initialization-actions,Shell
josephmisiti/awesome-machine-learning,ajkl,11,ajkl/ExData_Plotting1,R
josephmisiti/awesome-machine-learning,ajkl,11,ajkl/fastText,C++
josephmisiti/awesome-machine-learning,ajkl,11,ajkl/flex,CSS
josephmisiti/awesome-machine-learning,ajkl,11,ajkl/gbm,C++
josephmisiti/awesome-machine-learning,ajkl,11,ajkl/GetClean_Data,R
josephmisiti/awesome-machine-learning,ajkl,11,ajkl/h2o-3,Jupyter Notebook
josephmisiti/awesome-machine-learning,ajkl,11,ajkl/Infinit.e,Java
josephmisiti/awesome-machine-learning,ajkl,11,ajkl/julialang.github.com,CSS
josephmisiti/awesome-machine-learning,ajkl,11,ajkl/ml-specialization,Jupyter Notebook
josephmisiti/awesome-machine-learning,ipcenas,9,ipcenas/awesome-AI-books,Jupyter Notebook
josephmisiti/awesome-machine-learning,ipcenas,9,ipcenas/awesome-azure,PowerShell
josephmisiti/awesome-machine-learning,ipcenas,9,ipcenas/awesome-azure-learning,PowerShell
josephmisiti/awesome-machine-learning,ipcenas,9,ipcenas/awesome-blockchain,Go
josephmisiti/awesome-machine-learning,ipcenas,9,ipcenas/awesome-cloud-native,JavaScript
josephmisiti/awesome-machine-learning,ipcenas,9,ipcenas/awesome-kubernetes,Shell
josephmisiti/awesome-machine-learning,cogmission,8,cogmission/Flowless,Java
josephmisiti/awesome-machine-learning,cogmission,8,cogmission/FXMaps,Java
josephmisiti/awesome-machine-learning,cogmission,8,cogmission/Gamahead-Collaboration,Java
josephmisiti/awesome-machine-learning,cogmission,8,cogmission/HGraph,Java
josephmisiti/awesome-machine-learning,cogmission,8,cogmission/htm.java,Java
josephmisiti/awesome-machine-learning,cogmission,8,cogmission/htm.java-examples,Java
josephmisiti/awesome-machine-learning,cogmission,8,cogmission/htm.java.experiments,Java
josephmisiti/awesome-machine-learning,cogmission,8,cogmission/javaslang,Java
josephmisiti/awesome-machine-learning,cogmission,8,cogmission/keep-a-changelog,HTML
josephmisiti/awesome-machine-learning,cogmission,8,cogmission/numenta.org,HTML
josephmisiti/awesome-machine-learning,cogmission,8,cogmission/nupic.core,C++
josephmisiti/awesome-machine-learning,cogmission,8,cogmission/nupic.geospatial,JavaScript
josephmisiti/awesome-machine-learning,cogmission,8,cogmission/RichTextFX,Java
josephmisiti/awesome-machine-learning,cogmission,8,cogmission/RoaringBitmap,Java
josephmisiti/awesome-machine-learning,cogmission,8,cogmission/tidbit,Java
josephmisiti/awesome-machine-learning,spekulatius,7,spekulatius/BrowserExtension.dev,Nunjucks
josephmisiti/awesome-machine-learning,spekulatius,7,spekulatius/bulk-repo-cloner,Shell
josephmisiti/awesome-machine-learning,spekulatius,7,spekulatius/burp-2-inscope,Shell
josephmisiti/awesome-machine-learning,spekulatius,7,spekulatius/eleventy-netlify-boilerplate,HTML
josephmisiti/awesome-machine-learning,spekulatius,7,spekulatius/faasd-franc,JavaScript
josephmisiti/awesome-machine-learning,spekulatius,7,spekulatius/faasd-phpscraper,PHP
josephmisiti/awesome-machine-learning,spekulatius,7,spekulatius/first-last,Shell
josephmisiti/awesome-machine-learning,spekulatius,7,spekulatius/GitPolicy,PHP
josephmisiti/awesome-machine-learning,spekulatius,7,spekulatius/hacks,Shell
josephmisiti/awesome-machine-learning,spekulatius,7,spekulatius/jigsaw-clean-blog,Blade
josephmisiti/awesome-machine-learning,spekulatius,7,spekulatius/jsonl-2-json-files,Shell
josephmisiti/awesome-machine-learning,spekulatius,7,spekulatius/keyword-merge,PHP
josephmisiti/awesome-machine-learning,spekulatius,7,spekulatius/laravel-commonmark-blog,PHP
josephmisiti/awesome-machine-learning,spekulatius,7,spekulatius/laravel-passwordless-example,PHP
josephmisiti/awesome-machine-learning,spekulatius,7,spekulatius/laravel-powertools,PHP
josephmisiti/awesome-machine-learning,spekulatius,7,spekulatius/linux-bash-mail-merge,PHP
josephmisiti/awesome-machine-learning,spekulatius,7,spekulatius/PainfreeReleases,PHP
josephmisiti/awesome-machine-learning,spekulatius,7,spekulatius/php-char-combinator,PHP
josephmisiti/awesome-machine-learning,spekulatius,7,spekulatius/PHPScraper,PHP
josephmisiti/awesome-machine-learning,NathanEpstein,7,NathanEpstein/bookmaker,JavaScript
josephmisiti/awesome-machine-learning,NathanEpstein,7,NathanEpstein/brooklynjs-3-16-17,HTML
josephmisiti/awesome-machine-learning,NathanEpstein,7,NathanEpstein/clusters,JavaScript
josephmisiti/awesome-machine-learning,NathanEpstein,7,NathanEpstein/D3xter,JavaScript
josephmisiti/awesome-machine-learning,NathanEpstein,7,NathanEpstein/datakit,JavaScript
josephmisiti/awesome-machine-learning,NathanEpstein,7,NathanEpstein/finData,R
josephmisiti/awesome-machine-learning,NathanEpstein,7,NathanEpstein/KNear,JavaScript
josephmisiti/awesome-machine-learning,NathanEpstein,7,NathanEpstein/markov,C++
josephmisiti/awesome-machine-learning,NathanEpstein,7,NathanEpstein/Pavlov.js,C++
josephmisiti/awesome-machine-learning,NathanEpstein,7,NathanEpstein/pong,JavaScript
josephmisiti/awesome-machine-learning,NathanEpstein,7,NathanEpstein/pydata-berlin,HTML
josephmisiti/awesome-machine-learning,NathanEpstein,7,NathanEpstein/queensjs-6-1-16,HTML
josephmisiti/awesome-machine-learning,NathanEpstein,7,NathanEpstein/spaceInvade3D,JavaScript
josephmisiti/awesome-machine-learning,NathanEpstein,7,NathanEpstein/stochastic,JavaScript
josephmisiti/awesome-machine-learning,NathanEpstein,7,NathanEpstein/StockVisD3,JavaScript
josephmisiti/awesome-machine-learning,NathanEpstein,7,NathanEpstein/Z3d,JavaScript
python/cpython,gvanrossum,11272,gvanrossum/ctok,C
python/cpython,gvanrossum,11272,gvanrossum/gvanrossum.github.io,HTML
python/cpython,gvanrossum,11272,gvanrossum/http-get-perf,JavaScript
python/cpython,gvanrossum,11272,gvanrossum/mirror-cwi-stdwin,C
python/cpython,gvanrossum,11272,gvanrossum/path-pep,C
python/cpython,gvanrossum,11272,gvanrossum/Pyjion,C++
python/cpython,gvanrossum,11272,gvanrossum/pythonlabs,HTML
python/cpython,gvanrossum,11272,gvanrossum/TypeChat,TypeScript
python/cpython,vstinner,6362,vstinner/deadparrot,C
python/cpython,vstinner,6362,vstinner/fat,C
python/cpython,vstinner,6362,vstinner/faulthandler,C
python/cpython,vstinner,6362,vstinner/peps,reStructuredText
python/cpython,vstinner,6362,vstinner/pycapi,C
python/cpython,vstinner,6362,vstinner/pyfailmalloc,C
python/cpython,benjaminp,5875,benjaminp/Apollo-11,Assembly
python/cpython,benjaminp,5875,benjaminp/audit-userspace,C
python/cpython,benjaminp,5875,benjaminp/bazel,Java
python/cpython,benjaminp,5875,benjaminp/benjamin-peterson.org,HTML
python/cpython,benjaminp,5875,benjaminp/benjamin.pe,HTML
python/cpython,benjaminp,5875,benjaminp/buildtools,Go
python/cpython,benjaminp,5875,benjaminp/characteristic2.com,HTML
python/cpython,benjaminp,5875,benjaminp/codelabs,Starlark
python/cpython,benjaminp,5875,benjaminp/compressed-sensing-intro,TeX
python/cpython,benjaminp,5875,benjaminp/copybara,Java
python/cpython,benjaminp,5875,benjaminp/Dissent,C++
python/cpython,birkenfeld,5680,birkenfeld/.dotfiles,Shell
python/cpython,birkenfeld,5680,birkenfeld/.emacs.d,Emacs Lisp
python/cpython,birkenfeld,5680,birkenfeld/ads-rs,Rust
python/cpython,birkenfeld,5680,birkenfeld/ads_forwarder_rs,Rust
python/cpython,birkenfeld,5680,birkenfeld/advent,Rust
python/cpython,birkenfeld,5680,birkenfeld/arexibo,Rust
python/cpython,birkenfeld,5680,birkenfeld/backtrace-rs,C
python/cpython,birkenfeld,5680,birkenfeld/birkenfeld.github.io,HTML
python/cpython,birkenfeld,5680,birkenfeld/bytes,Rust
python/cpython,birkenfeld,5680,birkenfeld/cache-rs,Rust
python/cpython,birkenfeld,5680,birkenfeld/cachereg_rs,Rust
python/cpython,birkenfeld,5680,birkenfeld/cargo,Rust
python/cpython,birkenfeld,5680,birkenfeld/cargo-fuzz,Rust
python/cpython,birkenfeld,5680,birkenfeld/cargo-tree,Rust
python/cpython,birkenfeld,5680,birkenfeld/chan-signal,Rust
python/cpython,freddrake,5465,freddrake/json-api,CSS
python/cpython,freddrake,5465,freddrake/python-deb-packages,Shell
python/cpython,freddrake,5465,freddrake/ramlfications,RAML
python/cpython,serhiy-storchaka,5004,serhiy-storchaka/multidict,C
python/cpython,rhettinger,4542,rhettinger/rhettinger.github.io,HTML
python/cpython,pitrou,3781,pitrou/arrow,C++
python/cpython,pitrou,3781,pitrou/asv-runner,Ruby
python/cpython,pitrou,3781,pitrou/aws-sdk-cpp-feedstock,Shell
python/cpython,pitrou,3781,pitrou/bokeh,CoffeeScript
python/cpython,pitrou,3781,pitrou/breathe-issue407,C++
python/cpython,pitrou,3781,pitrou/distributed-feedstock,Shell
python/cpython,pitrou,3781,pitrou/double-conversion-feedstock,Shell
python/cpython,jackjansen,2978,jackjansen/2immerse-technical-samples,HTML
python/cpython,jackjansen,2978,jackjansen/ArduinoJWT,C++
python/cpython,jackjansen,2978,jackjansen/cicdtest,C++
python/cpython,jackjansen,2978,jackjansen/CoAP-simple-library,C++
python/cpython,jackjansen,2978,jackjansen/Ds1302,C++
python/cpython,jackjansen,2978,jackjansen/esp32_idf5_https_server,C++
python/cpython,jackjansen,2978,jackjansen/esp32_idf5_https_server_compat,C++
python/cpython,jackjansen,2978,jackjansen/FFTAccelerate,Objective-C++
python/cpython,jackjansen,2978,jackjansen/Fritzing-Part-Bare-ESP-12F,Shell
python/cpython,jackjansen,2978,jackjansen/gdk-pixbuf,C
python/cpython,jackjansen,2978,jackjansen/gobject-introspection,C
python/cpython,jackjansen,2978,jackjansen/gst-plugins-bad,C
python/cpython,jackjansen,2978,jackjansen/gtk,C
python/cpython,jackjansen,2978,jackjansen/homebridge-lissabon,TypeScript
python/cpython,jackjansen,2978,jackjansen/homebridge-tuya-web,TypeScript
python/cpython,jackjansen,2978,jackjansen/homey-http-request-actions,JavaScript
python/cpython,jackjansen,2978,jackjansen/JackVRSample,Mathematica
python/cpython,jackjansen,2978,jackjansen/miclightmeter,Objective-C
python/cpython,jackjansen,2978,jackjansen/node-hbbtv,JavaScript
python/cpython,jackjansen,2978,jackjansen/NPBColorLib,C++
python/cpython,loewis,2772,loewis/codeocean,Ruby
python/cpython,loewis,2772,loewis/e2fsprogs,C
python/cpython,loewis,2772,loewis/jquery.terminal,JavaScript
python/cpython,loewis,2772,loewis/libtransport,C
python/cpython,loewis,2772,loewis/linux,C
python/cpython,loewis,2772,loewis/moodle-auth_ldap_instances,PHP
python/cpython,loewis,2772,loewis/moodle-auth_ldap_syncplus,PHP
python/cpython,loewis,2772,loewis/moodle-block_opencast,PHP
python/cpython,loewis,2772,loewis/moodle-mod_jitsi,PHP
python/cpython,loewis,2772,loewis/net-ntp,Perl
python/cpython,loewis,2772,loewis/ntppool,Perl
python/cpython,loewis,2772,loewis/paella-opencast,JavaScript
python/cpython,loewis,2772,loewis/pgeodns,Perl
python/cpython,loewis,2772,loewis/swift,C++
python/cpython,loewis,2772,loewis/vlc,C
ansible/ansible,mpdehaan,5101,mpdehaan/ansible.github.com,JavaScript
ansible/ansible,mpdehaan,5101,mpdehaan/Arizona,Perl
ansible/ansible,mpdehaan,5101,mpdehaan/docs-stage,HTML
ansible/ansible,mpdehaan,5101,mpdehaan/ekg,Ruby
ansible/ansible,mpdehaan,5101,mpdehaan/Elevator,Perl
ansible/ansible,mpdehaan,5101,mpdehaan/foo,Makefile
ansible/ansible,mpdehaan,5101,mpdehaan/haskell_stuff,Haskell
ansible/ansible,mpdehaan,5101,mpdehaan/learning_rust,Rust
ansible/ansible,mpdehaan,5101,mpdehaan/lookatgit,Scala
ansible/ansible,mpdehaan,5101,mpdehaan/mortimer,Ruby
ansible/ansible,mpdehaan,5101,mpdehaan/procrustes,Perl
ansible/ansible,mpdehaan,5101,mpdehaan/revelator,JavaScript
ansible/ansible,mpdehaan,5101,mpdehaan/riak-light,Ruby
ansible/ansible,bcoca,4439,bcoca/acd,Jinja
ansible/ansible,bcoca,4439,bcoca/ansible-and-juliet,Shell
ansible/ansible,bcoca,4439,bcoca/ansible-pb,Jinja
ansible/ansible,bcoca,4439,bcoca/ansible-selenium-role,Shell
ansible/ansible,bcoca,4439,bcoca/aptly,Go
ansible/ansible,jimi-c,2822,jimi-c/ansible-operator,Go
ansible/ansible,jimi-c,2822,jimi-c/go-jinja2,Go
ansible/ansible,jimi-c,2822,jimi-c/Kibana,JavaScript
ansible/ansible,jimi-c,2822,jimi-c/rtesseract,Ruby
ansible/ansible,jimi-c,2822,jimi-c/vault-ansible-operator,Dockerfile
ansible/ansible,abadger,2707,abadger/community,HTML
ansible/ansible,mattclay,2549,mattclay/ansible-hacking,Shell
ansible/ansible,mattclay,2549,mattclay/appveyor-test,PowerShell
ansible/ansible,mattclay,2549,mattclay/azure-pipelines-test-container,Dockerfile
ansible/ansible,mattclay,2549,mattclay/cloudstack-test-container,Dockerfile
ansible/ansible,sivel,1183,sivel/amanda,Go
ansible/ansible,sivel,1183,sivel/ansible-examples,Puppet
ansible/ansible,sivel,1183,sivel/ansible-perfchart,JavaScript
ansible/ansible,sivel,1183,sivel/ansible.sivel.net,HTML
ansible/ansible,dagwieers,1093,dagwieers/2016.fri3d.be,HTML
ansible/ansible,dagwieers,1093,dagwieers/ADEM,C++
ansible/ansible,dagwieers,1093,dagwieers/ansible-LFW,Ruby
ansible/ansible,dagwieers,1093,dagwieers/Arduino,C++
ansible/ansible,dagwieers,1093,dagwieers/Arduino-1,HTML
ansible/ansible,dagwieers,1093,dagwieers/asciidoc-vim,VimL
ansible/ansible,dagwieers,1093,dagwieers/asciidoctor.org,CSS
ansible/ansible,dagwieers,1093,dagwieers/be.fri3d.program2018,HTML
ansible/ansible,dagwieers,1093,dagwieers/cfgmgmtcamp.github.io,HTML
ansible/ansible,dagwieers,1093,dagwieers/checking-packages-scripts,Shell
ansible/ansible,dagwieers,1093,dagwieers/choco,C#
ansible/ansible,dagwieers,1093,dagwieers/chocolatey-coreteampackages,PowerShell
ansible/ansible,dagwieers,1093,dagwieers/chocolatey-packages,PowerShell
ansible/ansible,Akasurde,1077,Akasurde/abxy,Go
ansible/ansible,Akasurde,1077,Akasurde/akasurde.github.io,HTML
ansible/ansible,Akasurde,1077,Akasurde/Anisble-Veeam,PowerShell
ansible/ansible,Akasurde,1077,Akasurde/ansible-examples,Shell
ansible/ansible,Akasurde,1077,Akasurde/ansible-role-govc,Shell
ansible/ansible,jctanner,874,jctanner/aa-hacking,Jupyter Notebook
ansible/ansible,jctanner,874,jctanner/ansible-hub-ui,TypeScript
ansible/ansible,resmo,766,resmo/ansible-cloudstack-example,Makefile
ansible/ansible,resmo,766,resmo/ansible-role-bind,DIGITAL Command Language
ansible/ansible,resmo,766,resmo/ansible-role-jenkins,Shell
ansible/ansible,resmo,766,resmo/ansible-role-mongodb,Shell
ansible/ansible,resmo,766,resmo/ansible-venv,Shell
ansible/ansible,resmo,766,resmo/ansiblecookbook,CSS
swisskyrepo/PayloadsAllTheThings,swisskyrepo,1209,swisskyrepo/ashirt,C++
swisskyrepo/PayloadsAllTheThings,swisskyrepo,1209,swisskyrepo/HardwareAllTheThings,HTML
swisskyrepo/PayloadsAllTheThings,swisskyrepo,1209,swisskyrepo/InternalAllTheThings,HTML
swisskyrepo/PayloadsAllTheThings,swisskyrepo,1209,swisskyrepo/jsleak,Go
swisskyrepo/PayloadsAllTheThings,swisskyrepo,1209,swisskyrepo/Nephelees,Jupyter Notebook
swisskyrepo/PayloadsAllTheThings,swisskyrepo,1209,swisskyrepo/SharpLAPS,C#
swisskyrepo/PayloadsAllTheThings,swisskyrepo,1209,swisskyrepo/swisskyrepo.github.io,SCSS
swisskyrepo/PayloadsAllTheThings,swisskyrepo,1209,swisskyrepo/TestPlugins,Kotlin
swisskyrepo/PayloadsAllTheThings,swisskyrepo,1209,swisskyrepo/Vulny-Code-Static-Analysis,PHP
swisskyrepo/PayloadsAllTheThings,p0dalirius,81,p0dalirius/Awesome-RCE-techniques,Dockerfile
swisskyrepo/PayloadsAllTheThings,p0dalirius,81,p0dalirius/CVE-2018-16763-FuelCMS-1.4.1-RCE,PHP
swisskyrepo/PayloadsAllTheThings,p0dalirius,81,p0dalirius/CVE-2022-30780-lighttpd-denial-of-service,Perl
swisskyrepo/PayloadsAllTheThings,p0dalirius,81,p0dalirius/DescribeNTSecurityDescriptor,Go
swisskyrepo/PayloadsAllTheThings,p0dalirius,81,p0dalirius/docker-build-go-project,Dockerfile
swisskyrepo/PayloadsAllTheThings,p0dalirius,81,p0dalirius/docker-sagemath,Makefile
swisskyrepo/PayloadsAllTheThings,p0dalirius,81,p0dalirius/docker-volatility2,Makefile
swisskyrepo/PayloadsAllTheThings,noraj,49,noraj/ADAssault,Ruby
swisskyrepo/PayloadsAllTheThings,noraj,49,noraj/agoo,C
swisskyrepo/PayloadsAllTheThings,noraj,49,noraj/amusewiki,Perl
swisskyrepo/PayloadsAllTheThings,noraj,49,noraj/android-tools,CMake
swisskyrepo/PayloadsAllTheThings,noraj,49,noraj/archerysec,HTML
swisskyrepo/PayloadsAllTheThings,noraj,49,noraj/archtorify,Shell
swisskyrepo/PayloadsAllTheThings,cyber-niz,22,cyber-niz/blackeye,HTML
swisskyrepo/PayloadsAllTheThings,cyber-niz,22,cyber-niz/docs.hackerone.com,CSS
swisskyrepo/PayloadsAllTheThings,cyber-niz,22,cyber-niz/JSONBee,PHP
swisskyrepo/PayloadsAllTheThings,cyber-niz,22,cyber-niz/live,JavaScript
swisskyrepo/PayloadsAllTheThings,cyber-niz,22,cyber-niz/ssvm-nodejs-starter,Dockerfile
swisskyrepo/PayloadsAllTheThings,cyber-niz,22,cyber-niz/wasm64,HTML
swisskyrepo/PayloadsAllTheThings,cyber-niz,22,cyber-niz/webrtc-ips,HTML
swisskyrepo/PayloadsAllTheThings,cyber-niz,22,cyber-niz/webshell,PHP
swisskyrepo/PayloadsAllTheThings,cyber-niz,22,cyber-niz/wpbrute-rpc,Ruby
swisskyrepo/PayloadsAllTheThings,lanjelot,17,lanjelot/ctfpad,HTML
swisskyrepo/PayloadsAllTheThings,lanjelot,17,lanjelot/metasploit-framework,Ruby
swisskyrepo/PayloadsAllTheThings,lanjelot,17,lanjelot/pillage-svn,Shell
swisskyrepo/PayloadsAllTheThings,lanjelot,17,lanjelot/proxenet,C
swisskyrepo/PayloadsAllTheThings,lanjelot,17,lanjelot/twisted-honeypots,Shell
swisskyrepo/PayloadsAllTheThings,lanjelot,17,lanjelot/WSTest,Java
swisskyrepo/PayloadsAllTheThings,lanjelot,17,lanjelot/yasuo,Ruby
swisskyrepo/PayloadsAllTheThings,clem9669,13,clem9669/2048,CSS
swisskyrepo/PayloadsAllTheThings,clem9669,13,clem9669/blog,SCSS
swisskyrepo/PayloadsAllTheThings,clem9669,13,clem9669/clem9669.github.io,HTML
swisskyrepo/PayloadsAllTheThings,clem9669,13,clem9669/dotFiles,Shell
swisskyrepo/PayloadsAllTheThings,clem9669,13,clem9669/kali-build,Jinja
swisskyrepo/PayloadsAllTheThings,clem9669,13,clem9669/merlin-agent-dll,Go
swisskyrepo/PayloadsAllTheThings,clem9669,13,clem9669/mimikatz,C
swisskyrepo/PayloadsAllTheThings,clem9669,13,clem9669/nmap-bootstrap-xsl,XSLT
swisskyrepo/PayloadsAllTheThings,clem9669,13,clem9669/nuclei-templates,JavaScript
swisskyrepo/PayloadsAllTheThings,clem9669,13,clem9669/pro.webssh.net,JavaScript
swisskyrepo/PayloadsAllTheThings,clem9669,13,clem9669/RTO_Aggressor_Script,PowerShell
swisskyrepo/PayloadsAllTheThings,clem9669,13,clem9669/RustyNinja,Rust
swisskyrepo/PayloadsAllTheThings,clem9669,13,clem9669/SecLists,PHP
swisskyrepo/PayloadsAllTheThings,marcan2020,13,marcan2020/azure-powershell,C#
swisskyrepo/PayloadsAllTheThings,marcan2020,13,marcan2020/crispy-giggle,Shell
swisskyrepo/PayloadsAllTheThings,marcan2020,13,marcan2020/docker-wordpress-cli-only,Shell
swisskyrepo/PayloadsAllTheThings,marcan2020,13,marcan2020/generator-ng-component-karma-scss,JavaScript
swisskyrepo/PayloadsAllTheThings,marcan2020,13,marcan2020/hydra-test,JavaScript
swisskyrepo/PayloadsAllTheThings,marcan2020,13,marcan2020/JDIS-BashFoo,HTML
swisskyrepo/PayloadsAllTheThings,marcan2020,13,marcan2020/nativescript-angular,JavaScript
swisskyrepo/PayloadsAllTheThings,marcan2020,13,marcan2020/PolyCTF,Shell
swisskyrepo/PayloadsAllTheThings,marcan2020,13,marcan2020/SecureTea-Project,JavaScript
swisskyrepo/PayloadsAllTheThings,marcan2020,13,marcan2020/xscorp-web-CTF-v1,Hack
swisskyrepo/PayloadsAllTheThings,CravateRouge,12,CravateRouge/AzureAudit,PowerShell
swisskyrepo/PayloadsAllTheThings,CravateRouge,12,CravateRouge/bloodyShares,C#
swisskyrepo/PayloadsAllTheThings,CravateRouge,12,CravateRouge/CravateRouge.github.io,HTML
swisskyrepo/PayloadsAllTheThings,CravateRouge,12,CravateRouge/curiosity-aws,JavaScript
swisskyrepo/PayloadsAllTheThings,CravateRouge,12,CravateRouge/InternalAllTheThings,HTML
swisskyrepo/PayloadsAllTheThings,CravateRouge,12,CravateRouge/IPTV-feather,JavaScript
swisskyrepo/PayloadsAllTheThings,CravateRouge,12,CravateRouge/JeVaisLeFaire,D
swisskyrepo/PayloadsAllTheThings,CravateRouge,12,CravateRouge/ProjetNabla,C
swisskyrepo/PayloadsAllTheThings,Techbrunch,12,Techbrunch/activeadmin,Ruby
swisskyrepo/PayloadsAllTheThings,Techbrunch,12,Techbrunch/apkpure-downloader,Ruby
swisskyrepo/PayloadsAllTheThings,Techbrunch,12,Techbrunch/aquatone,Ruby
swisskyrepo/PayloadsAllTheThings,Techbrunch,12,Techbrunch/billing-hack,Java
swisskyrepo/PayloadsAllTheThings,Techbrunch,12,Techbrunch/bountybleed,Ruby
swisskyrepo/PayloadsAllTheThings,Techbrunch,12,Techbrunch/bountypage,CSS
swisskyrepo/PayloadsAllTheThings,Techbrunch,12,Techbrunch/bucket_finder,Ruby
swisskyrepo/PayloadsAllTheThings,Techbrunch,12,Techbrunch/Cake-Resque,PHP
swisskyrepo/PayloadsAllTheThings,Techbrunch,12,Techbrunch/cakephp,PHP
swisskyrepo/PayloadsAllTheThings,Techbrunch,12,Techbrunch/countries,PHP
swisskyrepo/PayloadsAllTheThings,Techbrunch,12,Techbrunch/elixir-school,CSS
swisskyrepo/PayloadsAllTheThings,Techbrunch,12,Techbrunch/ember-cli-migrator,JavaScript
swisskyrepo/PayloadsAllTheThings,Techbrunch,12,Techbrunch/ember-cli-tag-manager,JavaScript
swisskyrepo/PayloadsAllTheThings,Techbrunch,12,Techbrunch/grpc.github.io,JavaScript
swisskyrepo/PayloadsAllTheThings,Techbrunch,12,Techbrunch/hackingthe.cloud,HTML
swisskyrepo/PayloadsAllTheThings,Techbrunch,12,Techbrunch/hibp,Ruby
swisskyrepo/PayloadsAllTheThings,NoPurposeInLife,11,NoPurposeInLife/ipcdn,Go
swisskyrepo/PayloadsAllTheThings,NoPurposeInLife,11,NoPurposeInLife/Sharepoint-Scripts,PowerShell
swisskyrepo/PayloadsAllTheThings,NoPurposeInLife,11,NoPurposeInLife/static_binaries,PowerShell
swisskyrepo/PayloadsAllTheThings,NoPurposeInLife,11,NoPurposeInLife/windows-kernel-exploits,C
xtekky/gpt4free,hlohaus,1140,hlohaus/AvencyCKEditor,HTML
xtekky/gpt4free,hlohaus,1140,hlohaus/AvencyFrame,PHP
xtekky/gpt4free,hlohaus,1140,hlohaus/ckeditor5-build-classic,HTML
xtekky/gpt4free,hlohaus,1140,hlohaus/composer-project,Shell
xtekky/gpt4free,hlohaus,1140,hlohaus/devdocs,HTML
xtekky/gpt4free,hlohaus,1140,hlohaus/dog-stack,Shell
xtekky/gpt4free,hlohaus,1140,hlohaus/FroshMailArchive,PHP
xtekky/gpt4free,hlohaus,1140,hlohaus/FroshMailCatcher,PHP
xtekky/gpt4free,hlohaus,1140,hlohaus/FroshProfiler,PHP
xtekky/gpt4free,hlohaus,1140,hlohaus/FroshWebP,PHP
xtekky/gpt4free,hlohaus,1140,hlohaus/g4f-swagger,HTML
xtekky/gpt4free,hlohaus,1140,hlohaus/gpt4free-Termux,Shell
xtekky/gpt4free,hlohaus,1140,hlohaus/greencoin,Vue
xtekky/gpt4free,hlohaus,1140,hlohaus/platform,PHP
xtekky/gpt4free,hlohaus,1140,hlohaus/SheAdvancedTinyMce,Smarty
xtekky/gpt4free,hlohaus,1140,hlohaus/SheMailer,PHP
xtekky/gpt4free,hlohaus,1140,hlohaus/SheNotFoundPage,PHP
xtekky/gpt4free,xtekky,894,xtekky/Discord-Hcaptcha-Solver,JavaScript
xtekky/gpt4free,xtekky,894,xtekky/FaceBook-Dyn,HTML
xtekky/gpt4free,xtekky,894,xtekky/Freer-Bot,JavaScript
xtekky/gpt4free,bagusindrayana,27,bagusindrayana/abal-abal,Svelte
xtekky/gpt4free,bagusindrayana,27,bagusindrayana/adonis-login-register,JavaScript
xtekky/gpt4free,bagusindrayana,27,bagusindrayana/alpaca_cpp_node,JavaScript
xtekky/gpt4free,bagusindrayana,27,bagusindrayana/api-salesman,JavaScript
xtekky/gpt4free,bagusindrayana,27,bagusindrayana/api-tetap-ada,Go
xtekky/gpt4free,bagusindrayana,27,bagusindrayana/Aplikasi-Management-Inventaris,JavaScript
xtekky/gpt4free,bagusindrayana,27,bagusindrayana/auto-upload-go,Go
xtekky/gpt4free,bagusindrayana,27,bagusindrayana/bagusindrayana.github.io,JavaScript
xtekky/gpt4free,bagusindrayana,27,bagusindrayana/brokumen_test,TypeScript
xtekky/gpt4free,bagusindrayana,27,bagusindrayana/brovi,Svelte
xtekky/gpt4free,bagusindrayana,27,bagusindrayana/chat-bot-ui,PHP
xtekky/gpt4free,bagusindrayana,27,bagusindrayana/colorgen,Svelte
xtekky/gpt4free,bagusindrayana,27,bagusindrayana/covid19,JavaScript
xtekky/gpt4free,sudouser777,27,sudouser777/conductor,Java
xtekky/gpt4free,sudouser777,27,sudouser777/java-runtime-compiler,Java
xtekky/gpt4free,sudouser777,27,sudouser777/Java-The-Complete-Reference-12th-Edition-Source-Code,Java
xtekky/gpt4free,sudouser777,27,sudouser777/Jenkins_Helper_Plugin,Kotlin
xtekky/gpt4free,sudouser777,27,sudouser777/micronaut-petclinic,Java
xtekky/gpt4free,thatlukinhasguy1,26,thatlukinhasguy1/dududuidni,TypeScript
xtekky/gpt4free,thatlukinhasguy1,26,thatlukinhasguy1/FasterCrystals,Java
xtekky/gpt4free,thatlukinhasguy1,26,thatlukinhasguy1/GondalAntiVPN,Kotlin
xtekky/gpt4free,thatlukinhasguy1,26,thatlukinhasguy1/GondalKits,Kotlin
xtekky/gpt4free,thatlukinhasguy1,26,thatlukinhasguy1/gpt-4-chat-ui,TypeScript
xtekky/gpt4free,thatlukinhasguy1,26,thatlukinhasguy1/PlayerKitsPlus,Java
xtekky/gpt4free,thatlukinhasguy1,26,thatlukinhasguy1/PlotSquared,Java
xtekky/gpt4free,thatlukinhasguy1,26,thatlukinhasguy1/ServerCrystal,Java
xtekky/gpt4free,thatlukinhasguy1,26,thatlukinhasguy1/ultimate-chatgpt,TypeScript
xtekky/gpt4free,Commenter123321,20,Commenter123321/MotorMC,C
xtekky/gpt4free,DanielShemesh,20,DanielShemesh/gpt4free-colab,Jupyter Notebook
xtekky/gpt4free,DanielShemesh,20,DanielShemesh/reversecaptcha,HTML
xtekky/gpt4free,Luneye,20,Luneye/programming-in-java,Java
xtekky/gpt4free,Luneye,20,Luneye/PTCGPB,AutoHotkey
xtekky/gpt4free,Luneye,20,Luneye/Zygisk-Il2CppDumper,C
xtekky/gpt4free,foxfire52,19,foxfire52/gpt-copy-patch-run,Batchfile
xtekky/gpt4free,foxfire52,19,foxfire52/highlightjs-copy,JavaScript
sherlock-project/sherlock,sdushantha,854,sdushantha/bacit,Java
sherlock-project/sherlock,sdushantha,854,sdushantha/bacit-php,PHP
sherlock-project/sherlock,sdushantha,854,sdushantha/datainnbrudd.no,MDX
sherlock-project/sherlock,sdushantha,854,sdushantha/dotfiles,Lua
sherlock-project/sherlock,sdushantha,854,sdushantha/farge,Shell
sherlock-project/sherlock,sdushantha,854,sdushantha/ff-pdf,Shell
sherlock-project/sherlock,sdushantha,854,sdushantha/fontpreview,Shell
sherlock-project/sherlock,sdushantha,854,sdushantha/getroot,Shell
sherlock-project/sherlock,sdushantha,854,sdushantha/github-action-push-to-another-repository,Shell
sherlock-project/sherlock,sdushantha,854,sdushantha/kunst,Shell
sherlock-project/sherlock,sdushantha,854,sdushantha/meobrute,Shell
sherlock-project/sherlock,sdushantha,854,sdushantha/recycle-bin-themes,PowerShell
sherlock-project/sherlock,sdushantha,854,sdushantha/sdushantha.github.io,HTML
sherlock-project/sherlock,sdushantha,854,sdushantha/snaprecovery,Shell
sherlock-project/sherlock,hoadlck,467,hoadlck/asciidoc-py3,HTML
sherlock-project/sherlock,ppfeister,278,ppfeister/exam-autograder,JavaScript
sherlock-project/sherlock,ppfeister,278,ppfeister/Expensify-App,TypeScript
sherlock-project/sherlock,ppfeister,278,ppfeister/fedora-signal-desktop,Shell
sherlock-project/sherlock,ppfeister,278,ppfeister/GoStuff,Go
sherlock-project/sherlock,ppfeister,278,ppfeister/iterative,TypeScript
sherlock-project/sherlock,ppfeister,278,ppfeister/pfeister.dev,HTML
sherlock-project/sherlock,ppfeister,278,ppfeister/samples,Shell
sherlock-project/sherlock,TheYahya,144,TheYahya/.vim,Vim script
sherlock-project/sherlock,TheYahya,144,TheYahya/aggressive-performance-gtmetrix,HTML
sherlock-project/sherlock,TheYahya,144,TheYahya/android-decompile,Shell
sherlock-project/sherlock,TheYahya,144,TheYahya/BandersnatchInteractive,JavaScript
sherlock-project/sherlock,TheYahya,144,TheYahya/bitcoin-price-by-date,JavaScript
sherlock-project/sherlock,TheYahya,144,TheYahya/CatsPic,Go
sherlock-project/sherlock,TheYahya,144,TheYahya/datamaps,JavaScript
sherlock-project/sherlock,TheYahya,144,TheYahya/enola,Go
sherlock-project/sherlock,TheYahya,144,TheYahya/fa.theyahya.com,HTML
sherlock-project/sherlock,TheYahya,144,TheYahya/favorite-blogs,HTML
sherlock-project/sherlock,TheYahya,144,TheYahya/filess,CSS
sherlock-project/sherlock,TheYahya,144,TheYahya/go-pgo-playground,Go
sherlock-project/sherlock,TheYahya,144,TheYahya/isitup,JavaScript
sherlock-project/sherlock,TheYahya,144,TheYahya/minimalist,PHP
sherlock-project/sherlock,Czechball,61,Czechball/bakacli,Shell
sherlock-project/sherlock,Czechball,61,Czechball/BakClient,PHP
sherlock-project/sherlock,Czechball,61,Czechball/bashcurate,Shell
sherlock-project/sherlock,Czechball,61,Czechball/BMI-Kalkulacka-test,C#
sherlock-project/sherlock,Czechball,61,Czechball/discogs-red-barcode,Shell
sherlock-project/sherlock,Czechball,61,Czechball/discord-video,Shell
sherlock-project/sherlock,Czechball,61,Czechball/dnbshare-cli,Shell
sherlock-project/sherlock,Czechball,61,Czechball/dragon-eyes,C
sherlock-project/sherlock,Czechball,61,Czechball/flashpoint-screenshot-fix,Shell
sherlock-project/sherlock,Czechball,61,Czechball/hcx-to-wigle,Shell
sherlock-project/sherlock,Czechball,61,Czechball/hi-speed-flash-parser,Shell
sherlock-project/sherlock,Czechball,61,Czechball/JoeMonster.org-Parser,Shell
sherlock-project/sherlock,Czechball,61,Czechball/kahoot-hack,Go
sherlock-project/sherlock,Czechball,61,Czechball/LCD-Character-Creator,HTML
sherlock-project/sherlock,Czechball,61,Czechball/Private-Trackers-Spreadsheet,CSS
sherlock-project/sherlock,Czechball,61,Czechball/scmt-cli,Shell
sherlock-project/sherlock,Czechball,61,Czechball/sha512.bash,Shell
sherlock-project/sherlock,Czechball,61,Czechball/SimpleUserCreate,Shell
sherlock-project/sherlock,Czechball,61,Czechball/snipeit-benefit-pc,Shell
sherlock-project/sherlock,Czechball,61,Czechball/tearoom-neopixel,C++
sherlock-project/sherlock,cclauss,25,cclauss/500lines,JavaScript
sherlock-project/sherlock,cclauss,25,cclauss/ACM-ICPC-Algorithms,C++
sherlock-project/sherlock,roopeshvs,21,roopeshvs/a-pop,JavaScript
sherlock-project/sherlock,roopeshvs,21,roopeshvs/Crisp-React,JavaScript
sherlock-project/sherlock,roopeshvs,21,roopeshvs/crossplane-template,Go
sherlock-project/sherlock,roopeshvs,21,roopeshvs/fullstack-proton-sample,JavaScript
sherlock-project/sherlock,roopeshvs,21,roopeshvs/hugo-theme-mini,HTML
sherlock-project/sherlock,roopeshvs,21,roopeshvs/kueue,Go
sherlock-project/sherlock,roopeshvs,21,roopeshvs/kustomize,Go
sherlock-project/sherlock,roopeshvs,21,roopeshvs/ListManager,JavaScript
sherlock-project/sherlock,irazasyed,19,irazasyed/awesome-fluents,Makefile
sherlock-project/sherlock,irazasyed,19,irazasyed/awesome-laravel-forge-recipes,Shell
sherlock-project/sherlock,irazasyed,19,irazasyed/cloudflare-discord-bot,TypeScript
sherlock-project/sherlock,irazasyed,19,irazasyed/docgen,PHP
sherlock-project/sherlock,irazasyed,19,irazasyed/email-masker,TypeScript
sherlock-project/sherlock,irazasyed,19,irazasyed/fb-kit,JavaScript
sherlock-project/sherlock,irazasyed,19,irazasyed/gitlab-installer,Shell
sherlock-project/sherlock,irazasyed,19,irazasyed/gsuite-checker,PHP
sherlock-project/sherlock,irazasyed,19,irazasyed/irfaqraza.com,CSS
sherlock-project/sherlock,irazasyed,19,irazasyed/jquery-form-helper,JavaScript
sherlock-project/sherlock,irazasyed,19,irazasyed/jwt-auth-guard,PHP
sherlock-project/sherlock,irazasyed,19,irazasyed/larasupport,PHP
sherlock-project/sherlock,irazasyed,19,irazasyed/laravel-facebook,PHP
sherlock-project/sherlock,irazasyed,19,irazasyed/laravel-gamp,PHP
sherlock-project/sherlock,irazasyed,19,irazasyed/laravel-identicon,PHP
sherlock-project/sherlock,irazasyed,19,irazasyed/nginx-google-ip-range-updater,Shell
sherlock-project/sherlock,irazasyed,19,irazasyed/php-chrome-driver-installer,PHP
sherlock-project/sherlock,ptalmeida,18,ptalmeida/Ana-Ilhas,HTML
sherlock-project/sherlock,ptalmeida,18,ptalmeida/jellyfin,C#
sherlock-project/sherlock,ptalmeida,18,ptalmeida/novatalks-test,TypeScript
sherlock-project/sherlock,ptalmeida,18,ptalmeida/novathesis,TeX
sherlock-project/sherlock,ptalmeida,18,ptalmeida/ptalmeida.github.io,SCSS
sherlock-project/sherlock,ptalmeida,18,ptalmeida/rive-flutter,Dart
sherlock-project/sherlock,ptalmeida,18,ptalmeida/utils,TypeScript
sherlock-project/sherlock,SethFalco,17,SethFalco/build-a-number-guessing-game-project,Shell
sherlock-project/sherlock,SethFalco,17,SethFalco/build-a-periodic-table-database-project,Shell
sherlock-project/sherlock,SethFalco,17,SethFalco/build-a-salon-appointment-scheduler-project,Shell
sherlock-project/sherlock,SethFalco,17,SethFalco/build-a-world-cup-database-project,Shell
sherlock-project/sherlock,SethFalco,17,SethFalco/commons-beanutils,Java
sherlock-project/sherlock,SethFalco,17,SethFalco/commons-csv,Java
sherlock-project/sherlock,SethFalco,17,SethFalco/contrast-ratio,JavaScript
sherlock-project/sherlock,SethFalco,17,SethFalco/deltaspike,Java
sherlock-project/sherlock,SethFalco,17,SethFalco/devtools,TypeScript
sherlock-project/sherlock,SethFalco,17,SethFalco/download-url,TypeScript
keras-team/keras,fchollet,3902,fchollet/ARC-AGI,JavaScript
keras-team/keras,fchollet,3902,fchollet/deep-learning-with-python-notebooks,Jupyter Notebook
keras-team/keras,fchollet,3902,fchollet/keras-blog,HTML
keras-team/keras,qlzh727,422,qlzh727/keras-io,Jupyter Notebook
keras-team/keras,qlzh727,422,qlzh727/tensorflow,C++
keras-team/keras,haifeng-jin,211,haifeng-jin/aggieThings,Java
keras-team/keras,haifeng-jin,211,haifeng-jin/asciidoctor-mathematical,Ruby
keras-team/keras,haifeng-jin,211,haifeng-jin/automated_code_grading,HTML
keras-team/keras,haifeng-jin,211,haifeng-jin/codejam,C++
keras-team/keras,haifeng-jin,211,haifeng-jin/codelib,C++
keras-team/keras,haifeng-jin,211,haifeng-jin/Colabs,Jupyter Notebook
keras-team/keras,haifeng-jin,211,haifeng-jin/d3examples,JavaScript
keras-team/keras,haifeng-jin,211,haifeng-jin/docs,JavaScript
keras-team/keras,haifeng-jin,211,haifeng-jin/ide,Shell
keras-team/keras,haifeng-jin,211,haifeng-jin/influxdb-java,Java
keras-team/keras,haifeng-jin,211,haifeng-jin/java-tools,Java
keras-team/keras,haifeng-jin,211,haifeng-jin/jekyll_easy_example,HTML
keras-team/keras,haifeng-jin,211,haifeng-jin/jmlr-style-file,TeX
keras-team/keras,haifeng-jin,211,haifeng-jin/jquery-plate,JavaScript
keras-team/keras,haifeng-jin,211,haifeng-jin/junit,Java
keras-team/keras,farizrahman4u,209,farizrahman4u/ai-on.org,HTML
keras-team/keras,farizrahman4u,209,farizrahman4u/annoy,C++
keras-team/keras,farizrahman4u,209,farizrahman4u/CNTK,C++
keras-team/keras,farizrahman4u,209,farizrahman4u/CollegeStuff,Java
keras-team/keras,farizrahman4u,209,farizrahman4u/deeplearning4j,Java
keras-team/keras,farizrahman4u,209,farizrahman4u/farizrahman4u.github.io,HTML
keras-team/keras,hertschuh,206,hertschuh/iree,C++
keras-team/keras,hertschuh,206,hertschuh/keras-io,Jupyter Notebook
keras-team/keras,james77777778,202,james77777778/algorithms-in-go,Go
keras-team/keras,james77777778,202,james77777778/CCBDA-2019-Spring-0750730,Jupyter Notebook
keras-team/keras,james77777778,202,james77777778/gomodbus-pm-311x,Go
keras-team/keras,james77777778,202,james77777778/james77777778.github.io,Ruby
keras-team/keras,james77777778,202,james77777778/keras-io,Jupyter Notebook
keras-team/keras,james77777778,202,james77777778/NCTU-Algorithm-2020,C++
keras-team/keras,james77777778,202,james77777778/NCTU-DeepLearning-2019,Jupyter Notebook
keras-team/keras,james77777778,202,james77777778/NCTU-NetworkProgramming-2019,C++
keras-team/keras,james77777778,202,james77777778/NCTU-ParallelProgramming-2019,C
keras-team/keras,mattdangerw,198,mattdangerw/atom,CoffeeScript
keras-team/keras,mattdangerw,198,mattdangerw/brave-browser-laptop,JavaScript
keras-team/keras,mattdangerw,198,mattdangerw/cogl,C
keras-team/keras,mattdangerw,198,mattdangerw/diff-so-fancy,Perl
keras-team/keras,mattdangerw,198,mattdangerw/dotfiles,Shell
keras-team/keras,mattdangerw,198,mattdangerw/electron-builder,TypeScript
keras-team/keras,mattdangerw,198,mattdangerw/electron-flatpak-base-app,Makefile
keras-team/keras,mattdangerw,198,mattdangerw/electron-knowledge-demo,CSS
keras-team/keras,mattdangerw,198,mattdangerw/eliza-react,JavaScript
keras-team/keras,mattdangerw,198,mattdangerw/flatpak,C
keras-team/keras,mattdangerw,198,mattdangerw/flatpak-slack-app,Makefile
keras-team/keras,mattdangerw,198,mattdangerw/flatpak-xdg-open-shim,Shell
keras-team/keras,mattdangerw,198,mattdangerw/friendlyskeleton-web,HTML
keras-team/keras,mattdangerw,198,mattdangerw/fzf-z,Shell
keras-team/keras,mattdangerw,198,mattdangerw/Ghost-Desktop,JavaScript
keras-team/keras,mattdangerw,198,mattdangerw/inkscape,C++
keras-team/keras,mattdangerw,198,mattdangerw/jasper2,HTML
keras-team/keras,mattdangerw,198,mattdangerw/kasper,CSS
keras-team/keras,chenmoneygithub,189,chenmoneygithub/367_Project,Matlab
keras-team/keras,chenmoneygithub,189,chenmoneygithub/android-game,Java
keras-team/keras,chenmoneygithub,189,chenmoneygithub/celegans,Jupyter Notebook
keras-team/keras,chenmoneygithub,189,chenmoneygithub/chenmoney-practice-web,HTML
keras-team/keras,chenmoneygithub,189,chenmoneygithub/chenmoneygithub.github.io,CSS
keras-team/keras,chenmoneygithub,189,chenmoneygithub/clarity,TypeScript
keras-team/keras,chenmoneygithub,189,chenmoneygithub/finetune-bert-with-HF-Keras,Jupyter Notebook
keras-team/keras,chenmoneygithub,189,chenmoneygithub/gaohaoyang.github.io,CSS
keras-team/keras,chenmoneygithub,189,chenmoneygithub/gatsby-blog,CSS
keras-team/keras,chenmoneygithub,189,chenmoneygithub/GHC_2023,Jupyter Notebook
keras-team/keras,chenmoneygithub,189,chenmoneygithub/GLUE-Benchmarking-Guide,Jupyter Notebook
keras-team/keras,chenmoneygithub,189,chenmoneygithub/HolyCrabST315A,RPC
keras-team/keras,chenmoneygithub,189,chenmoneygithub/keras-io,Jupyter Notebook
keras-team/keras,chenmoneygithub,189,chenmoneygithub/llama.cpp,C++
keras-team/keras,taehoonlee,164,taehoonlee/blog,JavaScript
keras-team/keras,taehoonlee,164,taehoonlee/caffe,C++
keras-team/keras,taehoonlee,164,taehoonlee/clustereval,Matlab
keras-team/keras,taehoonlee,164,taehoonlee/CNTK,C++
keras-team/keras,taehoonlee,164,taehoonlee/deepspark,Java
keras-team/keras,taehoonlee,164,taehoonlee/dotfiles,Shell
keras-team/keras,taehoonlee,164,taehoonlee/easyDL,Matlab
keras-team/keras,taehoonlee,164,taehoonlee/HiComet,JavaScript
keras-team/keras,taehoonlee,164,taehoonlee/HIPS_Linux_public,Shell
keras-team/keras,taehoonlee,164,taehoonlee/rmca,Matlab
keras-team/keras,taehoonlee,164,taehoonlee/SBFL,Matlab
keras-team/keras,taehoonlee,164,taehoonlee/snu-dissertation-template,TeX
keras-team/keras,taehoonlee,164,taehoonlee/taehoonlee.github.io,CSS
keras-team/keras,taehoonlee,164,taehoonlee/tensorflow,C++
keras-team/keras,taehoonlee,164,taehoonlee/tensornets-examples,Jupyter Notebook
keras-team/keras,taehoonlee,164,taehoonlee/testcaffe,Shell
keras-team/keras,taehoonlee,164,taehoonlee/tfigure,Matlab
scikit-learn/scikit-learn,ogrisel,2525,ogrisel/2016-01-tennis-betting-analysis,Jupyter Notebook
scikit-learn/scikit-learn,ogrisel,2525,ogrisel/azure-content,Shell
scikit-learn/scikit-learn,ogrisel,2525,ogrisel/azure-sdk-for-python,VHDL
scikit-learn/scikit-learn,ogrisel,2525,ogrisel/bbuzz-semantic-hackathon,Java
scikit-learn/scikit-learn,ogrisel,2525,ogrisel/bokeh,CoffeeScript
scikit-learn/scikit-learn,ogrisel,2525,ogrisel/cascalog-demo,Clojure
scikit-learn/scikit-learn,ogrisel,2525,ogrisel/charts,Smarty
scikit-learn/scikit-learn,ogrisel,2525,ogrisel/corpusmaker,Clojure
scikit-learn/scikit-learn,amueller,2073,amueller/advanced-sklearn-boston-nlp-2016,Jupyter Notebook
scikit-learn/scikit-learn,amueller,2073,amueller/advanced_git_nyu_2016,HTML
scikit-learn/scikit-learn,amueller,2073,amueller/advanced_training,Jupyter Notebook
scikit-learn/scikit-learn,amueller,2073,amueller/aml,Jupyter Notebook
scikit-learn/scikit-learn,amueller,2073,amueller/amueller.github.io,Less
scikit-learn/scikit-learn,amueller,2073,amueller/analysis-of-sklearn,Jupyter Notebook
scikit-learn/scikit-learn,amueller,2073,amueller/applied_ml_spring_2017,Jupyter Notebook
scikit-learn/scikit-learn,amueller,2073,amueller/AstroHackWeek2015,TeX
scikit-learn/scikit-learn,amueller,2073,amueller/AY2018-2019-Winter-Collaboratory-Faculty,HTML
scikit-learn/scikit-learn,amueller,2073,amueller/bokeh,CoffeeScript
scikit-learn/scikit-learn,amueller,2073,amueller/caret,R
scikit-learn/scikit-learn,amueller,2073,amueller/cclust_package,Jupyter Notebook
scikit-learn/scikit-learn,amueller,2073,amueller/columbia-website,CSS
scikit-learn/scikit-learn,amueller,2073,amueller/COMS4995-s18,Jupyter Notebook
scikit-learn/scikit-learn,amueller,2073,amueller/COMS4995-s19,Jupyter Notebook
scikit-learn/scikit-learn,amueller,2073,amueller/COMS4995-s20,Jupyter Notebook
scikit-learn/scikit-learn,amueller,2073,amueller/ConfidenceIntervalsFallacy,HTML
scikit-learn/scikit-learn,amueller,2073,amueller/courses,HTML
scikit-learn/scikit-learn,amueller,2073,amueller/curfil,C++
scikit-learn/scikit-learn,amueller,2073,amueller/cv,TeX
scikit-learn/scikit-learn,amueller,2073,amueller/cyg-x-1,Jupyter Notebook
scikit-learn/scikit-learn,amueller,2073,amueller/CZI-sklearn,TeX
scikit-learn/scikit-learn,amueller,2073,amueller/dabl,Jupyter Notebook
scikit-learn/scikit-learn,larsmans,1265,larsmans/AVResearcherXL,JavaScript
scikit-learn/scikit-learn,larsmans,1265,larsmans/db,Go
scikit-learn/scikit-learn,larsmans,1265,larsmans/dbxml-debian,C++
scikit-learn/scikit-learn,larsmans,1265,larsmans/dupes,Go
scikit-learn/scikit-learn,larsmans,1265,larsmans/ffjson,Go
scikit-learn/scikit-learn,larsmans,1265,larsmans/gensim,C
scikit-learn/scikit-learn,larsmans,1265,larsmans/go-sqlite3,C
scikit-learn/scikit-learn,larsmans,1265,larsmans/goharvest,Go
scikit-learn/scikit-learn,larsmans,1265,larsmans/leven,C++
scikit-learn/scikit-learn,larsmans,1265,larsmans/liblinear,C++
scikit-learn/scikit-learn,larsmans,1265,larsmans/libsvm,Java
scikit-learn/scikit-learn,larsmans,1265,larsmans/lucene-stanford-lemmatizer,Java
scikit-learn/scikit-learn,larsmans,1265,larsmans/numpy,C
scikit-learn/scikit-learn,larsmans,1265,larsmans/OOGL,C
scikit-learn/scikit-learn,agramfort,1086,agramfort/22_main_ml_meeg_tuto,Jupyter Notebook
scikit-learn/scikit-learn,agramfort,1086,agramfort/agramfort.github.io,TeX
scikit-learn/scikit-learn,agramfort,1086,agramfort/AI4Health_ml_eeg,Jupyter Notebook
scikit-learn/scikit-learn,agramfort,1086,agramfort/air_passengers,Jupyter Notebook
scikit-learn/scikit-learn,glouppe,936,glouppe/AstroHackWeek2018,Jupyter Notebook
scikit-learn/scikit-learn,glouppe,936,glouppe/carl-notebooks,Jupyter Notebook
scikit-learn/scikit-learn,glouppe,936,glouppe/covid19be,Jupyter Notebook
scikit-learn/scikit-learn,glouppe,936,glouppe/cv,TeX
scikit-learn/scikit-learn,glouppe,936,glouppe/dats0001-foundations-of-data-science,Jupyter Notebook
scikit-learn/scikit-learn,glouppe,936,glouppe/flowing-with-jax,Jupyter Notebook
scikit-learn/scikit-learn,glouppe,936,glouppe/ggi-deep-learning,Jupyter Notebook
scikit-learn/scikit-learn,glouppe,936,glouppe/glouppe.github.io,HTML
scikit-learn/scikit-learn,glouppe,936,glouppe/higgs_inference,Jupyter Notebook
scikit-learn/scikit-learn,glouppe,936,glouppe/iaifi-summer-school-2024,Jupyter Notebook
scikit-learn/scikit-learn,glouppe,936,glouppe/info8002-large-scale-data-systems,CSS
scikit-learn/scikit-learn,glouppe,936,glouppe/info8004-advanced-machine-learning,CSS
scikit-learn/scikit-learn,glouppe,936,glouppe/info8006-introduction-to-ai,Jupyter Notebook
scikit-learn/scikit-learn,glouppe,936,glouppe/info8010-deep-learning,Jupyter Notebook
scikit-learn/scikit-learn,glouppe,936,glouppe/kaggle-higgs,C++
scikit-learn/scikit-learn,glouppe,936,glouppe/kaggle-marinexplore,C
scikit-learn/scikit-learn,glouppe,936,glouppe/lecture-dlvm,Jupyter Notebook
scikit-learn/scikit-learn,glouppe,936,glouppe/lectures-iccub-2016,HTML
scikit-learn/scikit-learn,glouppe,936,glouppe/ml4physicalsciences.github.io,CSS
scikit-learn/scikit-learn,thomasjpfan,917,thomasjpfan/2020-czi-scikit-learn,JavaScript
scikit-learn/scikit-learn,thomasjpfan,917,thomasjpfan/2020-richmond-ds-meetup-gradient-boosting,JavaScript
scikit-learn/scikit-learn,thomasjpfan,917,thomasjpfan/2024-accelerate-python-with-parallelism,HTML
scikit-learn/scikit-learn,thomasjpfan,917,thomasjpfan/administrative,TeX
scikit-learn/scikit-learn,thomasjpfan,917,thomasjpfan/ames_housing_hiplot,Jupyter Notebook
scikit-learn/scikit-learn,thomasjpfan,917,thomasjpfan/ansible-docker-runner,Shell
scikit-learn/scikit-learn,thomasjpfan,917,thomasjpfan/ansible-os-hardening,Ruby
scikit-learn/scikit-learn,thomasjpfan,917,thomasjpfan/ansible-setup-user-role,Makefile
scikit-learn/scikit-learn,thomasjpfan,917,thomasjpfan/ansible-ssh-hardening,Ruby
scikit-learn/scikit-learn,thomasjpfan,917,thomasjpfan/ansible-ubuntu-local-runner,Shell
scikit-learn/scikit-learn,thomasjpfan,917,thomasjpfan/ansible-ufw-cluster-role,Makefile
scikit-learn/scikit-learn,thomasjpfan,917,thomasjpfan/bench-slep014,Jupyter Notebook
scikit-learn/scikit-learn,thomasjpfan,917,thomasjpfan/blog-scikit-learn,SCSS
scikit-learn/scikit-learn,thomasjpfan,917,thomasjpfan/Capslock,AutoHotkey
scikit-learn/scikit-learn,pprett,860,pprett/aml-class-19,HTML
scikit-learn/scikit-learn,pprett,860,pprett/benchm-ml,R
scikit-learn/scikit-learn,pprett,860,pprett/bolt,C
scikit-learn/scikit-learn,pprett,860,pprett/cm_ext,Java
scikit-learn/scikit-learn,pprett,860,pprett/crfsuite,C
scikit-learn/scikit-learn,pprett,860,pprett/hackaton-sentiment-summarizer,JavaScript
scikit-learn/scikit-learn,pprett,860,pprett/incubator-parquet-cpp,C++
scikit-learn/scikit-learn,pprett,860,pprett/libhdfs3,C++
scikit-learn/scikit-learn,pprett,860,pprett/lightning,C++
scikit-learn/scikit-learn,pprett,860,pprett/nut,C
scikit-learn/scikit-learn,pprett,860,pprett/pydata-gbrt-tutorial,Jupyter Notebook
scikit-learn/scikit-learn,pprett,860,pprett/pyFM,C
scikit-learn/scikit-learn,mblondel,778,mblondel/dot-bench,C++
scikit-learn/scikit-learn,mblondel,778,mblondel/dotfiles,Vim script
scikit-learn/scikit-learn,mblondel,778,mblondel/fantasdic,Ruby
scikit-learn/scikit-learn,mblondel,778,mblondel/mblondel.github.io,HTML
scikit-learn/scikit-learn,mblondel,778,mblondel/scikit-learn,C
scikit-learn/scikit-learn,mblondel,778,mblondel/spira,C
scikit-learn/scikit-learn,mblondel,778,mblondel/svmlight-loader,C++
scikit-learn/scikit-learn,vene,775,vene/AD3,C++
scikit-learn/scikit-learn,vene,775,vene/ad3-wheels,PowerShell
scikit-learn/scikit-learn,vene,775,vene/adsa_uiuc_sklearn_tutorial,Jupyter Notebook
scikit-learn/scikit-learn,vene,775,vene/bllip-parser,C++
scikit-learn/scikit-learn,vene,775,vene/config-files,Vim script
scikit-learn/scikit-learn,vene,775,vene/dot-bench,C++
scikit-learn/scikit-learn,vene,775,vene/dynet,C++
scikit-learn/scikit-learn,vene,775,vene/dynet-custom,C++
scikit-learn/scikit-learn,vene,775,vene/dynet-tools,C++
scikit-learn/scikit-learn,vene,775,vene/opengm,C++
scikit-learn/scikit-learn,vene,775,vene/politeness,OpenEdge ABL
scikit-learn/scikit-learn,jnothman,773,jnothman/aida,Java
scikit-learn/scikit-learn,jnothman,773,jnothman/cogcomp-nlp,Java
scikit-learn/scikit-learn,jnothman,773,jnothman/dkpro-core-asl,HTML
scikit-learn/scikit-learn,jnothman,773,jnothman/doi2bib2,JavaScript
scikit-learn/scikit-learn,jnothman,773,jnothman/eli5,Jupyter Notebook
scikit-learn/scikit-learn,jnothman,773,jnothman/git-squash,Shell
Alvin9999/new-pac,Alvin9999,2524,Alvin9999/across,Shell
Alvin9999/new-pac,Alvin9999,2524,Alvin9999/CharlesScripts,Shell
Alvin9999/new-pac,Alvin9999,2524,Alvin9999/daze,Go
Alvin9999/new-pac,Alvin9999,2524,Alvin9999/doubi,Shell
Alvin9999/new-pac,Alvin9999,2524,Alvin9999/Easy-V2ray,Shell
Alvin9999/new-pac,Alvin9999,2524,Alvin9999/fg,JavaScript
Alvin9999/new-pac,Alvin9999,2524,Alvin9999/goproxy,Go
Alvin9999/new-pac,Alvin9999,2524,Alvin9999/goproxy-1,Go
Alvin9999/new-pac,Alvin9999,2524,Alvin9999/goproxy-shell,Shell
labmlai/annotated_deep_learning_paper_implementations,vpj,738,vpj/ahira,C
labmlai/annotated_deep_learning_paper_implementations,vpj,738,vpj/annotate,TypeScript
labmlai/annotated_deep_learning_paper_implementations,vpj,738,vpj/Augmented-Reality,C
labmlai/annotated_deep_learning_paper_implementations,vpj,738,vpj/Backbone-Form,JavaScript
labmlai/annotated_deep_learning_paper_implementations,vpj,738,vpj/boilerplate,JavaScript
labmlai/annotated_deep_learning_paper_implementations,vpj,738,vpj/cellular,HTML
labmlai/annotated_deep_learning_paper_implementations,vpj,738,vpj/dsv,CoffeeScript
labmlai/annotated_deep_learning_paper_implementations,vpj,738,vpj/dsvdb,CoffeeScript
labmlai/annotated_deep_learning_paper_implementations,vpj,738,vpj/for_beginners,TypeScript
labmlai/annotated_deep_learning_paper_implementations,vpj,738,vpj/FP,CoffeeScript
labmlai/annotated_deep_learning_paper_implementations,vpj,738,vpj/handlebars-email,CoffeeScript
labmlai/annotated_deep_learning_paper_implementations,vpj,738,vpj/hashtable,CoffeeScript
labmlai/annotated_deep_learning_paper_implementations,vpj,738,vpj/IO,TypeScript
labmlai/annotated_deep_learning_paper_implementations,vpj,738,vpj/jshelpers,CoffeeScript
labmlai/annotated_deep_learning_paper_implementations,vpj,738,vpj/jsondb,CoffeeScript
labmlai/annotated_deep_learning_paper_implementations,vpj,738,vpj/log.js,CoffeeScript
labmlai/annotated_deep_learning_paper_implementations,vpj,738,vpj/mod,CoffeeScript
labmlai/annotated_deep_learning_paper_implementations,vpj,738,vpj/models,CoffeeScript
labmlai/annotated_deep_learning_paper_implementations,lakshith-403,17,lakshith-403/Arduino-Line-Follower-PID,C++
labmlai/annotated_deep_learning_paper_implementations,lakshith-403,17,lakshith-403/Audax-site,HTML
labmlai/annotated_deep_learning_paper_implementations,lakshith-403,17,lakshith-403/Calculator,C++
labmlai/annotated_deep_learning_paper_implementations,lakshith-403,17,lakshith-403/calli,TypeScript
labmlai/annotated_deep_learning_paper_implementations,lakshith-403,17,lakshith-403/CP-repo,C++
labmlai/annotated_deep_learning_paper_implementations,lakshith-403,17,lakshith-403/genlib,C++
labmlai/annotated_deep_learning_paper_implementations,lakshith-403,17,lakshith-403/Google-Foobar,Java
labmlai/annotated_deep_learning_paper_implementations,lakshith-403,17,lakshith-403/greenhouse-automation-system,Dart
labmlai/annotated_deep_learning_paper_implementations,lakshith-403,17,lakshith-403/IEEE-sample,HTML
labmlai/annotated_deep_learning_paper_implementations,lakshith-403,17,lakshith-403/Java-Neural-Network,Java
labmlai/annotated_deep_learning_paper_implementations,lakshith-403,17,lakshith-403/lakshith-403.github.io,HTML
labmlai/annotated_deep_learning_paper_implementations,lakshith-403,17,lakshith-403/long-live-the-bunny,C++
labmlai/annotated_deep_learning_paper_implementations,lakshith-403,17,lakshith-403/RalphyBoy-SLRC19,C++
labmlai/annotated_deep_learning_paper_implementations,lakshith-403,17,lakshith-403/Robofest2022,C++
labmlai/annotated_deep_learning_paper_implementations,lakshith-403,17,lakshith-403/single-password,JavaScript
labmlai/annotated_deep_learning_paper_implementations,lakshith-403,17,lakshith-403/SwiftUI-MVVM,Swift
labmlai/annotated_deep_learning_paper_implementations,lakshith-403,17,lakshith-403/wooden-spoon-player,C#
labmlai/annotated_deep_learning_paper_implementations,pengchzn,9,pengchzn/ChatGPT-Next-Web,TypeScript
labmlai/annotated_deep_learning_paper_implementations,pengchzn,9,pengchzn/ChatGPT-Web,Vue
labmlai/annotated_deep_learning_paper_implementations,pengchzn,9,pengchzn/hello-algo,Java
labmlai/annotated_deep_learning_paper_implementations,pengchzn,9,pengchzn/MDN,Jupyter Notebook
labmlai/annotated_deep_learning_paper_implementations,pengchzn,9,pengchzn/yonder,Jupyter Notebook
labmlai/annotated_deep_learning_paper_implementations,nmasnadithya,4,nmasnadithya/annotated_deep_learning_paper_implementations,Jupyter Notebook
labmlai/annotated_deep_learning_paper_implementations,nmasnadithya,4,nmasnadithya/aurora-phase-one,JavaScript
labmlai/annotated_deep_learning_paper_implementations,nmasnadithya,4,nmasnadithya/avatar-framer,JavaScript
labmlai/annotated_deep_learning_paper_implementations,nmasnadithya,4,nmasnadithya/CircularImageView,Java
labmlai/annotated_deep_learning_paper_implementations,nmasnadithya,4,nmasnadithya/codelab-dataconnect-web,TypeScript
labmlai/annotated_deep_learning_paper_implementations,nmasnadithya,4,nmasnadithya/cp,C++
labmlai/annotated_deep_learning_paper_implementations,nmasnadithya,4,nmasnadithya/facebook-sdk-swift,Swift
labmlai/annotated_deep_learning_paper_implementations,nmasnadithya,4,nmasnadithya/feedparser,Dart
labmlai/annotated_deep_learning_paper_implementations,nmasnadithya,4,nmasnadithya/flutter-search-bar,Dart
labmlai/annotated_deep_learning_paper_implementations,nmasnadithya,4,nmasnadithya/FlutterHtmlView,Dart
labmlai/annotated_deep_learning_paper_implementations,nmasnadithya,4,nmasnadithya/flutter_cached_network_image,Dart
labmlai/annotated_deep_learning_paper_implementations,nmasnadithya,4,nmasnadithya/flutter_cache_manager,Dart
labmlai/annotated_deep_learning_paper_implementations,nmasnadithya,4,nmasnadithya/HashCode21,C++
labmlai/annotated_deep_learning_paper_implementations,nmasnadithya,4,nmasnadithya/Infiny,JavaScript
labmlai/annotated_deep_learning_paper_implementations,nmasnadithya,4,nmasnadithya/just_audio,Dart
labmlai/annotated_deep_learning_paper_implementations,nmasnadithya,4,nmasnadithya/lab_dashboard,TypeScript
labmlai/annotated_deep_learning_paper_implementations,nmasnadithya,4,nmasnadithya/LitToCoffee,CoffeeScript
labmlai/annotated_deep_learning_paper_implementations,nmasnadithya,4,nmasnadithya/nmasnadithya.github.io,HTML
labmlai/annotated_deep_learning_paper_implementations,nmasnadithya,4,nmasnadithya/one-line-wonders,C
labmlai/annotated_deep_learning_paper_implementations,nmasnadithya,4,nmasnadithya/OpenWeather,Kotlin
labmlai/annotated_deep_learning_paper_implementations,nmasnadithya,4,nmasnadithya/polygons,JavaScript
labmlai/annotated_deep_learning_paper_implementations,nmasnadithya,4,nmasnadithya/ProblemSolving,Java
labmlai/annotated_deep_learning_paper_implementations,sachdevkartik,2,sachdevkartik/AutoML,Jupyter Notebook
labmlai/annotated_deep_learning_paper_implementations,sachdevkartik,2,sachdevkartik/DeepLense,Jupyter Notebook
labmlai/annotated_deep_learning_paper_implementations,sachdevkartik,2,sachdevkartik/deepLense_transformer_ssl,Jupyter Notebook
labmlai/annotated_deep_learning_paper_implementations,sachdevkartik,2,sachdevkartik/DiscordBot,Jupyter Notebook
labmlai/annotated_deep_learning_paper_implementations,sachdevkartik,2,sachdevkartik/ExplainableAI,Jupyter Notebook
labmlai/annotated_deep_learning_paper_implementations,sachdevkartik,2,sachdevkartik/GSoC-2022,Jupyter Notebook
labmlai/annotated_deep_learning_paper_implementations,sachdevkartik,2,sachdevkartik/nn,Jupyter Notebook
labmlai/annotated_deep_learning_paper_implementations,sachdevkartik,2,sachdevkartik/Reinforcement-Learning,Jupyter Notebook
labmlai/annotated_deep_learning_paper_implementations,sachdevkartik,2,sachdevkartik/__init__,Jupyter Notebook
labmlai/annotated_deep_learning_paper_implementations,eltociear,2,eltociear/1Panel,Go
labmlai/annotated_deep_learning_paper_implementations,shakedbr,2,shakedbr/annotated_deep_learning_paper_implementations,Jupyter Notebook
labmlai/annotated_deep_learning_paper_implementations,shakedbr,2,shakedbr/facematch,JavaScript
labmlai/annotated_deep_learning_paper_implementations,shakedbr,2,shakedbr/grammars-v4,ANTLR
labmlai/annotated_deep_learning_paper_implementations,shakedbr,2,shakedbr/shakedbr.github.io,HTML
labmlai/annotated_deep_learning_paper_implementations,shakedbr,2,shakedbr/stremio-translations,JavaScript
labmlai/annotated_deep_learning_paper_implementations,jakehsiao,2,jakehsiao/ac-multiplayer-server,JavaScript
labmlai/annotated_deep_learning_paper_implementations,jakehsiao,2,jakehsiao/advanced-lane-lines-finding,Jupyter Notebook
labmlai/annotated_deep_learning_paper_implementations,jakehsiao,2,jakehsiao/boardgame.io,JavaScript
labmlai/annotated_deep_learning_paper_implementations,jakehsiao,2,jakehsiao/CarND-Kidnapped-Vehicle-Project,C++
labmlai/annotated_deep_learning_paper_implementations,jakehsiao,2,jakehsiao/chatbot_demo,JavaScript
labmlai/annotated_deep_learning_paper_implementations,jakehsiao,2,jakehsiao/Data-Analysis-Nanodegree-Projects,Jupyter Notebook
labmlai/annotated_deep_learning_paper_implementations,jakehsiao,2,jakehsiao/deep_recommend_system,C++
labmlai/annotated_deep_learning_paper_implementations,jakehsiao,2,jakehsiao/dog-project,Jupyter Notebook
labmlai/annotated_deep_learning_paper_implementations,jakehsiao,2,jakehsiao/Extended-Kalman-Filter,C++
labmlai/annotated_deep_learning_paper_implementations,jakehsiao,2,jakehsiao/FailedSolutionForRef,CMake
labmlai/annotated_deep_learning_paper_implementations,jakehsiao,2,jakehsiao/glowing-octo-robot,HTML
labmlai/annotated_deep_learning_paper_implementations,jakehsiao,2,jakehsiao/go-all-the-way,GDScript
labmlai/annotated_deep_learning_paper_implementations,jakehsiao,2,jakehsiao/Highway-path-planning,C++
labmlai/annotated_deep_learning_paper_implementations,jakehsiao,2,jakehsiao/HMM-Sign-Language-Recognizer,Jupyter Notebook
labmlai/annotated_deep_learning_paper_implementations,jakehsiao,2,jakehsiao/KITTI,Jupyter Notebook
labmlai/annotated_deep_learning_paper_implementations,jakehsiao,2,jakehsiao/lobby_api,JavaScript
labmlai/annotated_deep_learning_paper_implementations,jakehsiao,2,jakehsiao/Machine-Learning-Practices,Jupyter Notebook
labmlai/annotated_deep_learning_paper_implementations,jakehsiao,2,jakehsiao/Machine-Translation,HTML
labmlai/annotated_deep_learning_paper_implementations,jakehsiao,2,jakehsiao/Model-Predictive-Controller,C++
labmlai/annotated_deep_learning_paper_implementations,jakehsiao,2,jakehsiao/particle-filter,C++
labmlai/annotated_deep_learning_paper_implementations,jakehsiao,2,jakehsiao/poker_dungeons,JavaScript
labmlai/annotated_deep_learning_paper_implementations,f-hy,2,f-hy/csp24,C++
labmlai/annotated_deep_learning_paper_implementations,f-hy,2,f-hy/cspAFTER20220414,C++
labmlai/annotated_deep_learning_paper_implementations,f-hy,2,f-hy/DataStructKY,C++
labmlai/annotated_deep_learning_paper_implementations,f-hy,2,f-hy/digitalImageProcessing,C++
labmlai/annotated_deep_learning_paper_implementations,f-hy,2,f-hy/f-hy.github.io,HTML
labmlai/annotated_deep_learning_paper_implementations,f-hy,2,f-hy/fopencv,C++
labmlai/annotated_deep_learning_paper_implementations,f-hy,2,f-hy/friendy0.github.io,HTML
labmlai/annotated_deep_learning_paper_implementations,f-hy,2,f-hy/jencrypt-decrypt,Java
labmlai/annotated_deep_learning_paper_implementations,f-hy,2,f-hy/matiji,C++
labmlai/annotated_deep_learning_paper_implementations,f-hy,2,f-hy/nlplab,Jupyter Notebook
labmlai/annotated_deep_learning_paper_implementations,f-hy,2,f-hy/nowcoder,C++
labmlai/annotated_deep_learning_paper_implementations,f-hy,2,f-hy/sdu_visualization,HTML
labmlai/annotated_deep_learning_paper_implementations,f-hy,2,f-hy/skills-code-with-codespaces,HTML
OpenInterpreter/open-interpreter,KillianLucas,2288,KillianLucas/open-interpreter-website,CSS
OpenInterpreter/open-interpreter,KillianLucas,2288,KillianLucas/universal-python,Shell
OpenInterpreter/open-interpreter,Notnaton,90,Notnaton/amdgpu-docker,Dockerfile
OpenInterpreter/open-interpreter,Notnaton,90,Notnaton/AudioMove,C#
OpenInterpreter/open-interpreter,Notnaton,90,Notnaton/llama.cpp,C++
OpenInterpreter/open-interpreter,Notnaton,90,Notnaton/open-interpreter,Jupyter Notebook
OpenInterpreter/open-interpreter,Notnaton,90,Notnaton/raytraced-weekend,Rust
OpenInterpreter/open-interpreter,MikeBirdTech,84,MikeBirdTech/dotfiles,Lua
OpenInterpreter/open-interpreter,MikeBirdTech,84,MikeBirdTech/golifx,Go
OpenInterpreter/open-interpreter,MikeBirdTech,84,MikeBirdTech/gpt3-browser-extension,CSS
OpenInterpreter/open-interpreter,MikeBirdTech,84,MikeBirdTech/gpt3-vscode-extension,TypeScript
OpenInterpreter/open-interpreter,MikeBirdTech,84,MikeBirdTech/hammerspoon,Lua
OpenInterpreter/open-interpreter,MikeBirdTech,84,MikeBirdTech/mikebirdtech.github.io,HTML
OpenInterpreter/open-interpreter,MikeBirdTech,84,MikeBirdTech/nvim,Lua
OpenInterpreter/open-interpreter,MikeBirdTech,84,MikeBirdTech/obsidian-open-interpreter,TypeScript
OpenInterpreter/open-interpreter,MikeBirdTech,84,MikeBirdTech/oi-websocket-frontend,JavaScript
OpenInterpreter/open-interpreter,MikeBirdTech,84,MikeBirdTech/streamdeck-plugin-template,HTML
OpenInterpreter/open-interpreter,MikeBirdTech,84,MikeBirdTech/vim-game,Rust
OpenInterpreter/open-interpreter,MikeBirdTech,84,MikeBirdTech/vscode-extension-tutorial,TypeScript
OpenInterpreter/open-interpreter,ericrallen,68,ericrallen/Add-AdRotate-Blocks-to-Page,PHP
OpenInterpreter/open-interpreter,ericrallen,68,ericrallen/advent-of-code,JavaScript
OpenInterpreter/open-interpreter,ericrallen,68,ericrallen/alchemy-ghost-theme,CSS
OpenInterpreter/open-interpreter,ericrallen,68,ericrallen/base-theme,JavaScript
OpenInterpreter/open-interpreter,ericrallen,68,ericrallen/cardinal-clt-parking-map,JavaScript
OpenInterpreter/open-interpreter,ericrallen,68,ericrallen/cloud-to-butt,JavaScript
OpenInterpreter/open-interpreter,ericrallen,68,ericrallen/coding-challenges,JavaScript
OpenInterpreter/open-interpreter,ericrallen,68,ericrallen/create-react-app,JavaScript
OpenInterpreter/open-interpreter,ericrallen,68,ericrallen/custom-env,JavaScript
OpenInterpreter/open-interpreter,ericrallen,68,ericrallen/DefinitelyTyped,TypeScript
OpenInterpreter/open-interpreter,ericrallen,68,ericrallen/dev-blog,TypeScript
OpenInterpreter/open-interpreter,ericrallen,68,ericrallen/developer-instagram-feed-wp,PHP
OpenInterpreter/open-interpreter,ericrallen,68,ericrallen/dictionrary,Shell
OpenInterpreter/open-interpreter,ericrallen,68,ericrallen/dotenv-cli,JavaScript
OpenInterpreter/open-interpreter,ericrallen,68,ericrallen/dotenv-expand,JavaScript
OpenInterpreter/open-interpreter,ericrallen,68,ericrallen/dotenv-flow,JavaScript
OpenInterpreter/open-interpreter,ericrallen,68,ericrallen/dotfiles,Shell
OpenInterpreter/open-interpreter,ericrallen,68,ericrallen/dynamic-import-demo,JavaScript
OpenInterpreter/open-interpreter,ericrallen,68,ericrallen/eventunes,Objective-C
OpenInterpreter/open-interpreter,ericrallen,68,ericrallen/generator-bootgap,JavaScript
OpenInterpreter/open-interpreter,ericrallen,68,ericrallen/git-achievements,HTML
OpenInterpreter/open-interpreter,ericrallen,68,ericrallen/github-org-data-viz,JavaScript
OpenInterpreter/open-interpreter,ericrallen,68,ericrallen/global-donatometer,PHP
OpenInterpreter/open-interpreter,tyfiero,39,tyfiero/01iOS,TypeScript
OpenInterpreter/open-interpreter,tyfiero,39,tyfiero/1mb-club,HTML
OpenInterpreter/open-interpreter,tyfiero,39,tyfiero/ADA-PriceArt-explorer,JavaScript
OpenInterpreter/open-interpreter,tyfiero,39,tyfiero/CanvasCat,JavaScript
OpenInterpreter/open-interpreter,tyfiero,39,tyfiero/consistensea,JavaScript
OpenInterpreter/open-interpreter,tyfiero,39,tyfiero/ETH-PriceArt-explorer,JavaScript
OpenInterpreter/open-interpreter,tyfiero,39,tyfiero/github-slideshow,Ruby
OpenInterpreter/open-interpreter,tyfiero,39,tyfiero/ideaisland,JavaScript
OpenInterpreter/open-interpreter,tyfiero,39,tyfiero/NFT-sites-,JavaScript
OpenInterpreter/open-interpreter,tyfiero,39,tyfiero/oi-website,Svelte
OpenInterpreter/open-interpreter,tyfiero,39,tyfiero/OIExperiments,HTML
OpenInterpreter/open-interpreter,jordanbtucker,38,jordanbtucker/AudioMog,C#
OpenInterpreter/open-interpreter,jordanbtucker,38,jordanbtucker/aveva-galaxy-backup,C#
OpenInterpreter/open-interpreter,jordanbtucker,38,jordanbtucker/babel-init,JavaScript
OpenInterpreter/open-interpreter,jordanbtucker,38,jordanbtucker/botw-hundo-dupl,TypeScript
OpenInterpreter/open-interpreter,jordanbtucker,38,jordanbtucker/botw-no-loot-boxes,PowerShell
OpenInterpreter/open-interpreter,jordanbtucker,38,jordanbtucker/botw-tools,C
OpenInterpreter/open-interpreter,jordanbtucker,38,jordanbtucker/commitlint,JavaScript
OpenInterpreter/open-interpreter,jordanbtucker,38,jordanbtucker/DasKeyboard.Q,C#
OpenInterpreter/open-interpreter,jordanbtucker,38,jordanbtucker/ddns-client,JavaScript
OpenInterpreter/open-interpreter,jordanbtucker,38,jordanbtucker/DefinitelyTyped,TypeScript
OpenInterpreter/open-interpreter,jordanbtucker,38,jordanbtucker/deno-init,Shell
OpenInterpreter/open-interpreter,jordanbtucker,38,jordanbtucker/electron-init,JavaScript
OpenInterpreter/open-interpreter,jordanbtucker,38,jordanbtucker/eslint-config-standard,JavaScript
OpenInterpreter/open-interpreter,jordanbtucker,38,jordanbtucker/eslint-plugin-n-resolve-issue,JavaScript
OpenInterpreter/open-interpreter,jordanbtucker,38,jordanbtucker/eslint-plugin-node,JavaScript
OpenInterpreter/open-interpreter,jordanbtucker,38,jordanbtucker/eslint-plugin-react,JavaScript
OpenInterpreter/open-interpreter,jordanbtucker,38,jordanbtucker/express-init,JavaScript
OpenInterpreter/open-interpreter,TanmayDoesAI,26,TanmayDoesAI/ai-creator-archive,Jupyter Notebook
OpenInterpreter/open-interpreter,TanmayDoesAI,26,TanmayDoesAI/anime-gan,Jupyter Notebook
OpenInterpreter/open-interpreter,TanmayDoesAI,26,TanmayDoesAI/Catalog-assignment,JavaScript
OpenInterpreter/open-interpreter,TanmayDoesAI,26,TanmayDoesAI/Gorilla-WebUI,Jupyter Notebook
OpenInterpreter/open-interpreter,TanmayDoesAI,26,TanmayDoesAI/hacktoberfest-2022,C++
OpenInterpreter/open-interpreter,TanmayDoesAI,26,TanmayDoesAI/java-programs,Java
OpenInterpreter/open-interpreter,TanmayDoesAI,26,TanmayDoesAI/Kaggle-notebooks,Jupyter Notebook
OpenInterpreter/open-interpreter,TanmayDoesAI,26,TanmayDoesAI/langchat,JavaScript
OpenInterpreter/open-interpreter,TanmayDoesAI,26,TanmayDoesAI/learning-ml,Jupyter Notebook
OpenInterpreter/open-interpreter,TanmayDoesAI,26,TanmayDoesAI/LLM-Playground,Jupyter Notebook
OpenInterpreter/open-interpreter,TanmayDoesAI,26,TanmayDoesAI/mks-event,JavaScript
OpenInterpreter/open-interpreter,TanmayDoesAI,26,TanmayDoesAI/mkstest2,JavaScript
OpenInterpreter/open-interpreter,TanmayDoesAI,26,TanmayDoesAI/open-interpreter-docs,MDX
OpenInterpreter/open-interpreter,TanmayDoesAI,26,TanmayDoesAI/seamless-ui,HTML
OpenInterpreter/open-interpreter,TanmayDoesAI,26,TanmayDoesAI/sonoma-portfolio,JavaScript
OpenInterpreter/open-interpreter,TanmayDoesAI,26,TanmayDoesAI/Stable-code-api-colab,Jupyter Notebook
OpenInterpreter/open-interpreter,imapersonman,22,imapersonman/Asteroids1,C++
OpenInterpreter/open-interpreter,imapersonman,22,imapersonman/Chess1,C++
OpenInterpreter/open-interpreter,imapersonman,22,imapersonman/Chip8,C++
OpenInterpreter/open-interpreter,imapersonman,22,imapersonman/coastline,TypeScript
OpenInterpreter/open-interpreter,imapersonman,22,imapersonman/Conway1,C++
OpenInterpreter/open-interpreter,imapersonman,22,imapersonman/FloodIt1,C++
OpenInterpreter/open-interpreter,imapersonman,22,imapersonman/Font_Booklet,Swift
OpenInterpreter/open-interpreter,imapersonman,22,imapersonman/imapersonman.github.io,HTML
OpenInterpreter/open-interpreter,imapersonman,22,imapersonman/MacLogic2-Quasar,TypeScript
OpenInterpreter/open-interpreter,imapersonman,22,imapersonman/MacLogic2-Scala,Scala
OpenInterpreter/open-interpreter,imapersonman,22,imapersonman/MercuryPicker,HTML
OpenInterpreter/open-interpreter,imapersonman,22,imapersonman/Minesweeper1,C++
OpenInterpreter/open-interpreter,imapersonman,22,imapersonman/oi-integration-tests,Jupyter Notebook
OpenInterpreter/open-interpreter,imapersonman,22,imapersonman/Pacman1,C++
OpenInterpreter/open-interpreter,imapersonman,22,imapersonman/Pong1,C++
OpenInterpreter/open-interpreter,imapersonman,22,imapersonman/sasapp,JavaScript
OpenInterpreter/open-interpreter,imapersonman,22,imapersonman/Shoreline,Swift
OpenInterpreter/open-interpreter,imapersonman,22,imapersonman/ZimReader,C
OpenInterpreter/open-interpreter,Steve235lab,15,Steve235lab/clash-verge-rev,TypeScript
OpenInterpreter/open-interpreter,Steve235lab,15,Steve235lab/ClashX.Meta,Swift
OpenInterpreter/open-interpreter,Steve235lab,15,Steve235lab/Data-Generator,C++
OpenInterpreter/open-interpreter,Steve235lab,15,Steve235lab/gensci-web-doc-retrieval,Vue
OpenInterpreter/open-interpreter,Steve235lab,15,Steve235lab/lobe-chat,TypeScript
localstack/localstack,whummer,1582,whummer/AIS,Shell
localstack/localstack,whummer,1582,whummer/amazon-kinesis-client,Java
localstack/localstack,whummer,1582,whummer/amplify-vite-react-template,TypeScript
localstack/localstack,whummer,1582,whummer/angular-aui,JavaScript
localstack/localstack,whummer,1582,whummer/angular-chart.js,JavaScript
localstack/localstack,whummer,1582,whummer/AUToCLES,JavaScript
localstack/localstack,whummer,1582,whummer/awesome-chalice,HTML
localstack/localstack,whummer,1582,whummer/aws-amplify-graphql,JavaScript
localstack/localstack,whummer,1582,whummer/aws-cognito-angular2-quickstart,TypeScript
localstack/localstack,whummer,1582,whummer/cassowary.js,JavaScript
localstack/localstack,whummer,1582,whummer/dbootstrap,CSS
localstack/localstack,whummer,1582,whummer/docker-hadoop-query,Shell
localstack/localstack,whummer,1582,whummer/docker-riak,Shell
localstack/localstack,whummer,1582,whummer/dynamodb-local,Shell
localstack/localstack,whummer,1582,whummer/eclipseJarSearch,Java
localstack/localstack,whummer,1582,whummer/ecs-apigateway-sample,JavaScript
localstack/localstack,whummer,1582,whummer/FfDL,Go
localstack/localstack,whummer,1582,whummer/former2,JavaScript
localstack/localstack,bentsku,483,bentsku/community-event-s3-demo,Shell
localstack/localstack,bentsku,483,bentsku/redisjson,C
localstack/localstack,bentsku,483,bentsku/simple-websockets-chat-app-tf,HCL
localstack/localstack,bentsku,483,bentsku/vanilla-fluidbox,JavaScript
localstack/localstack,bentsku,483,bentsku/WeakAuras-Companion,Vue
localstack/localstack,thrau,479,thrau/diapretty,Jinja
localstack/localstack,thrau,479,thrau/dotfiles,Shell
localstack/localstack,thrau,479,thrau/dst21-meta-demo,Java
localstack/localstack,thrau,479,thrau/duckdns,Shell
localstack/localstack,thrau,479,thrau/jarchivelib,Java
localstack/localstack,thrau,479,thrau/jeromq,Java
localstack/localstack,thrau,479,thrau/maven-archetype-bundle,Java
localstack/localstack,thrau,479,thrau/openengsb-framework,Java
localstack/localstack,thrau,479,thrau/org.ops4j.pax.wicket,Java
localstack/localstack,thrau,479,thrau/pycharm-pytest-issue,Makefile
localstack/localstack,thrau,479,thrau/redisson,Java
localstack/localstack,dominikschubert,324,dominikschubert/circleci-playground,Makefile
localstack/localstack,dominikschubert,324,dominikschubert/google-cloud-go,Go
localstack/localstack,dominikschubert,324,dominikschubert/localstack-cdk-hot-reloading,TypeScript
localstack/localstack,alexrashed,320,alexrashed/buildbulb,Go
localstack/localstack,alexrashed,320,alexrashed/buildJetsonTX2Kernel,Shell
localstack/localstack,alexrashed,320,alexrashed/calendar_monthly,JavaScript
localstack/localstack,alexrashed,320,alexrashed/charts,Smarty
localstack/localstack,alexrashed,320,alexrashed/dependabot-sha-digest-update,Dockerfile
localstack/localstack,alexrashed,320,alexrashed/docker-cd-stack,Shell
localstack/localstack,alexrashed,320,alexrashed/docker-jenkins-slaves,Shell
localstack/localstack,alexrashed,320,alexrashed/docsy-offline-search,HTML
localstack/localstack,alexrashed,320,alexrashed/eval_rest,Java
localstack/localstack,alexrashed,320,alexrashed/faas,Go
localstack/localstack,alexrashed,320,alexrashed/faas-netes,Go
localstack/localstack,alexrashed,320,alexrashed/gradle_spring_docker,Java
localstack/localstack,alexrashed,320,alexrashed/grpc-spring-boot-starter,Java
localstack/localstack,alexrashed,320,alexrashed/gs-spring-boot-docker,Shell
localstack/localstack,alexrashed,320,alexrashed/GWTP,Java
localstack/localstack,alexrashed,320,alexrashed/hackathon202304,HCL
localstack/localstack,alexrashed,320,alexrashed/helm-docs,Go
localstack/localstack,dfangl,290,dfangl/advent-of-code-2021,Rust
localstack/localstack,dfangl,290,dfangl/advent-of-code-2022,Rust
localstack/localstack,dfangl,290,dfangl/cgue18-stage_fighter,C++
localstack/localstack,dfangl,290,dfangl/localstack-wordpress-bref,TypeScript
localstack/localstack,dfangl,290,dfangl/oeffimonitor,JavaScript
localstack/localstack,dfangl,290,dfangl/testcontainers-java,Java
localstack/localstack,viren-nadkarni,235,viren-nadkarni/bvd-snort,C++
localstack/localstack,viren-nadkarni,235,viren-nadkarni/codu,C++
localstack/localstack,viren-nadkarni,235,viren-nadkarni/construction,C++
localstack/localstack,viren-nadkarni,235,viren-nadkarni/cpython-internals,JavaScript
localstack/localstack,viren-nadkarni,235,viren-nadkarni/demos,HCL
localstack/localstack,viren-nadkarni,235,viren-nadkarni/dotfiles,Vim Script
localstack/localstack,viren-nadkarni,235,viren-nadkarni/droid-vnc-server,C
localstack/localstack,viren-nadkarni,235,viren-nadkarni/frontend-maven-plugin,Java
localstack/localstack,viren-nadkarni,235,viren-nadkarni/kubernetes,Go
localstack/localstack,viren-nadkarni,235,viren-nadkarni/learnxinyminutes-docs,TeX
localstack/localstack,viren-nadkarni,235,viren-nadkarni/mem_alloc_sim,C
localstack/localstack,viren-nadkarni,235,viren-nadkarni/mfva,Java
localstack/localstack,viren-nadkarni,235,viren-nadkarni/minix,C
localstack/localstack,viren-nadkarni,235,viren-nadkarni/nadkarni-family-tree,TeX
localstack/localstack,viren-nadkarni,235,viren-nadkarni/pintos,C
localstack/localstack,viren-nadkarni,235,viren-nadkarni/ppolicy-check-password,C
localstack/localstack,viren-nadkarni,235,viren-nadkarni/raspi,JavaScript
localstack/localstack,pinzon,171,pinzon/amplify-js-local,JavaScript
localstack/localstack,pinzon,171,pinzon/CDK-Samples,TypeScript
localstack/localstack,pinzon,171,pinzon/docker-course-example,JavaScript
localstack/localstack,pinzon,171,pinzon/everyday-vue-components,Vue
localstack/localstack,pinzon,171,pinzon/flutter_course,Dart
localstack/localstack,pinzon,171,pinzon/fluweather,Dart
localstack/localstack,pinzon,171,pinzon/joini,CSS
localstack/localstack,pinzon,171,pinzon/kinesalite,JavaScript
localstack/localstack,pinzon,171,pinzon/kinesis-mock,Scala
localstack/localstack,pinzon,171,pinzon/localstack-amplify-demo,Vue
localstack/localstack,pinzon,171,pinzon/localstack-demo,Makefile
localstack/localstack,pinzon,171,pinzon/localstack-java-utils,Java
localstack/localstack,pinzon,171,pinzon/papeleriacrist,PHP
localstack/localstack,pinzon,171,pinzon/postgis-express-example,JavaScript
localstack/localstack,pinzon,171,pinzon/PWA-2DO,JavaScript
localstack/localstack,pinzon,171,pinzon/react-weather-app,JavaScript
localstack/localstack,pinzon,171,pinzon/sails-file-upload-example,JavaScript
localstack/localstack,MEPalma,159,MEPalma/grammars-v4,ANTLR
localstack/localstack,MEPalma,159,MEPalma/HLNN-ReplicationPackage,ANTLR
localstack/localstack,MEPalma,159,MEPalma/Intelligent-Control-System-For-Hybrid-Power-Units,Haskell
localstack/localstack,MEPalma,159,MEPalma/On-the-Fly-Syntax-Highlighting-Generalisation-and-Speed-ups,ANTLR
localstack/localstack,MEPalma,159,MEPalma/SET-Mastodon-Experiment,Ruby
localstack/localstack,MEPalma,159,MEPalma/SyntheticEndUserTesting-Prototype,Java
localstack/localstack,MEPalma,159,MEPalma/UZH-ASE-AnnotationWS-FormalModel,ANTLR
localstack/localstack,MEPalma,159,MEPalma/Walter-Programming-Language,Haskell
meta-llama/llama,jspisak,42,jspisak/caffe2,C++
meta-llama/llama,jspisak,42,jspisak/cheatsheets,CSS
meta-llama/llama,jspisak,42,jspisak/mxnet,C++
meta-llama/llama,jspisak,42,jspisak/mxnet-notebooks,Jupyter Notebook
meta-llama/llama,jspisak,42,jspisak/onnx,PureBasic
meta-llama/llama,jspisak,42,jspisak/onnx.github.io,HTML
meta-llama/llama,jspisak,42,jspisak/pytorch.github.io,CSS
meta-llama/llama,jspisak,42,jspisak/test-repo,HTML
meta-llama/llama,ruanslv,14,ruanslv/PicAttendance,PHP
meta-llama/llama,sekyondaMeta,12,sekyondaMeta/llama-recipes,Jupyter Notebook
meta-llama/llama,sekyondaMeta,12,sekyondaMeta/serve,Java
meta-llama/llama,sekyondaMeta,12,sekyondaMeta/testsRepo,Shell
meta-llama/llama,sekyondaMeta,12,sekyondaMeta/tutorials,Jupyter Notebook
meta-llama/llama,samuelselvan,7,samuelselvan/facebook-php-sdk,PHP
meta-llama/llama,samuelselvan,7,samuelselvan/molokai,Vim script
meta-llama/llama,samuelselvan,7,samuelselvan/myprogrammingblog.com,JavaScript
meta-llama/llama,subramen,5,subramen/annotated-transformer,Jupyter Notebook
meta-llama/llama,subramen,5,subramen/Behavioral-Finance-Experiment,JavaScript
meta-llama/llama,subramen,5,subramen/create-pytorch-app,HTML
meta-llama/llama,subramen,5,subramen/deep-learning-examples,Jupyter Notebook
meta-llama/llama,subramen,5,subramen/llama-recipes,Jupyter Notebook
meta-llama/llama,subramen,5,subramen/pttutorialtest,JavaScript
meta-llama/llama,paksha,4,paksha/Chess,C++
meta-llama/llama,paksha,4,paksha/computer-vision,Jupyter Notebook
meta-llama/llama,paksha,4,paksha/Hey-Media,JavaScript
meta-llama/llama,paksha,4,paksha/Lacs-Compiler,Scala
meta-llama/llama,paksha,4,paksha/Reinforcement-Learning,Jupyter Notebook
meta-llama/llama,flu0r1ne,3,flu0r1ne/bash-starter,Makefile
meta-llama/llama,flu0r1ne,3,flu0r1ne/crosstalk,Rust
meta-llama/llama,flu0r1ne,3,flu0r1ne/DLStack,C
meta-llama/llama,flu0r1ne,3,flu0r1ne/fcgiwrap,C
meta-llama/llama,flu0r1ne,3,flu0r1ne/golang-github-flynn-noise-dev,Go
meta-llama/llama,flu0r1ne,3,flu0r1ne/golang-github-google-go-cmp-dev,Go
meta-llama/llama,flu0r1ne,3,flu0r1ne/golang-github-nbrownus-go-metrics-prometheus-dev,Go
meta-llama/llama,flu0r1ne,3,flu0r1ne/golang-github-skip2-go-qrcode-dev,Go
meta-llama/llama,flu0r1ne,3,flu0r1ne/golang-google-protobuf-dev,Go
meta-llama/llama,flu0r1ne,3,flu0r1ne/nebula,Go
meta-llama/llama,flu0r1ne,3,flu0r1ne/ros2-foxy-PKGBUILD,Shell
meta-llama/llama,flu0r1ne,3,flu0r1ne/wg2nd,C++
meta-llama/llama,flu0r1ne,3,flu0r1ne/ws,Go
meta-llama/llama,rajveer43,3,rajveer43/android-app,Java
meta-llama/llama,rajveer43,3,rajveer43/annotated_deep_learning_paper_implementations,Jupyter Notebook
meta-llama/llama,rajveer43,3,rajveer43/attention_cpp,C++
meta-llama/llama,rajveer43,3,rajveer43/birthdayportfolio,SCSS
meta-llama/llama,rajveer43,3,rajveer43/Blog-App-using-MERN-stack,JavaScript
meta-llama/llama,rajveer43,3,rajveer43/Calculator,Java
meta-llama/llama,rajveer43,3,rajveer43/classy-fire,Jupyter Notebook
meta-llama/llama,rajveer43,3,rajveer43/covid-data-tracker,JavaScript
meta-llama/llama,rajveer43,3,rajveer43/covid-tracker-india,HTML
meta-llama/llama,rajveer43,3,rajveer43/devfestahm,TypeScript
meta-llama/llama,rajveer43,3,rajveer43/docs,JavaScript
meta-llama/llama,vubui,3,vubui/alexa-skills-kit-states-java,Java
meta-llama/llama,vubui,3,vubui/aws-cdk,TypeScript
meta-llama/llama,vubui,3,vubui/compass,HTML
meta-llama/llama,vubui,3,vubui/ez-park-app,Java
meta-llama/llama,vubui,3,vubui/ez-park-meter,Java
meta-llama/llama,vubui,3,vubui/mxnet-the-straight-dope,Jupyter Notebook
meta-llama/llama,vubui,3,vubui/pollux,Java
meta-llama/llama,vubui,3,vubui/sequelize,JavaScript
meta-llama/llama,vubui,3,vubui/snap-box,JavaScript
meta-llama/llama,vubui,3,vubui/vnd-exchange,JavaScript
meta-llama/llama,vubui,3,vubui/vsa-project,Ruby
meta-llama/llama,SulimanSagindykov,3,SulimanSagindykov/91_Python_Mini_Projects,Jupyter Notebook
meta-llama/llama,SulimanSagindykov,3,SulimanSagindykov/AssistantAI,JavaScript
meta-llama/llama,SulimanSagindykov,3,SulimanSagindykov/StarWars_Project,CSS
meta-llama/llama,SulimanSagindykov,3,SulimanSagindykov/URL_Shortener,JavaScript
zylon-ai/private-gpt,imartinez,120,imartinez/manager-weekly,Kotlin
zylon-ai/private-gpt,imartinez,120,imartinez/market_bot,Ruby
zylon-ai/private-gpt,imartinez,120,imartinez/opengenerativeai-web,CSS
zylon-ai/private-gpt,imartinez,120,imartinez/poeditor-android-gradle-plugin,Groovy
zylon-ai/private-gpt,imartinez,120,imartinez/samsung-gear-s2-apps,JavaScript
zylon-ai/private-gpt,imartinez,120,imartinez/senda,CSS
zylon-ai/private-gpt,imartinez,120,imartinez/solana-escrow,TypeScript
zylon-ai/private-gpt,imartinez,120,imartinez/SpaceMaterial,Java
zylon-ai/private-gpt,imartinez,120,imartinez/the-jungle-nft-christmas,CSS
zylon-ai/private-gpt,jaluma,29,jaluma/ArquitecturaDeComputadores,C++
zylon-ai/private-gpt,jaluma,29,jaluma/BlackPidgeon,C#
zylon-ai/private-gpt,jaluma,29,jaluma/ComunicacionPersonaMaquina,Java
zylon-ai/private-gpt,jaluma,29,jaluma/DisenoDeLenguajesDeProgramacion,Java
zylon-ai/private-gpt,jaluma,29,jaluma/IngenieriaDelProcesoSoftware,C#
zylon-ai/private-gpt,jaluma,29,jaluma/jaluma,TypeScript
zylon-ai/private-gpt,jaluma,29,jaluma/RAA-AugmentedRealityAPP,C#
zylon-ai/private-gpt,jaluma,29,jaluma/RAA-BotanicGarden,Kotlin
zylon-ai/private-gpt,jaluma,29,jaluma/RI-JDBC,HTML
zylon-ai/private-gpt,jaluma,29,jaluma/RI-JPA,Java
zylon-ai/private-gpt,jaluma,29,jaluma/RPCM-Doc,TeX
zylon-ai/private-gpt,jaluma,29,jaluma/RPCM-KnapsackGA,Java
zylon-ai/private-gpt,jaluma,29,jaluma/SDI-NodeJS,Java
zylon-ai/private-gpt,jaluma,29,jaluma/SDI-SpringBoot,Java
zylon-ai/private-gpt,jaluma,29,jaluma/sdi211-lab-jee,Java
zylon-ai/private-gpt,jaluma,29,jaluma/sdi211-lab-node,JavaScript
zylon-ai/private-gpt,jaluma,29,jaluma/sdi211-lab-soap-cliente,Java
zylon-ai/private-gpt,jaluma,29,jaluma/sdi211-lab-soap-sw,Java
zylon-ai/private-gpt,jaluma,29,jaluma/sdi211-lab-spring,Java
zylon-ai/private-gpt,lopagela,16,lopagela/the-smallest-dialogflow-webhook-boilerplate,JavaScript
zylon-ai/private-gpt,pabloogc,15,pabloogc/Achetelm,HTML
zylon-ai/private-gpt,pabloogc,15,pabloogc/arknoid,C
zylon-ai/private-gpt,pabloogc,15,pabloogc/AutoCommit,Nimrod
zylon-ai/private-gpt,pabloogc,15,pabloogc/AutoContainer,Kotlin
zylon-ai/private-gpt,pabloogc,15,pabloogc/bequ,Java
zylon-ai/private-gpt,pabloogc,15,pabloogc/bits-of-apollo,TypeScript
zylon-ai/private-gpt,pabloogc,15,pabloogc/BusReact,JavaScript
zylon-ai/private-gpt,pabloogc,15,pabloogc/CameraRedux,Kotlin
zylon-ai/private-gpt,pabloogc,15,pabloogc/ClearCircle,Kotlin
zylon-ai/private-gpt,pabloogc,15,pabloogc/config,Shell
zylon-ai/private-gpt,pabloogc,15,pabloogc/DaggerSkeleton,Java
zylon-ai/private-gpt,pabloogc,15,pabloogc/detekt-modules,Kotlin
zylon-ai/private-gpt,pabloogc,15,pabloogc/discreteSeekBar,Java
zylon-ai/private-gpt,pabloogc,15,pabloogc/FakeShop,Kotlin
zylon-ai/private-gpt,pabloogc,15,pabloogc/fresco,Java
zylon-ai/private-gpt,pabloogc,15,pabloogc/gopc2014,Go
zylon-ai/private-gpt,pabloogc,15,pabloogc/Kage,Kotlin
zylon-ai/private-gpt,pabloogc,15,pabloogc/klotski,Kotlin
zylon-ai/private-gpt,pabloogc,15,pabloogc/Krusty,Rust
zylon-ai/private-gpt,pabloogc,15,pabloogc/lebroc,Go
zylon-ai/private-gpt,pabloogc,15,pabloogc/LiveWater,Kotlin
zylon-ai/private-gpt,pabloogc,15,pabloogc/Nepfix,Java
zylon-ai/private-gpt,pabloogc,15,pabloogc/oktracer,Kotlin
zylon-ai/private-gpt,pabloogc,15,pabloogc/pabloogc.github.io,Ruby
zylon-ai/private-gpt,pabloogc,15,pabloogc/prisma-bug,Dockerfile
zylon-ai/private-gpt,pabloogc,15,pabloogc/ProtobufSample,Kotlin
zylon-ai/private-gpt,pabloogc,15,pabloogc/Puzzles,Kotlin
zylon-ai/private-gpt,dbzoo,6,dbzoo/dht11-homie,C++
zylon-ai/private-gpt,dbzoo,6,dbzoo/esp8266-xap,C++
zylon-ai/private-gpt,dbzoo,6,dbzoo/hah,C
zylon-ai/private-gpt,dbzoo,6,dbzoo/iocage-plugin-i2p,Shell
zylon-ai/private-gpt,dbzoo,6,dbzoo/iocage-plugin-index,Shell
zylon-ai/private-gpt,dbzoo,6,dbzoo/ollama,Go
zylon-ai/private-gpt,dbzoo,6,dbzoo/pacman,C
zylon-ai/private-gpt,dbzoo,6,dbzoo/Penlight,Lua
zylon-ai/private-gpt,dbzoo,6,dbzoo/Proxmox,Shell
zylon-ai/private-gpt,dbzoo,6,dbzoo/shairport,C
zylon-ai/private-gpt,dbzoo,6,dbzoo/stalecucumber,Go
zylon-ai/private-gpt,dbzoo,6,dbzoo/tinyproxy,C
zylon-ai/private-gpt,dbzoo,6,dbzoo/wio_terminal,C
zylon-ai/private-gpt,dbzoo,6,dbzoo/worksInGreen,C
zylon-ai/private-gpt,R-Y-M-R,5,R-Y-M-R/2011scape-game,Kotlin
zylon-ai/private-gpt,R-Y-M-R,5,R-Y-M-R/BrightenZammyPlugin,Java
zylon-ai/private-gpt,R-Y-M-R,5,R-Y-M-R/CompanionshipPlugin,Java
zylon-ai/private-gpt,R-Y-M-R,5,R-Y-M-R/Dead-Space-Mod-Launcher,Batchfile
zylon-ai/private-gpt,R-Y-M-R,5,R-Y-M-R/DocsDarkMode,CSS
zylon-ai/private-gpt,R-Y-M-R,5,R-Y-M-R/NpcAccessibilityTaggerPlugin,Java
zylon-ai/private-gpt,R-Y-M-R,5,R-Y-M-R/plugin-hub,Java
zylon-ai/private-gpt,alxspiker,5,alxspiker/ai-meta-mcp-server,JavaScript
zylon-ai/private-gpt,alxspiker,5,alxspiker/alxspiker.github.io,JavaScript
zylon-ai/private-gpt,alxspiker,5,alxspiker/mcp-server-ftp,JavaScript
zylon-ai/private-gpt,alxspiker,5,alxspiker/portfolio_fixing_issues,HTML
zylon-ai/private-gpt,alxspiker,5,alxspiker/QBCore-Vehicle-Dealership,Lua
zylon-ai/private-gpt,alxspiker,5,alxspiker/sinners-coming-soon,CSS
zylon-ai/private-gpt,alxspiker,5,alxspiker/sinners-production-website,JavaScript
zylon-ai/private-gpt,alxspiker,5,alxspiker/Windows-Command-Line-MCP-Server,TypeScript
zylon-ai/private-gpt,icsy7867,5,icsy7867/ad-change-pass,Dockerfile
zylon-ai/private-gpt,icsy7867,5,icsy7867/ADPasswd,Dockerfile
zylon-ai/private-gpt,icsy7867,5,icsy7867/Centos-RKE-Config,Shell
zylon-ai/private-gpt,icsy7867,5,icsy7867/container-openvoxserver,Shell
zylon-ai/private-gpt,icsy7867,5,icsy7867/docker-yourls,Shell
zylon-ai/private-gpt,icsy7867,5,icsy7867/NATBreaker,Shell
zylon-ai/private-gpt,icsy7867,5,icsy7867/nextcloud,Dockerfile
zylon-ai/private-gpt,icsy7867,5,icsy7867/open-webui,JavaScript
zylon-ai/private-gpt,icsy7867,5,icsy7867/PocketVPN,Pug
zylon-ai/private-gpt,icsy7867,5,icsy7867/StoreDown,JavaScript
zylon-ai/private-gpt,icsy7867,5,icsy7867/tailscale,Dockerfile
zylon-ai/private-gpt,icsy7867,5,icsy7867/Titan-Node-Pool,Shell
zylon-ai/private-gpt,icsy7867,5,icsy7867/YOURLS,PHP
zylon-ai/private-gpt,andreakiro,4,andreakiro/aml-bonjour,Jupyter Notebook
zylon-ai/private-gpt,andreakiro,4,andreakiro/analyticat,Jupyter Notebook
zylon-ai/private-gpt,andreakiro,4,andreakiro/assembly-tetris,Assembly
zylon-ai/private-gpt,andreakiro,4,andreakiro/covid-what-if,JavaScript
zylon-ai/private-gpt,andreakiro,4,andreakiro/delirium-pub,Jupyter Notebook
zylon-ai/private-gpt,andreakiro,4,andreakiro/epfl-funprog2019,Scala
zylon-ai/private-gpt,andreakiro,4,andreakiro/epfl-parcon2020,Scala
zylon-ai/private-gpt,andreakiro,4,andreakiro/eth-algolab-2021,C++
zylon-ai/private-gpt,andreakiro,4,andreakiro/homebrew-arxiv2latex,Shell
zylon-ai/private-gpt,andreakiro,4,andreakiro/javass3,Java
zylon-ai/private-gpt,andreakiro,4,andreakiro/lauzhack2019,Java
zylon-ai/private-gpt,andreakiro,4,andreakiro/nlpropaganda,Jupyter Notebook
zylon-ai/private-gpt,andreakiro,4,andreakiro/omz,Shell
zylon-ai/private-gpt,andreakiro,4,andreakiro/pdcey,Jupyter Notebook
zylon-ai/private-gpt,andreakiro,4,andreakiro/pyhessian,Jupyter Notebook
soimort/you-get,soimort,1667,soimort/akb48.js,JavaScript
soimort/you-get,soimort,1667,soimort/anthy-kaomoji,Ruby
soimort/you-get,soimort,1667,soimort/Arduino-Synth,Arduino
soimort/you-get,soimort,1667,soimort/awkunit,C
soimort/you-get,soimort,1667,soimort/becat,Tcl
soimort/you-get,soimort,1667,soimort/caja,C
soimort/you-get,soimort,1667,soimort/Copycat-Rootkit-Demo,Shell
soimort/you-get,soimort,1667,soimort/cpcat,Shell
soimort/you-get,soimort,1667,soimort/frs48,Java
soimort/you-get,soimort,1667,soimort/gimp,C
soimort/you-get,soimort,1667,soimort/GoodTwitterChrome,CSS
soimort/you-get,soimort,1667,soimort/google_plus_archiver,Ruby
soimort/you-get,soimort,1667,soimort/GrassMudHorse,Haskell
soimort/you-get,soimort,1667,soimort/hit-and-run,Shell
soimort/you-get,soimort,1667,soimort/idris-commonmark,Idris
soimort/you-get,soimort,1667,soimort/Idris-dev,Haskell
soimort/you-get,soimort,1667,soimort/idris-mode,Emacs Lisp
soimort/you-get,soimort,1667,soimort/mate-terminal,C
soimort/you-get,soimort,1667,soimort/mayuki,Ruby
soimort/you-get,soimort,1667,soimort/mi-caja,C
soimort/you-get,soimort,1667,soimort/moe,C
soimort/you-get,soimort,1667,soimort/mutter,C
soimort/you-get,soimort,1667,soimort/my-ftpd,Java
soimort/you-get,soimort,1667,soimort/my-tint2,C
soimort/you-get,soimort,1667,soimort/nyannyannyannyannyannyannyannyannyannyannyannyannyannyannyannyannyannyannyannyannyannyannyannyannyan,Shell
soimort/you-get,rosynirvana,124,rosynirvana/nwebbench,C
soimort/you-get,rosynirvana,124,rosynirvana/snippets,C
soimort/you-get,rosynirvana,124,rosynirvana/UVa,C++
soimort/you-get,rosynirvana,124,rosynirvana/ZeroJudge,C++
soimort/you-get,cnbeining,105,cnbeining/about-site,Vue
soimort/you-get,cnbeining,105,cnbeining/ABPlayerHTML5,JavaScript
soimort/you-get,cnbeining,105,cnbeining/ABPlayerHTML5-Py,JavaScript
soimort/you-get,cnbeining,105,cnbeining/ACGVDownloader,Shell
soimort/you-get,cnbeining,105,cnbeining/adns-python,C
soimort/you-get,cnbeining,105,cnbeining/alpaca-lora,Jupyter Notebook
soimort/you-get,cnbeining,105,cnbeining/AriaNg-Native,JavaScript
soimort/you-get,cnbeining,105,cnbeining/BaiduExporter,JavaScript
soimort/you-get,cnbeining,105,cnbeining/base2,JavaScript
soimort/you-get,cnbeining,105,cnbeining/bilibilimad,Ruby
soimort/you-get,cnbeining,105,cnbeining/bootstrap-table,JavaScript
soimort/you-get,cnbeining,105,cnbeining/bootstrap-table-examples,HTML
soimort/you-get,jackyzy823,90,jackyzy823/chromium-sync-server,Go
soimort/you-get,jackyzy823,90,jackyzy823/cluster_wrapper,JavaScript
soimort/you-get,jackyzy823,90,jackyzy823/copr,Makefile
soimort/you-get,jackyzy823,90,jackyzy823/driver_learn,Shell
soimort/you-get,jackyzy823,90,jackyzy823/elk,Vue
soimort/you-get,jackyzy823,90,jackyzy823/firefox-android,Kotlin
soimort/you-get,jackyzy823,90,jackyzy823/fofaclient,C
soimort/you-get,jackyzy823,90,jackyzy823/FreeRDP,C
soimort/you-get,jackyzy823,90,jackyzy823/fxa,JavaScript
soimort/you-get,jackyzy823,90,jackyzy823/fxa-selfhosting,Shell
soimort/you-get,jackyzy823,90,jackyzy823/gecko-dev,JavaScript
soimort/you-get,jackyzy823,90,jackyzy823/go-winpty,JavaScript
soimort/you-get,jackyzy823,90,jackyzy823/jackyzy823.github.io,HTML
soimort/you-get,jackyzy823,90,jackyzy823/mechrevo-wmi,ASL
soimort/you-get,jackyzy823,90,jackyzy823/nezumi-cli,JavaScript
soimort/you-get,jackyzy823,90,jackyzy823/nezumi-core,JavaScript
soimort/you-get,jackyzy823,90,jackyzy823/nitter,Nim
soimort/you-get,jackyzy823,90,jackyzy823/OSSC,C
soimort/you-get,jackyzy823,90,jackyzy823/proxychains-ng,C
soimort/you-get,jackyzy823,90,jackyzy823/rajiko,JavaScript
soimort/you-get,lilydjwg,31,lilydjwg/2bbcode,Lua
soimort/you-get,lilydjwg,31,lilydjwg/accurate-time,Rust
soimort/you-get,lilydjwg,31,lilydjwg/alacritty,Rust
soimort/you-get,lilydjwg,31,lilydjwg/android-dedupefs,C
soimort/you-get,lilydjwg,31,lilydjwg/archlinuxcn-keyring,Shell
soimort/you-get,lilydjwg,31,lilydjwg/archlinuxcn-packages,Rust
soimort/you-get,lilydjwg,31,lilydjwg/atuin,Rust
soimort/you-get,lilydjwg,31,lilydjwg/awesome-rss,JavaScript
soimort/you-get,lilydjwg,31,lilydjwg/batstatus,Rust
soimort/you-get,lilydjwg,31,lilydjwg/battery-historian,Go
soimort/you-get,lilydjwg,31,lilydjwg/bluekeyslistener,Rust
soimort/you-get,lilydjwg,31,lilydjwg/bonsai,C
soimort/you-get,lilydjwg,31,lilydjwg/bookmarked-search,JavaScript
soimort/you-get,lilydjwg,31,lilydjwg/btrfsutil-rs,Rust
soimort/you-get,lilydjwg,31,lilydjwg/capture-dns,Rust
soimort/you-get,lilydjwg,31,lilydjwg/cc-visualize,JavaScript
soimort/you-get,lilydjwg,31,lilydjwg/CertificateWatch,JavaScript
soimort/you-get,lilydjwg,31,lilydjwg/cf-pop,JavaScript
soimort/you-get,lilydjwg,31,lilydjwg/chinese-num,Rust
soimort/you-get,lilydjwg,31,lilydjwg/cjk-align,Rust
soimort/you-get,zmwangx,15,zmwangx/AreYouSure,TypeScript
soimort/you-get,zmwangx,15,zmwangx/blog,HTML
soimort/you-get,zmwangx,15,zmwangx/brew,Ruby
soimort/you-get,zmwangx,15,zmwangx/brew-misc,HTML
soimort/you-get,zmwangx,15,zmwangx/cloudfloat,Go
soimort/you-get,zmwangx,15,zmwangx/debian-metadata,Rust
soimort/you-get,zmwangx,15,zmwangx/debounce,Go
soimort/you-get,zmwangx,15,zmwangx/diceware,C
soimort/you-get,zmwangx,15,zmwangx/DirectLinks,JavaScript
soimort/you-get,zmwangx,15,zmwangx/docker-arm64v8-rust-ffmpeg,Dockerfile
soimort/you-get,zmwangx,15,zmwangx/docker-selenium-python,Dockerfile
soimort/you-get,zmwangx,15,zmwangx/dotfiles,Shell
soimort/you-get,zmwangx,15,zmwangx/dropzone3-actions,Ruby
soimort/you-get,zmwangx,15,zmwangx/duti,C
soimort/you-get,zmwangx,15,zmwangx/em2a,Ruby
soimort/you-get,zmwangx,15,zmwangx/emojiregexp,Go
soimort/you-get,Justsoos,13,Justsoos/curl,C
soimort/you-get,Justsoos,13,Justsoos/dnsproxy,Go
soimort/you-get,Justsoos,13,Justsoos/kcptun_for_ss_ssr,Shell
soimort/you-get,Justsoos,13,Justsoos/shadowsocksr-csharp,C#
soimort/you-get,Justsoos,13,Justsoos/termux-packages,Shell
soimort/you-get,Justsoos,13,Justsoos/the-way-to-go_ZH_CN,Go
soimort/you-get,ljhcage,12,ljhcage/Arrival-Movie-Live-Coding,Mathematica
soimort/you-get,ljhcage,12,ljhcage/Chrome_Screen_Recorder,HTML
soimort/you-get,ljhcage,12,ljhcage/ClickHouse,C++
soimort/you-get,ljhcage,12,ljhcage/clink-1,C++
soimort/you-get,ljhcage,12,ljhcage/coursera-dl,HTML
soimort/you-get,ljhcage,12,ljhcage/Data-Analysis,Jupyter Notebook
soimort/you-get,ljhcage,12,ljhcage/deepdream,Jupyter Notebook
soimort/you-get,ljhcage,12,ljhcage/Design-of-Equal-Precision-Frequency-Meter-Based-on-FPGA,Verilog
soimort/you-get,ljhcage,12,ljhcage/ffmpeg_batch,C#
soimort/you-get,ljhcage,12,ljhcage/FPGA,Verilog
soimort/you-get,ljhcage,12,ljhcage/glmark2,C
soimort/you-get,twlz0ne,12,twlz0ne/360FXExporter,JavaScript
soimort/you-get,twlz0ne,12,twlz0ne/acm-terminal,Emacs Lisp
soimort/you-get,twlz0ne,12,twlz0ne/async-copy-file.el,Emacs Lisp
soimort/you-get,twlz0ne,12,twlz0ne/atomic-chrome,Emacs Lisp
soimort/you-get,twlz0ne,12,twlz0ne/avyium,Emacs Lisp
soimort/you-get,twlz0ne,12,twlz0ne/BaiduExporter,JavaScript
soimort/you-get,twlz0ne,12,twlz0ne/bootstrap-datetimepicker,JavaScript
soimort/you-get,twlz0ne,12,twlz0ne/build-emacs,R
soimort/you-get,twlz0ne,12,twlz0ne/cask,Emacs Lisp
soimort/you-get,twlz0ne,12,twlz0ne/ccls,C++
soimort/you-get,twlz0ne,12,twlz0ne/color-rg,Emacs Lisp
soimort/you-get,twlz0ne,12,twlz0ne/company-mode,Emacs Lisp
soimort/you-get,twlz0ne,12,twlz0ne/discourse,Ruby
soimort/you-get,twlz0ne,12,twlz0ne/docker-emacs,Emacs Lisp
soimort/you-get,twlz0ne,12,twlz0ne/dom-select.el,Emacs Lisp
soimort/you-get,twlz0ne,12,twlz0ne/DynamicAPK,C++
soimort/you-get,twlz0ne,12,twlz0ne/edit-indirect,Emacs Lisp
soimort/you-get,twlz0ne,12,twlz0ne/elpl,Emacs Lisp
soimort/you-get,twlz0ne,12,twlz0ne/emacs,Emacs Lisp
soimort/you-get,twlz0ne,12,twlz0ne/emacs-1,Emacs Lisp
soimort/you-get,twlz0ne,12,twlz0ne/emacs-package-template,Emacs Lisp
soimort/you-get,WaferJay,12,WaferJay/Bubble,JavaScript
soimort/you-get,WaferJay,12,WaferJay/crayon-syntax-highlighter,PHP
soimort/you-get,WaferJay,12,WaferJay/db-isolation-level-lab,Java
soimort/you-get,WaferJay,12,WaferJay/dns-over-https,Go
soimort/you-get,WaferJay,12,WaferJay/Dockerfile,Dockerfile
soimort/you-get,WaferJay,12,WaferJay/DragonOS,C
soimort/you-get,WaferJay,12,WaferJay/fat-filesystem-learning,C
soimort/you-get,WaferJay,12,WaferJay/libudev_android,C
soimort/you-get,WaferJay,12,WaferJay/magiskboot,C
soimort/you-get,WaferJay,12,WaferJay/NProxy,Java
soimort/you-get,WaferJay,12,WaferJay/omz-git-fire,Shell
soimort/you-get,WaferJay,12,WaferJay/Sane,C
soimort/you-get,WaferJay,12,WaferJay/SBMB,Java
scrapy/scrapy,pablohoffman,2148,pablohoffman/apitest,API Blueprint
scrapy/scrapy,pablohoffman,2148,pablohoffman/awesome-web-scraping,Makefile
scrapy/scrapy,pablohoffman,2148,pablohoffman/dotfiles,Shell
scrapy/scrapy,pablohoffman,2148,pablohoffman/pablohoffman.github.io,HTML
scrapy/scrapy,pablohoffman,2148,pablohoffman/rbd,C
scrapy/scrapy,dangra,1125,dangra/anemone-spider,Ruby
scrapy/scrapy,dangra,1125,dangra/aur-slack-chat,Shell
scrapy/scrapy,dangra,1125,dangra/awesome,C
scrapy/scrapy,dangra,1125,dangra/cedarish,Shell
scrapy/scrapy,dangra,1125,dangra/chrome-screen-capture,JavaScript
scrapy/scrapy,dangra,1125,dangra/chromedriver-patcher,Rust
scrapy/scrapy,dangra,1125,dangra/consul,Go
scrapy/scrapy,dangra,1125,dangra/dangra.github.io,CSS
scrapy/scrapy,dangra,1125,dangra/disco,Erlang
scrapy/scrapy,dangra,1125,dangra/docker,Go
scrapy/scrapy,dangra,1125,dangra/docker-gc,Shell
scrapy/scrapy,dangra,1125,dangra/docker-kibana,JavaScript
scrapy/scrapy,dangra,1125,dangra/dotfiles,Vim Script
scrapy/scrapy,dangra,1125,dangra/exqlite,C
scrapy/scrapy,dangra,1125,dangra/feathers,Java
scrapy/scrapy,dangra,1125,dangra/fly-apps,Shell
scrapy/scrapy,dangra,1125,dangra/git,C
scrapy/scrapy,dangra,1125,dangra/gitreceive,Shell
scrapy/scrapy,dangra,1125,dangra/gnome-terminal-colors-solarized,Shell
scrapy/scrapy,wRAR,1056,wRAR/Dwarf-Therapist,C++
scrapy/scrapy,wRAR,1056,wRAR/InstantSCCS,TypeScript
scrapy/scrapy,wRAR,1056,wRAR/libproxy,C++
scrapy/scrapy,wRAR,1056,wRAR/librsync,C
scrapy/scrapy,wRAR,1056,wRAR/xboxdrv,C++
scrapy/scrapy,kmike,879,kmike/backbone,JavaScript
scrapy/scrapy,kmike,879,kmike/behavior,JavaScript
scrapy/scrapy,kmike,879,kmike/c-hat-trie,C
scrapy/scrapy,kmike,879,kmike/casperjs,JavaScript
scrapy/scrapy,kmike,879,kmike/clientcide,JavaScript
scrapy/scrapy,kmike,879,kmike/crfsuite,C++
scrapy/scrapy,kmike,879,kmike/django-colorful,JavaScript
scrapy/scrapy,kmike,879,kmike/django-mootools-behavior,JavaScript
scrapy/scrapy,Gallaecio,592,Gallaecio/charlas,CSS
scrapy/scrapy,Gallaecio,592,Gallaecio/eli5,Jupyter Notebook
scrapy/scrapy,Gallaecio,592,Gallaecio/Formasaurus,HTML
scrapy/scrapy,Gallaecio,592,Gallaecio/html-text,HTML
scrapy/scrapy,Gallaecio,592,Gallaecio/libnumbertext,M4
scrapy/scrapy,elacuesta,520,elacuesta/talks,HTML
scrapy/scrapy,elacuesta,520,elacuesta/x2Validate,JavaScript
scrapy/scrapy,redapple,506,redapple/batch-import,Java
scrapy/scrapy,redapple,506,redapple/js2xml-talk,Jupyter Notebook
scrapy/scrapy,redapple,506,redapple/mbslave,Perl
scrapy/scrapy,redapple,506,redapple/musicbrainz-server,Perl
scrapy/scrapy,redapple,506,redapple/parsley,Shell
scrapy/scrapy,redapple,506,redapple/parsluby,Ruby
scrapy/scrapy,redapple,506,redapple/pyconfr2015,HTML
scrapy/scrapy,redapple,506,redapple/python-simhash,C
scrapy/scrapy,redapple,506,redapple/pyvideo-contrib,Julia
scrapy/scrapy,void,250,void/atdw-foundry-vtt,JavaScript
scrapy/scrapy,void,250,void/docker-spark,Dockerfile
scrapy/scrapy,void,250,void/dotfiles,Lua
scrapy/scrapy,void,250,void/KE-complex_modifications,HTML
scrapy/scrapy,void,250,void/spark,Scala
scrapy/scrapy,curita,209,curita/dotfiles,VimL
scrapy/scrapy,eliasdorneles,173,eliasdorneles/acabou-o-tempo,JavaScript
scrapy/scrapy,eliasdorneles,173,eliasdorneles/bitstarter,JavaScript
scrapy/scrapy,eliasdorneles,173,eliasdorneles/chosen,JavaScript
scrapy/scrapy,eliasdorneles,173,eliasdorneles/code-igniter-cas-library,PHP
scrapy/scrapy,eliasdorneles,173,eliasdorneles/ConstruaSeuProprioLisp,HTML
scrapy/scrapy,eliasdorneles,173,eliasdorneles/coursera-03get_data-project,R
scrapy/scrapy,eliasdorneles,173,eliasdorneles/databrewer,Makefile
ageitgey/face_recognition,ageitgey,138,ageitgey/age-gender-estimation,Jupyter Notebook
ageitgey/face_recognition,ageitgey,138,ageitgey/amplify,CSS
ageitgey/face_recognition,ageitgey,138,ageitgey/breakingespanol.github.io,CSS
ageitgey/face_recognition,ageitgey,138,ageitgey/coffeescript-project,CoffeeScript
ageitgey/face_recognition,ageitgey,138,ageitgey/displacy,JavaScript
ageitgey/face_recognition,ageitgey,138,ageitgey/dlib,C++
ageitgey/face_recognition,ageitgey,138,ageitgey/face_recognition_models,Makefile
ageitgey/face_recognition,ageitgey,138,ageitgey/hubot-hipchat,CoffeeScript
ageitgey/face_recognition,ageitgey,138,ageitgey/machine-learning-solution,Matlab
ageitgey/face_recognition,ageitgey,138,ageitgey/ndu,JavaScript
ageitgey/face_recognition,ageitgey,138,ageitgey/node-heapdump,C++
ageitgey/face_recognition,ageitgey,138,ageitgey/node-pullquoter,CoffeeScript
ageitgey/face_recognition,ageitgey,138,ageitgey/node-summary,JavaScript
ageitgey/face_recognition,ageitgey,138,ageitgey/node-unfluff,HTML
ageitgey/face_recognition,anandbaburajan,11,anandbaburajan/anandbaburajan.github.io,HTML
ageitgey/face_recognition,anandbaburajan,11,anandbaburajan/cq2,TypeScript
ageitgey/face_recognition,anandbaburajan,11,anandbaburajan/dotfiles-macos,Shell
ageitgey/face_recognition,anandbaburajan,11,anandbaburajan/dotfiles-ubuntu,Shell
ageitgey/face_recognition,anandbaburajan,11,anandbaburajan/life,JavaScript
ageitgey/face_recognition,anandbaburajan,11,anandbaburajan/Road-Status-Updates,PHP
ageitgey/face_recognition,anandbaburajan,11,anandbaburajan/samay,TypeScript
ageitgey/face_recognition,anandbaburajan,11,anandbaburajan/wordamour,TypeScript
ageitgey/face_recognition,enric1994,10,enric1994/4InARow-Reward-System,Matlab
ageitgey/face_recognition,enric1994,10,enric1994/about,SCSS
ageitgey/face_recognition,enric1994,10,enric1994/arxiv.black,HTML
ageitgey/face_recognition,enric1994,10,enric1994/bibtexonline,JavaScript
ageitgey/face_recognition,enric1994,10,enric1994/bigbang,HTML
ageitgey/face_recognition,enric1994,10,enric1994/birthday,JavaScript
ageitgey/face_recognition,enric1994,10,enric1994/Cell,Roff
ageitgey/face_recognition,enric1994,10,enric1994/chessradio,JavaScript
ageitgey/face_recognition,enric1994,10,enric1994/csv2menu,HTML
ageitgey/face_recognition,enric1994,10,enric1994/cube,Processing
ageitgey/face_recognition,enric1994,10,enric1994/dense-trajectories,C++
ageitgey/face_recognition,enric1994,10,enric1994/dlib,C++
ageitgey/face_recognition,enric1994,10,enric1994/docker,Dockerfile
ageitgey/face_recognition,enric1994,10,enric1994/docker-emoji,Shell
ageitgey/face_recognition,enric1994,10,enric1994/duplicate-reference-finder,HTML
ageitgey/face_recognition,enric1994,10,enric1994/EE497-1,JavaScript
ageitgey/face_recognition,enric1994,10,enric1994/EE497-2,Java
ageitgey/face_recognition,enric1994,10,enric1994/EE514,Jupyter Notebook
ageitgey/face_recognition,enric1994,10,enric1994/EE544-1,Jupyter Notebook
ageitgey/face_recognition,enric1994,10,enric1994/emojiloader,HTML
ageitgey/face_recognition,TommyZihao,6,TommyZihao/ai-edu,HTML
ageitgey/face_recognition,TommyZihao,6,TommyZihao/aidlux_tutorial,Jupyter Notebook
ageitgey/face_recognition,TommyZihao,6,TommyZihao/Amazon_Bedrock_Tutorials,Jupyter Notebook
ageitgey/face_recognition,TommyZihao,6,TommyZihao/Awesome-ChatTTS,Jupyter Notebook
ageitgey/face_recognition,TommyZihao,6,TommyZihao/CAM,MATLAB
ageitgey/face_recognition,TommyZihao,6,TommyZihao/Captum_Tutorials,Jupyter Notebook
ageitgey/face_recognition,TommyZihao,6,TommyZihao/ChatTTS_Tutorials,Jupyter Notebook
ageitgey/face_recognition,TommyZihao,6,TommyZihao/cn-wechat-weather,JavaScript
ageitgey/face_recognition,TommyZihao,6,TommyZihao/docsify,JavaScript
ageitgey/face_recognition,TommyZihao,6,TommyZihao/EasyHanzi,JavaScript
ageitgey/face_recognition,TommyZihao,6,TommyZihao/folium_tutorials,HTML
ageitgey/face_recognition,TommyZihao,6,TommyZihao/FRILLER,Java
ageitgey/face_recognition,bryant1410,5,bryant1410/0d1n,C
ageitgey/face_recognition,bryant1410,5,bryant1410/2015,Jupyter Notebook
ageitgey/face_recognition,bryant1410,5,bryant1410/2016-conferences,HTML
ageitgey/face_recognition,bryant1410,5,bryant1410/2xScaler,JavaScript
ageitgey/face_recognition,bryant1410,5,bryant1410/30-days-of-react-native,JavaScript
ageitgey/face_recognition,bryant1410,5,bryant1410/3D-controller,Java
ageitgey/face_recognition,bryant1410,5,bryant1410/3D-Motion-Controller,Swift
ageitgey/face_recognition,bryant1410,5,bryant1410/3DEngineCpp,C
ageitgey/face_recognition,bryant1410,5,bryant1410/3DGameEngine,Java
ageitgey/face_recognition,bryant1410,5,bryant1410/3n1b.com,JavaScript
ageitgey/face_recognition,bryant1410,5,bryant1410/500px-guideview,Java
ageitgey/face_recognition,bryant1410,5,bryant1410/a-cartoon-intro-to-redux-cn,HTML
ageitgey/face_recognition,bryant1410,5,bryant1410/A-week-to-develop-android-app-plan,Java
ageitgey/face_recognition,bryant1410,5,bryant1410/A3GridTableView,Objective-C
ageitgey/face_recognition,bryant1410,5,bryant1410/A3ParallaxScrollView,Objective-C
ageitgey/face_recognition,bryant1410,5,bryant1410/AAFaceDetection,Swift
ageitgey/face_recognition,bryant1410,5,bryant1410/Aardvark,Objective-C
ageitgey/face_recognition,bryant1410,5,bryant1410/AAWindow,Swift
ageitgey/face_recognition,bryant1410,5,bryant1410/Abacus,JavaScript
ageitgey/face_recognition,bryant1410,5,bryant1410/ABCIntroView,Objective-C
ageitgey/face_recognition,bryant1410,5,bryant1410/Ableton-Live-tools,Alloy
ageitgey/face_recognition,bryant1410,5,bryant1410/ABSaveSystem,Objective-C
ageitgey/face_recognition,bryant1410,5,bryant1410/acat,C#
ageitgey/face_recognition,bryant1410,5,bryant1410/accept-bitcoin,CoffeeScript
ageitgey/face_recognition,bryant1410,5,bryant1410/accessible-modal-dialog,JavaScript
ageitgey/face_recognition,bryant1410,5,bryant1410/AccountSuggestTextView,Java
ageitgey/face_recognition,bryant1410,5,bryant1410/ache-gesture,HTML
ageitgey/face_recognition,bryant1410,5,bryant1410/acl-2020,JavaScript
ageitgey/face_recognition,KiLJ4EdeN,4,KiLJ4EdeN/A-Novel-Geometrical-Method-for-Depression-Diagnosis-Based-on-EEG-Signals,MATLAB
ageitgey/face_recognition,KiLJ4EdeN,4,KiLJ4EdeN/Abnormal_Heart_Sound_Diagnosis,Jupyter Notebook
ageitgey/face_recognition,KiLJ4EdeN,4,KiLJ4EdeN/adaface_recognition,Jupyter Notebook
ageitgey/face_recognition,KiLJ4EdeN,4,KiLJ4EdeN/ai_project_template,Jupyter Notebook
ageitgey/face_recognition,KiLJ4EdeN,4,KiLJ4EdeN/AutoEncoder_Seizure_EEG_Generation,Jupyter Notebook
ageitgey/face_recognition,KiLJ4EdeN,4,KiLJ4EdeN/Awakeness_Detection,MATLAB
ageitgey/face_recognition,KiLJ4EdeN,4,KiLJ4EdeN/BashTutorial,Shell
ageitgey/face_recognition,KiLJ4EdeN,4,KiLJ4EdeN/Cpp_Tutorial,C++
ageitgey/face_recognition,KiLJ4EdeN,4,KiLJ4EdeN/d2l-tensorflow,Jupyter Notebook
ageitgey/face_recognition,KiLJ4EdeN,4,KiLJ4EdeN/data-lake-frontend,JavaScript
ageitgey/face_recognition,KiLJ4EdeN,4,KiLJ4EdeN/DeepLearningFromScratch,Jupyter Notebook
ageitgey/face_recognition,chn-lee-yumi,4,chn-lee-yumi/8051MCU,C
ageitgey/face_recognition,chn-lee-yumi,4,chn-lee-yumi/8051MCU-game-console,C
ageitgey/face_recognition,chn-lee-yumi,4,chn-lee-yumi/API_invoke_platform,HTML
ageitgey/face_recognition,chn-lee-yumi,4,chn-lee-yumi/app.gcc.ac.cn,HTML
ageitgey/face_recognition,chn-lee-yumi,4,chn-lee-yumi/bird2-looking-glass,Go
ageitgey/face_recognition,chn-lee-yumi,4,chn-lee-yumi/cmdb-agent,Go
ageitgey/face_recognition,chn-lee-yumi,4,chn-lee-yumi/cmdb-frontend,TypeScript
ageitgey/face_recognition,chn-lee-yumi,4,chn-lee-yumi/cmdb-receiver,Go
ageitgey/face_recognition,chn-lee-yumi,4,chn-lee-yumi/compressfs,Go
ageitgey/face_recognition,chn-lee-yumi,4,chn-lee-yumi/cpu_control,Shell
ageitgey/face_recognition,chn-lee-yumi,4,chn-lee-yumi/debugger-action,Shell
ageitgey/face_recognition,chn-lee-yumi,4,chn-lee-yumi/distributed-storage-v1,Go
ageitgey/face_recognition,chn-lee-yumi,4,chn-lee-yumi/distributed_ffmpeg_transcoding_cluster,Shell
ageitgey/face_recognition,chn-lee-yumi,4,chn-lee-yumi/ffmpeg_in_browser,HTML
ageitgey/face_recognition,chn-lee-yumi,4,chn-lee-yumi/GDUT-GPA-Calculator-WeixinAPP,JavaScript
ageitgey/face_recognition,chn-lee-yumi,4,chn-lee-yumi/GDUT_network_tester_client,Go
ageitgey/face_recognition,chn-lee-yumi,4,chn-lee-yumi/hash_benchmark,Go
ageitgey/face_recognition,sgc0907,3,sgc0907/Auto_Driver,Jupyter Notebook
ageitgey/face_recognition,sgc0907,3,sgc0907/pcb-defect-detection,Jupyter Notebook
ageitgey/face_recognition,sgc0907,3,sgc0907/sgc0907.github.io,C
ageitgey/face_recognition,sgc0907,3,sgc0907/zenryoku,Jupyter Notebook
ageitgey/face_recognition,ariyapour,2,ariyapour/AutoMLLecture,TeX
ageitgey/face_recognition,ariyapour,2,ariyapour/cpp_yourself_homework,C++
ageitgey/face_recognition,ariyapour,2,ariyapour/MixedRealityToolkit-Unity,C#
ageitgey/face_recognition,ariyapour,2,ariyapour/terminal_webcam,C++
ageitgey/face_recognition,ariyapour,2,ariyapour/xml3d.js,JavaScript
CorentinJ/Real-Time-Voice-Cloning,alexpeattie,3,alexpeattie/alasql,JavaScript
CorentinJ/Real-Time-Voice-Cloning,alexpeattie,3,alexpeattie/alexpeattie.com,HTML
CorentinJ/Real-Time-Voice-Cloning,alexpeattie,3,alexpeattie/animate-textshadow,JavaScript
CorentinJ/Real-Time-Voice-Cloning,alexpeattie,3,alexpeattie/ask,TypeScript
CorentinJ/Real-Time-Voice-Cloning,alexpeattie,3,alexpeattie/bootstrap-tokenfield,JavaScript
CorentinJ/Real-Time-Voice-Cloning,alexpeattie,3,alexpeattie/denjucks,JavaScript
CorentinJ/Real-Time-Voice-Cloning,alexpeattie,3,alexpeattie/foursquare-oauth,Ruby
CorentinJ/Real-Time-Voice-Cloning,alexpeattie,3,alexpeattie/gossip,JavaScript
CorentinJ/Real-Time-Voice-Cloning,alexpeattie,3,alexpeattie/gtokenizer,Ruby
CorentinJ/Real-Time-Voice-Cloning,alexpeattie,3,alexpeattie/heroku_secrets,Ruby
CorentinJ/Real-Time-Voice-Cloning,alexpeattie,3,alexpeattie/letsencrypt-fromscratch,Ruby
CorentinJ/Real-Time-Voice-Cloning,alexpeattie,3,alexpeattie/light-server,JavaScript
CorentinJ/Real-Time-Voice-Cloning,alexpeattie,3,alexpeattie/nitlink,Ruby
CorentinJ/Real-Time-Voice-Cloning,alexpeattie,3,alexpeattie/prideify,JavaScript
CorentinJ/Real-Time-Voice-Cloning,alexpeattie,3,alexpeattie/shadow-animation,JavaScript
CorentinJ/Real-Time-Voice-Cloning,alexpeattie,3,alexpeattie/shiki,TypeScript
CorentinJ/Real-Time-Voice-Cloning,alexpeattie,3,alexpeattie/slackyoutube-slackbot,JavaScript
CorentinJ/Real-Time-Voice-Cloning,alexpeattie,3,alexpeattie/spectrum-slider-test,TypeScript
CorentinJ/Real-Time-Voice-Cloning,alexpeattie,3,alexpeattie/syntect-wasm-demo,JavaScript
CorentinJ/Real-Time-Voice-Cloning,alexpeattie,3,alexpeattie/twilio-keyboard,Ruby
CorentinJ/Real-Time-Voice-Cloning,alexpeattie,3,alexpeattie/vidbot,JavaScript
CorentinJ/Real-Time-Voice-Cloning,alexpeattie,3,alexpeattie/windowed,JavaScript
CorentinJ/Real-Time-Voice-Cloning,matheusfillipe,2,matheusfillipe/arduino-lapcounter,C++
CorentinJ/Real-Time-Voice-Cloning,matheusfillipe,2,matheusfillipe/arduinoscope,C++
CorentinJ/Real-Time-Voice-Cloning,matheusfillipe,2,matheusfillipe/autovideo,Shell
CorentinJ/Real-Time-Voice-Cloning,matheusfillipe,2,matheusfillipe/AVideo,JavaScript
CorentinJ/Real-Time-Voice-Cloning,matheusfillipe,2,matheusfillipe/blackbeard,Go
CorentinJ/Real-Time-Voice-Cloning,matheusfillipe,2,matheusfillipe/BlenderController-mobile-app,QML
CorentinJ/Real-Time-Voice-Cloning,matheusfillipe,2,matheusfillipe/chatgpt-ircbot,JavaScript
CorentinJ/Real-Time-Voice-Cloning,matheusfillipe,2,matheusfillipe/DataflowTemplates,Java
CorentinJ/Real-Time-Voice-Cloning,matheusfillipe,2,matheusfillipe/discordo,Go
CorentinJ/Real-Time-Voice-Cloning,matheusfillipe,2,matheusfillipe/DOmain-Record-Manager,Shell
CorentinJ/Real-Time-Voice-Cloning,matheusfillipe,2,matheusfillipe/dotfiles,Vim Script
CorentinJ/Real-Time-Voice-Cloning,matheusfillipe,2,matheusfillipe/duckhunt,GDScript
CorentinJ/Real-Time-Voice-Cloning,matheusfillipe,2,matheusfillipe/dynamic-wallpaper,Shell
CorentinJ/Real-Time-Voice-Cloning,matheusfillipe,2,matheusfillipe/felinited,GDScript
CorentinJ/Real-Time-Voice-Cloning,vanpelt,1,vanpelt/amqp,Ruby
CorentinJ/Real-Time-Voice-Cloning,vanpelt,1,vanpelt/analytics-ruby,Ruby
CorentinJ/Real-Time-Voice-Cloning,vanpelt,1,vanpelt/apollo-client,TypeScript
CorentinJ/Real-Time-Voice-Cloning,vanpelt,1,vanpelt/async-observer,Ruby
CorentinJ/Real-Time-Voice-Cloning,vanpelt,1,vanpelt/blueprint,TypeScript
CorentinJ/Real-Time-Voice-Cloning,vanpelt,1,vanpelt/CardMaven,Objective-C
CorentinJ/Real-Time-Voice-Cloning,vanpelt,1,vanpelt/ConcatenateBlobs,HTML
CorentinJ/Real-Time-Voice-Cloning,vanpelt,1,vanpelt/contacts,Ruby
CorentinJ/Real-Time-Voice-Cloning,vanpelt,1,vanpelt/create-react-app,JavaScript
CorentinJ/Real-Time-Voice-Cloning,vanpelt,1,vanpelt/cube,JavaScript
CorentinJ/Real-Time-Voice-Cloning,vanpelt,1,vanpelt/delayed_job,Ruby
CorentinJ/Real-Time-Voice-Cloning,vanpelt,1,vanpelt/dm-imap-adapter,Ruby
CorentinJ/Real-Time-Voice-Cloning,vanpelt,1,vanpelt/emotion-detector,JavaScript
CorentinJ/Real-Time-Voice-Cloning,vanpelt,1,vanpelt/evercookie,JavaScript
CorentinJ/Real-Time-Voice-Cloning,vanpelt,1,vanpelt/fancy-zoom,JavaScript
CorentinJ/Real-Time-Voice-Cloning,vanpelt,1,vanpelt/font-facer,JavaScript
CorentinJ/Real-Time-Voice-Cloning,vanpelt,1,vanpelt/fsdl-text-recognizer,Jupyter Notebook
CorentinJ/Real-Time-Voice-Cloning,vanpelt,1,vanpelt/instimage,JavaScript
CorentinJ/Real-Time-Voice-Cloning,vanpelt,1,vanpelt/jekyll,Ruby
CorentinJ/Real-Time-Voice-Cloning,vanpelt,1,vanpelt/js-data-cloud-datastore,JavaScript
CorentinJ/Real-Time-Voice-Cloning,vanpelt,1,vanpelt/js-segment-annotator,JavaScript
CorentinJ/Real-Time-Voice-Cloning,vanpelt,1,vanpelt/jsawesome,JavaScript
CorentinJ/Real-Time-Voice-Cloning,lidalei,1,lidalei/analytics-go,Go
CorentinJ/Real-Time-Voice-Cloning,lidalei,1,lidalei/flyway,Java
CorentinJ/Real-Time-Voice-Cloning,lidalei,1,lidalei/grpc,C++
CorentinJ/Real-Time-Voice-Cloning,lidalei,1,lidalei/JFastText,Java
CorentinJ/Real-Time-Voice-Cloning,lidalei,1,lidalei/LinearLogisticRegSpark,Scala
CorentinJ/Real-Time-Voice-Cloning,lidalei,1,lidalei/Robot-Motion-Planning,JavaScript
CorentinJ/Real-Time-Voice-Cloning,lidalei,1,lidalei/sentiment-analysis,Jupyter Notebook
CorentinJ/Real-Time-Voice-Cloning,lidalei,1,lidalei/TwitterStats,Java
CorentinJ/Real-Time-Voice-Cloning,lidalei,1,lidalei/TwitterTopHashtags,Java
CorentinJ/Real-Time-Voice-Cloning,lidalei,1,lidalei/VideoMakerPro,C++
CorentinJ/Real-Time-Voice-Cloning,lidalei,1,lidalei/VisAss,JavaScript
CorentinJ/Real-Time-Voice-Cloning,lidalei,1,lidalei/VolumeRendering,Java
CorentinJ/Real-Time-Voice-Cloning,lidalei,1,lidalei/wechat-largefile,Go
CorentinJ/Real-Time-Voice-Cloning,mathigatti,1,mathigatti/abracadabra,HTML
CorentinJ/Real-Time-Voice-Cloning,mathigatti,1,mathigatti/AdvancedCellularAutomatas,JavaScript
CorentinJ/Real-Time-Voice-Cloning,mathigatti,1,mathigatti/aitextgen-cloud-run,HTML
CorentinJ/Real-Time-Voice-Cloning,mathigatti,1,mathigatti/algo3-tp1,TeX
CorentinJ/Real-Time-Voice-Cloning,mathigatti,1,mathigatti/ArtificialWorldBuildingCourse,JavaScript
CorentinJ/Real-Time-Voice-Cloning,mathigatti,1,mathigatti/awebsite,HTML
CorentinJ/Real-Time-Voice-Cloning,mathigatti,1,mathigatti/awesome-psiconautica,HTML
CorentinJ/Real-Time-Voice-Cloning,mathigatti,1,mathigatti/aysa-datos-meteorologicos,JavaScript
CorentinJ/Real-Time-Voice-Cloning,mathigatti,1,mathigatti/BearBass,HTML
CorentinJ/Real-Time-Voice-Cloning,mathigatti,1,mathigatti/CellularAutomataClustering,Jupyter Notebook
CorentinJ/Real-Time-Voice-Cloning,mathigatti,1,mathigatti/CellularForms,C++
CorentinJ/Real-Time-Voice-Cloning,mathigatti,1,mathigatti/EmotionsInferenceWithMicrosoftBand,Jupyter Notebook
CorentinJ/Real-Time-Voice-Cloning,mathigatti,1,mathigatti/fingerpose,JavaScript
CorentinJ/Real-Time-Voice-Cloning,Niwala,1,Niwala/BindedSkin,C#
CorentinJ/Real-Time-Voice-Cloning,Niwala,1,Niwala/ChallengesUpdater,C#
CorentinJ/Real-Time-Voice-Cloning,Niwala,1,Niwala/FbxAttributes,C#
CorentinJ/Real-Time-Voice-Cloning,Niwala,1,Niwala/FbxExporterExtension,C#
CorentinJ/Real-Time-Voice-Cloning,Niwala,1,Niwala/InfluenceMap,C#
CorentinJ/Real-Time-Voice-Cloning,Niwala,1,Niwala/niwala.github.io,JavaScript
CorentinJ/Real-Time-Voice-Cloning,Niwala,1,Niwala/ShaderLibrary,C#
CorentinJ/Real-Time-Voice-Cloning,cforcomputer,1,cforcomputer/bit-142,C#
CorentinJ/Real-Time-Voice-Cloning,cforcomputer,1,cforcomputer/bit-143,C#
CorentinJ/Real-Time-Voice-Cloning,cforcomputer,1,cforcomputer/bit112-web-authoring,HTML
CorentinJ/Real-Time-Voice-Cloning,cforcomputer,1,cforcomputer/cforcomputer.github.io,Ruby
CorentinJ/Real-Time-Voice-Cloning,cforcomputer,1,cforcomputer/codingbat,Java
CorentinJ/Real-Time-Voice-Cloning,cforcomputer,1,cforcomputer/CSS-142-Projects,Java
CorentinJ/Real-Time-Voice-Cloning,cforcomputer,1,cforcomputer/CSS-143,JavaScript
CorentinJ/Real-Time-Voice-Cloning,cforcomputer,1,cforcomputer/CSSSKL-143,Java
CorentinJ/Real-Time-Voice-Cloning,cforcomputer,1,cforcomputer/CSSSKL-Labs,Java
CorentinJ/Real-Time-Voice-Cloning,cforcomputer,1,cforcomputer/demo,HTML
CorentinJ/Real-Time-Voice-Cloning,cforcomputer,1,cforcomputer/eve-online-killmail-hunter,Hack
CorentinJ/Real-Time-Voice-Cloning,cforcomputer,1,cforcomputer/eveskin,CSS
CorentinJ/Real-Time-Voice-Cloning,cforcomputer,1,cforcomputer/mediawiki-skins-Vector,CSS
CorentinJ/Real-Time-Voice-Cloning,cforcomputer,1,cforcomputer/ml-zcamp,JavaScript
CorentinJ/Real-Time-Voice-Cloning,ramalamadingdong,1,ramalamadingdong/2048inC,C
CorentinJ/Real-Time-Voice-Cloning,ramalamadingdong,1,ramalamadingdong/caleb_binance,Jupyter Notebook
CorentinJ/Real-Time-Voice-Cloning,ramalamadingdong,1,ramalamadingdong/DataStructsProject,C++
CorentinJ/Real-Time-Voice-Cloning,ramalamadingdong,1,ramalamadingdong/flutterlocation,Java
CorentinJ/Real-Time-Voice-Cloning,ramalamadingdong,1,ramalamadingdong/ftc_app_3736,Java
CorentinJ/Real-Time-Voice-Cloning,ramalamadingdong,1,ramalamadingdong/GeoTwitty,HTML
CorentinJ/Real-Time-Voice-Cloning,ramalamadingdong,1,ramalamadingdong/MistyI,HTML
CorentinJ/Real-Time-Voice-Cloning,ramalamadingdong,1,ramalamadingdong/PWeb,CSS
CorentinJ/Real-Time-Voice-Cloning,rancoud,1,rancoud/apiwebaudio,JavaScript
CorentinJ/Real-Time-Voice-Cloning,rancoud,1,rancoud/Application,PHP
CorentinJ/Real-Time-Voice-Cloning,rancoud,1,rancoud/Crypt,PHP
CorentinJ/Real-Time-Voice-Cloning,rancoud,1,rancoud/Database,PHP
CorentinJ/Real-Time-Voice-Cloning,rancoud,1,rancoud/Environment,PHP
CorentinJ/Real-Time-Voice-Cloning,rancoud,1,rancoud/Form,PHP
CorentinJ/Real-Time-Voice-Cloning,rancoud,1,rancoud/form.js,JavaScript
CorentinJ/Real-Time-Voice-Cloning,rancoud,1,rancoud/GDDCreator,JavaScript
CorentinJ/Real-Time-Voice-Cloning,rancoud,1,rancoud/Http,PHP
CorentinJ/Real-Time-Voice-Cloning,rancoud,1,rancoud/I18N,PHP
CorentinJ/Real-Time-Voice-Cloning,rancoud,1,rancoud/Markdown,PHP
CorentinJ/Real-Time-Voice-Cloning,rancoud,1,rancoud/Model,PHP
CorentinJ/Real-Time-Voice-Cloning,rancoud,1,rancoud/Pagination,PHP
CorentinJ/Real-Time-Voice-Cloning,rancoud,1,rancoud/RFacebookBot,JavaScript
CorentinJ/Real-Time-Voice-Cloning,rancoud,1,rancoud/RForm,PHP
CorentinJ/Real-Time-Voice-Cloning,rancoud,1,rancoud/RInstagramBot,JavaScript
CorentinJ/Real-Time-Voice-Cloning,rancoud,1,rancoud/RLCTV,JavaScript
CorentinJ/Real-Time-Voice-Cloning,rancoud,1,rancoud/Router,PHP
CorentinJ/Real-Time-Voice-Cloning,rancoud,1,rancoud/RPinterestBot,JavaScript
CorentinJ/Real-Time-Voice-Cloning,rancoud,1,rancoud/RTwitterBot,JavaScript
CorentinJ/Real-Time-Voice-Cloning,rancoud,1,rancoud/screen-reader-speak.js,JavaScript
CorentinJ/Real-Time-Voice-Cloning,rancoud,1,rancoud/Security,PHP
CorentinJ/Real-Time-Voice-Cloning,rancoud,1,rancoud/Session,PHP
CorentinJ/Real-Time-Voice-Cloning,rancoud,1,rancoud/tag.js,JavaScript
CorentinJ/Real-Time-Voice-Cloning,rancoud,1,rancoud/trello-json-to-markdown,HTML
CorentinJ/Real-Time-Voice-Cloning,rancoud,1,rancoud/uploader.js,JavaScript
AntonOsika/gpt-engineer,ATheorell,420,ATheorell/AutoGPTArenaHack,JavaScript
AntonOsika/gpt-engineer,AntonOsika,293,AntonOsika/2048,JavaScript
AntonOsika/gpt-engineer,AntonOsika,293,AntonOsika/ai-quizzer,JavaScript
AntonOsika/gpt-engineer,AntonOsika,293,AntonOsika/algorithm-competition-winner,JavaScript
AntonOsika/gpt-engineer,AntonOsika,293,AntonOsika/animal-quiz-adventure,JavaScript
AntonOsika/gpt-engineer,AntonOsika,293,AntonOsika/anri-wedding,JavaScript
AntonOsika/gpt-engineer,AntonOsika,293,AntonOsika/anton-osika-page,JavaScript
AntonOsika/gpt-engineer,AntonOsika,293,AntonOsika/audio-waveform-viewer,JavaScript
AntonOsika/gpt-engineer,AntonOsika,293,AntonOsika/baby-recordings-manager,JavaScript
AntonOsika/gpt-engineer,AntonOsika,293,AntonOsika/bits-stdc-.h-for-mac,C++
AntonOsika/gpt-engineer,similato87,144,similato87/Academia-Planner,Java
AntonOsika/gpt-engineer,similato87,144,similato87/CV,JavaScript
AntonOsika/gpt-engineer,similato87,144,similato87/SWE4403Lab,Java
AntonOsika/gpt-engineer,TheoMcCabe,127,TheoMcCabe/nuxt-toolbox,JavaScript
AntonOsika/gpt-engineer,captivus,96,captivus/audible_matchmaker,HTML
AntonOsika/gpt-engineer,captivus,96,captivus/beer-data-science,HTML
AntonOsika/gpt-engineer,captivus,96,captivus/fastai,Jupyter Notebook
AntonOsika/gpt-engineer,captivus,96,captivus/mlsgrid_api,Jupyter Notebook
AntonOsika/gpt-engineer,captivus,96,captivus/python-project-template,Makefile
AntonOsika/gpt-engineer,captivus,96,captivus/Simple-kNN-Gzip,Jupyter Notebook
AntonOsika/gpt-engineer,kristiankyvik,79,kristiankyvik/accessibility-checklist-manager,JavaScript
AntonOsika/gpt-engineer,kristiankyvik,79,kristiankyvik/action-tracker,JavaScript
AntonOsika/gpt-engineer,kristiankyvik,79,kristiankyvik/almirall-project,PHP
AntonOsika/gpt-engineer,kristiankyvik,79,kristiankyvik/app-foundation,JavaScript
AntonOsika/gpt-engineer,kristiankyvik,79,kristiankyvik/article-list-details,JavaScript
AntonOsika/gpt-engineer,kristiankyvik,79,kristiankyvik/bare-bones-modify-build,JavaScript
AntonOsika/gpt-engineer,kristiankyvik,79,kristiankyvik/basic-task-manager,JavaScript
AntonOsika/gpt-engineer,kristiankyvik,79,kristiankyvik/buildable-base,JavaScript
AntonOsika/gpt-engineer,kristiankyvik,79,kristiankyvik/building-energy-request-flow,JavaScript
AntonOsika/gpt-engineer,kristiankyvik,79,kristiankyvik/category-manager,JavaScript
AntonOsika/gpt-engineer,kristiankyvik,79,kristiankyvik/chatter-core,JavaScript
AntonOsika/gpt-engineer,kristiankyvik,79,kristiankyvik/chatter-example,JavaScript
AntonOsika/gpt-engineer,kristiankyvik,79,kristiankyvik/chatter-semantic,JavaScript
AntonOsika/gpt-engineer,kristiankyvik,79,kristiankyvik/chatter-widget,JavaScript
AntonOsika/gpt-engineer,kristiankyvik,79,kristiankyvik/checkmark,JavaScript
AntonOsika/gpt-engineer,kristiankyvik,79,kristiankyvik/chore-checklist,CSS
AntonOsika/gpt-engineer,kristiankyvik,79,kristiankyvik/city-crud-handler,JavaScript
AntonOsika/gpt-engineer,kristiankyvik,79,kristiankyvik/code-base,JavaScript
AntonOsika/gpt-engineer,kristiankyvik,79,kristiankyvik/component-dashboard,JavaScript
AntonOsika/gpt-engineer,kristiankyvik,79,kristiankyvik/content-transact-invoice,JavaScript
AntonOsika/gpt-engineer,kristiankyvik,79,kristiankyvik/crypto-capture-hub,JavaScript
AntonOsika/gpt-engineer,kristiankyvik,79,kristiankyvik/crypto-glance-haven,JavaScript
AntonOsika/gpt-engineer,pbharrin,46,pbharrin/bc-quant,Solidity
AntonOsika/gpt-engineer,pbharrin,46,pbharrin/DevistatorBacktesting,C++
AntonOsika/gpt-engineer,pbharrin,46,pbharrin/dogecoin,TypeScript
AntonOsika/gpt-engineer,pbharrin,46,pbharrin/evolvingtradingbots,Jupyter Notebook
AntonOsika/gpt-engineer,pbharrin,46,pbharrin/G3Firmware,C++
AntonOsika/gpt-engineer,pbharrin,46,pbharrin/Genetic-Prog,C++
AntonOsika/gpt-engineer,pbharrin,46,pbharrin/machinelearninginaction,HTML
AntonOsika/gpt-engineer,pbharrin,46,pbharrin/machinelearninginaction3x,Jupyter Notebook
AntonOsika/gpt-engineer,pbharrin,46,pbharrin/rareskills,Solidity
AntonOsika/gpt-engineer,pbharrin,46,pbharrin/skulpt,JavaScript
AntonOsika/gpt-engineer,UmerHA,35,UmerHA/AOF,Java
AntonOsika/gpt-engineer,UmerHA,35,UmerHA/controlnet-xs-benchmark,Jupyter Notebook
AntonOsika/gpt-engineer,UmerHA,35,UmerHA/controlnet-xs-example,Jupyter Notebook
AntonOsika/gpt-engineer,UmerHA,35,UmerHA/controlnet-xs-notes,Jupyter Notebook
AntonOsika/gpt-engineer,UmerHA,35,UmerHA/cuda_mode_learning,Jupyter Notebook
AntonOsika/gpt-engineer,UmerHA,35,UmerHA/deep-learning,Jupyter Notebook
AntonOsika/gpt-engineer,UmerHA,35,UmerHA/fsdp_qlora,Jupyter Notebook
AntonOsika/gpt-engineer,UmerHA,35,UmerHA/lectures,Jupyter Notebook
AntonOsika/gpt-engineer,UmerHA,35,UmerHA/miniai,Jupyter Notebook
AntonOsika/gpt-engineer,UmerHA,35,UmerHA/One-Off-Notebooks,Jupyter Notebook
AntonOsika/gpt-engineer,UmerHA,35,UmerHA/prompt2prompt,Jupyter Notebook
AntonOsika/gpt-engineer,viborc,33,viborc/adding-fonts-example,JavaScript
AntonOsika/gpt-engineer,viborc,33,viborc/adding-images-example,JavaScript
AntonOsika/gpt-engineer,viborc,33,viborc/adding-videos-example,JavaScript
AntonOsika/gpt-engineer,viborc,33,viborc/matrix-style-webpage,JavaScript
AntonOsika/gpt-engineer,viborc,33,viborc/productive-days,JavaScript
AntonOsika/gpt-engineer,azrv,29,azrv/instagram-ai-chatbot,TypeScript
AntonOsika/gpt-engineer,azrv,29,azrv/react-google-maps-api,TypeScript
AntonOsika/gpt-engineer,azrv,29,azrv/utm-latlng,JavaScript
deepfakes/faceswap,torzdf,1434,torzdf/face-alignment-at-3000fps,C++
deepfakes/faceswap,torzdf,1434,torzdf/LibreELEC.tv,Makefile
deepfakes/faceswap,torzdf,1434,torzdf/pytorch-tf,Jupyter Notebook
deepfakes/faceswap,torzdf,1434,torzdf/snapcast,C++
deepfakes/faceswap,kvrooman,43,kvrooman/GPEN,Jupyter Notebook
deepfakes/faceswap,kvrooman,43,kvrooman/YOLO-version-2-Face-detection,C
deepfakes/faceswap,gdunstone,27,gdunstone/Adafruit_HDC1000_Library,C++
deepfakes/faceswap,gdunstone,27,gdunstone/controller-heliospectra-dyna,Go
deepfakes/faceswap,gdunstone,27,gdunstone/countdown,HTML
deepfakes/faceswap,gdunstone,27,gdunstone/cron-delete,Shell
deepfakes/faceswap,gdunstone,27,gdunstone/docker-travisci-template,Go
deepfakes/faceswap,gdunstone,27,gdunstone/droppy,JavaScript
deepfakes/faceswap,gdunstone,27,gdunstone/factorio-statistic,Lua
deepfakes/faceswap,gdunstone,27,gdunstone/flockinginp3d,JavaScript
deepfakes/faceswap,gdunstone,27,gdunstone/go-dht,C
deepfakes/faceswap,gdunstone,27,gdunstone/goexif,Go
deepfakes/faceswap,gdunstone,27,gdunstone/h5ai,Dockerfile
deepfakes/faceswap,gdunstone,27,gdunstone/iview-proxy,JavaScript
deepfakes/faceswap,gdunstone,27,gdunstone/jsonschema,Go
deepfakes/faceswap,gdunstone,27,gdunstone/kapacitor-unit,Go
deepfakes/faceswap,gdunstone,27,gdunstone/lldap,Rust
deepfakes/faceswap,gdunstone,27,gdunstone/lw.comm-server,JavaScript
deepfakes/faceswap,gdunstone,27,gdunstone/mastodon-bot,Clojure
deepfakes/faceswap,gdunstone,27,gdunstone/multi-speedtest,JavaScript
deepfakes/faceswap,gdunstone,27,gdunstone/MurdochOverlay,HTML
deepfakes/faceswap,gdunstone,27,gdunstone/mustache-cli,Go
deepfakes/faceswap,gdunstone,27,gdunstone/namecheap-ddns-update,Shell
deepfakes/faceswap,Clorr,23,Clorr/archi-mediawiki,PHP
deepfakes/faceswap,Clorr,23,Clorr/coding-challenge-backend-c,JavaScript
deepfakes/faceswap,Clorr,23,Clorr/docker.github.io,JavaScript
deepfakes/faceswap,Clorr,23,Clorr/dsapp-geocoder,JavaScript
deepfakes/faceswap,Clorr,23,Clorr/dsapp-scraper-ville,JavaScript
deepfakes/faceswap,Clorr,23,Clorr/faceswap-GAN,Jupyter Notebook
deepfakes/faceswap,Clorr,23,Clorr/gutenberg,JavaScript
deepfakes/faceswap,Clorr,23,Clorr/Invoice,HTML
deepfakes/faceswap,Clorr,23,Clorr/jQuery-Preloader,JavaScript
deepfakes/faceswap,Clorr,23,Clorr/jquery.transform.js,JavaScript
deepfakes/faceswap,Clorr,23,Clorr/js-levenshtein,JavaScript
deepfakes/faceswap,Clorr,23,Clorr/movim,PHP
deepfakes/faceswap,Clorr,23,Clorr/no-local-dev-getting-started,HTML
deepfakes/faceswap,Clorr,23,Clorr/node-apn,JavaScript
deepfakes/faceswap,Clorr,23,Clorr/node-redis-pubsub,JavaScript
deepfakes/faceswap,Clorr,23,Clorr/Resume,HTML
deepfakes/faceswap,bryanlyon,22,bryanlyon/Arduino,C
deepfakes/faceswap,bryanlyon,22,bryanlyon/Dreambooth-Stable-Diffusion,Jupyter Notebook
deepfakes/faceswap,bryanlyon,22,bryanlyon/Ic2ExpReactorPlanner,Java
deepfakes/faceswap,bryanlyon,22,bryanlyon/js-segment-annotator,JavaScript
deepfakes/faceswap,bryanlyon,22,bryanlyon/minecrift,Java
deepfakes/faceswap,bryanlyon,22,bryanlyon/openpose,C++
deepfakes/faceswap,bryanlyon,22,bryanlyon/ttrss_plugin-feediron,PHP
deepfakes/faceswap,Ganonmaster,16,Ganonmaster/BoohbahZone,ActionScript
deepfakes/faceswap,Ganonmaster,16,Ganonmaster/dionscactus.nl,HTML
deepfakes/faceswap,Ganonmaster,16,Ganonmaster/django-taggit-bootstrap,JavaScript
deepfakes/faceswap,Ganonmaster,16,Ganonmaster/django-taggit-templatetags2,JavaScript
deepfakes/faceswap,Ganonmaster,16,Ganonmaster/django_markdown,JavaScript
deepfakes/faceswap,Ganonmaster,16,Ganonmaster/FirefoxGoogleImageDownloader,JavaScript
deepfakes/faceswap,Ganonmaster,16,Ganonmaster/fxa-self-hosting,Shell
deepfakes/faceswap,Ganonmaster,16,Ganonmaster/fxa-slim-image,Dockerfile
deepfakes/faceswap,Ganonmaster,16,Ganonmaster/go-MusicBot,Go
deepfakes/faceswap,Ganonmaster,16,Ganonmaster/JAVMovieScraper,Java
deepfakes/faceswap,Ganonmaster,16,Ganonmaster/KawaiiDiscord,JavaScript
geekan/MetaGPT,geekan,888,geekan/ai-deadlines,HTML
geekan/MetaGPT,geekan,888,geekan/anwcl.about,JavaScript
geekan/MetaGPT,geekan,888,geekan/c-algorithm,C
geekan/MetaGPT,geekan,888,geekan/caffe,C++
geekan/MetaGPT,geekan,888,geekan/citation-graph,HTML
geekan/MetaGPT,geekan,888,geekan/crossfilter,JavaScript
geekan/MetaGPT,geekan,888,geekan/d3,JavaScript
geekan/MetaGPT,geekan,888,geekan/deployment,Shell
geekan/MetaGPT,geekan,888,geekan/dotfiles,Shell
geekan/MetaGPT,geekan,888,geekan/Extract,Shell
geekan/MetaGPT,geekan,888,geekan/ezinstall,Shell
geekan/MetaGPT,geekan,888,geekan/geekan.github.com,CSS
geekan/MetaGPT,garylin2099,766,garylin2099/MetaGPT-docs,TypeScript
geekan/MetaGPT,better629,532,better629/better629.github.io,JavaScript
geekan/MetaGPT,better629,532,better629/Bundler,C
geekan/MetaGPT,better629,532,better629/bundler_sfm,C
geekan/MetaGPT,better629,532,better629/CMVS-PMVS,C++
geekan/MetaGPT,better629,532,better629/flann,C++
geekan/MetaGPT,better629,532,better629/hesaff,C++
geekan/MetaGPT,better629,532,better629/kfusion,C++
geekan/MetaGPT,better629,532,better629/liblbfgs,C
geekan/MetaGPT,better629,532,better629/libmv,C++
geekan/MetaGPT,better629,532,better629/Line3D,C++
geekan/MetaGPT,better629,532,better629/lsd_slam,C++
geekan/MetaGPT,better629,532,better629/MetaGPT-docs,TypeScript
geekan/MetaGPT,better629,532,better629/MultipleViewPipeline,C++
geekan/MetaGPT,better629,532,better629/mvs-texturing,C++
geekan/MetaGPT,better629,532,better629/OpenDTAM,C++
geekan/MetaGPT,better629,532,better629/openMVG,C++
geekan/MetaGPT,better629,532,better629/SfM-Toy-Library,C++
geekan/MetaGPT,better629,532,better629/SFMToolkit,C++
geekan/MetaGPT,better629,532,better629/SSBA,C++
geekan/MetaGPT,better629,532,better629/TheiaSfM,C++
geekan/MetaGPT,better629,532,better629/TreeExtra,C++
geekan/MetaGPT,better629,532,better629/tum_ardrone,C++
geekan/MetaGPT,better629,532,better629/use_vim_as_ide,VimL
geekan/MetaGPT,stellaHSR,296,stellaHSR/tensorflow,C++
geekan/MetaGPT,seehi,290,seehi/MetaGPT-docs,Vue
geekan/MetaGPT,orange-crow,228,orange-crow/GoQuickStart,Go
geekan/MetaGPT,shenchucheng,188,shenchucheng/algorithms,Jupyter Notebook
geekan/MetaGPT,shenchucheng,188,shenchucheng/cloudBoard,JavaScript
geekan/MetaGPT,shenchucheng,188,shenchucheng/EasyShutdown,JavaScript
geekan/MetaGPT,shenchucheng,188,shenchucheng/gpu-manager,Go
geekan/MetaGPT,shenchucheng,188,shenchucheng/graph-python,Jupyter Notebook
geekan/MetaGPT,shenchucheng,188,shenchucheng/linux,Shell
geekan/MetaGPT,shenchucheng,188,shenchucheng/MetaGPT-docs,TypeScript
geekan/MetaGPT,cyzus,172,cyzus/cyzus.github.io,HTML
geekan/MetaGPT,cyzus,172,cyzus/multi-mt,Jupyter Notebook
geekan/MetaGPT,mannaandpoem,147,mannaandpoem/2048_game,JavaScript
geekan/MetaGPT,mannaandpoem,147,mannaandpoem/MetaGPT-docs,TypeScript
geekan/MetaGPT,mannaandpoem,147,mannaandpoem/simple_calculator,JavaScript
geekan/MetaGPT,didiforgithub,145,didiforgithub/didiforgithub.github.io,SCSS
ultralytics/yolov5,AyushExel,54,AyushExel/Algorithms,C++
ultralytics/yolov5,AyushExel,54,AyushExel/AyushExel,HTML
ultralytics/yolov5,AyushExel,54,AyushExel/COVID19WB,Jupyter Notebook
ultralytics/yolov5,AyushExel,54,AyushExel/dploy,JavaScript
ultralytics/yolov5,AyushExel,54,AyushExel/examples,Jupyter Notebook
ultralytics/yolov5,alexstoken,34,alexstoken/alexstoken.github.io,HTML
ultralytics/yolov5,alexstoken,34,alexstoken/GitHubGraduation-2022,JavaScript
ultralytics/yolov5,alexstoken,34,alexstoken/math485supermodels,Jupyter Notebook
ultralytics/yolov5,alexstoken,34,alexstoken/MonoHiggsToZZ4Leptons,C++
ultralytics/yolov5,alexstoken,34,alexstoken/monoHiggsZZ4L,C++
ultralytics/yolov5,alexstoken,34,alexstoken/nlp-qa-finalproj,Jupyter Notebook
ultralytics/yolov5,alexstoken,34,alexstoken/se2-loftr,Jupyter Notebook
ultralytics/yolov5,alexstoken,34,alexstoken/silk,OpenEdge ABL
ultralytics/yolov5,alexstoken,34,alexstoken/ttbar_bkg,Jupyter Notebook
ultralytics/yolov5,alexstoken,34,alexstoken/usercode,C++
ultralytics/yolov5,Borda,34,Borda/Auto_TS,Jupyter Notebook
ultralytics/yolov5,Borda,34,Borda/BCI-speller,Jupyter Notebook
ultralytics/yolov5,Borda,34,Borda/cudf,C++
ultralytics/yolov5,Borda,34,Borda/docker_python-opencv-ffmpeg,Dockerfile
ultralytics/yolov5,Borda,34,Borda/docker_sample,Dockerfile
ultralytics/yolov5,Borda,34,Borda/FLAML,Jupyter Notebook
ultralytics/yolov5,Borda,34,Borda/GHA_git-crypt-unlock,Shell
ultralytics/yolov5,Borda,34,Borda/GridCut-python,C++
ultralytics/yolov5,Borda,34,Borda/HistoSSL_scaling,Jupyter Notebook
ultralytics/yolov5,Borda,34,Borda/ij-CMP-BIA,Java
ultralytics/yolov5,NanoCode012,20,NanoCode012/AMaze,C#
ultralytics/yolov5,NanoCode012,20,NanoCode012/Budgetary,CSS
ultralytics/yolov5,NanoCode012,20,NanoCode012/CSharpBasic,C#
ultralytics/yolov5,NanoCode012,20,NanoCode012/CSharpIntermediate,C#
ultralytics/yolov5,NanoCode012,20,NanoCode012/CyroRPG,C++
ultralytics/yolov5,NanoCode012,20,NanoCode012/docker-mern,Shell
ultralytics/yolov5,NanoCode012,20,NanoCode012/docker-php-cd,Shell
ultralytics/yolov5,NanoCode012,20,NanoCode012/Hajimaaa-ELearning,HTML
ultralytics/yolov5,developer0hye,20,developer0hye/2018-Turtlebot3-Autorace-ROBIT,C++
ultralytics/yolov5,developer0hye,20,developer0hye/2019_Kwangwoon_Univ_CE_DS_Project_1,C++
ultralytics/yolov5,developer0hye,20,developer0hye/2019_Object_Oriented_Programming_Assignment_Skeleton,C++
ultralytics/yolov5,developer0hye,20,developer0hye/actions-cpp-hello-world,CMake
ultralytics/yolov5,developer0hye,20,developer0hye/Algo-0hye,C++
ultralytics/yolov5,developer0hye,20,developer0hye/argparse,C++
ultralytics/yolov5,developer0hye,20,developer0hye/asdfasdf,C++
ultralytics/yolov5,developer0hye,20,developer0hye/AVLTree-CPP,C++
ultralytics/yolov5,developer0hye,20,developer0hye/Basic-Data-Structures-Implmentation,C++
ultralytics/yolov5,imyhxy,14,imyhxy/algorithms-sedgewick-wayne,Java
ultralytics/yolov5,imyhxy,14,imyhxy/algorithms-tsinghuadsa,C++
ultralytics/yolov5,imyhxy,14,imyhxy/awesome-cheatsheets,Shell
commaai/openpilot,adeebshihadeh,3433,adeebshihadeh/2020smartcore,OpenSCAD
commaai/openpilot,adeebshihadeh,3433,adeebshihadeh/3D-Modeling,OpenSCAD
commaai/openpilot,adeebshihadeh,3433,adeebshihadeh/adeeb.sh,HTML
commaai/openpilot,adeebshihadeh,3433,adeebshihadeh/brainfuck,Go
commaai/openpilot,adeebshihadeh,3433,adeebshihadeh/carvis-mini,JavaScript
commaai/openpilot,adeebshihadeh,3433,adeebshihadeh/carvis-proto,HTML
commaai/openpilot,adeebshihadeh,3433,adeebshihadeh/cereal,C++
commaai/openpilot,adeebshihadeh,3433,adeebshihadeh/chip8,Go
commaai/openpilot,adeebshihadeh,3433,adeebshihadeh/cnc-excercise,HTML
commaai/openpilot,adeebshihadeh,3433,adeebshihadeh/comma-points,JavaScript
commaai/openpilot,adeebshihadeh,3433,adeebshihadeh/commacoloring,JavaScript
commaai/openpilot,adeebshihadeh,3433,adeebshihadeh/cryptopals,Jupyter Notebook
commaai/openpilot,adeebshihadeh,3433,adeebshihadeh/ctf,C
commaai/openpilot,adeebshihadeh,3433,adeebshihadeh/CuraProfileMaker,HTML
commaai/openpilot,adeebshihadeh,3433,adeebshihadeh/fabrica,HTML
commaai/openpilot,adeebshihadeh,3433,adeebshihadeh/gesture-remote,JavaScript
commaai/openpilot,adeebshihadeh,3433,adeebshihadeh/i3status-rust,Rust
commaai/openpilot,adeebshihadeh,3433,adeebshihadeh/LaserWeb,JavaScript
commaai/openpilot,adeebshihadeh,3433,adeebshihadeh/LibLaserCut,Java
commaai/openpilot,adeebshihadeh,3433,adeebshihadeh/lichess-colorclock,JavaScript
commaai/openpilot,adeebshihadeh,3433,adeebshihadeh/Marlin,C
commaai/openpilot,adeebshihadeh,3433,adeebshihadeh/MobileControl,HTML
commaai/openpilot,sshane,1978,sshane/arm64-capnp-compiled,C++
commaai/openpilot,sshane,1978,sshane/cereal,Cap'n Proto
commaai/openpilot,sshane,1978,sshane/eon-custom-themes,C
commaai/openpilot,sshane,1978,sshane/op-build-r2,Shell
commaai/openpilot,sshane,1978,sshane/op-replay-clipper,Shell
commaai/openpilot,sshane,1978,sshane/op-speed-controller-app,Java
commaai/openpilot,sshane,1978,sshane/opendbc,C++
commaai/openpilot,sshane,1978,sshane/openpilot-apks,JavaScript
commaai/openpilot,sshane,1978,sshane/openpilot-archive,C++
commaai/openpilot,sshane,1978,sshane/openpilot-installer-generator,PHP
commaai/openpilot,sshane,1978,sshane/openpilot-speed-controller,C
commaai/openpilot,deanlee,1755,deanlee/cartographer,C++
commaai/openpilot,deanlee,1755,deanlee/colly,Go
commaai/openpilot,deanlee,1755,deanlee/hollywood,Shell
commaai/openpilot,deanlee,1755,deanlee/hugo-minos-theme,CSS
commaai/openpilot,deanlee,1755,deanlee/msgq,C++
commaai/openpilot,deanlee,1755,deanlee/panda,C
commaai/openpilot,deanlee,1755,deanlee/phd2,C++
commaai/openpilot,deanlee,1755,deanlee/PlotJuggler,C++
commaai/openpilot,deanlee,1755,deanlee/termbox-go,Go
commaai/openpilot,pd0wm,1572,pd0wm/airtag-dump,Rust
commaai/openpilot,pd0wm,1572,pd0wm/airtag-glitcher,Rust
commaai/openpilot,pd0wm,1572,pd0wm/bencode-rust,Rust
commaai/openpilot,pd0wm,1572,pd0wm/binaryninja-pcode,C++
commaai/openpilot,pd0wm,1572,pd0wm/brainfuck-rust,Brainfuck
commaai/openpilot,pd0wm,1572,pd0wm/ceedling-pic24-example,C
commaai/openpilot,pd0wm,1572,pd0wm/cereal,Cap'n Proto
commaai/openpilot,pd0wm,1572,pd0wm/exercises,Jupyter Notebook
commaai/openpilot,pd0wm,1572,pd0wm/ghidra_v850,Makefile
commaai/openpilot,pd0wm,1572,pd0wm/lox,Rust
commaai/openpilot,pd0wm,1572,pd0wm/navtex,Jupyter Notebook
commaai/openpilot,pd0wm,1572,pd0wm/opencl-mandelbrot,C++
commaai/openpilot,pd0wm,1572,pd0wm/opendbc,C++
commaai/openpilot,pd0wm,1572,pd0wm/panda,C
commaai/openpilot,pd0wm,1572,pd0wm/pandacan-rs,Rust
commaai/openpilot,pd0wm,1572,pd0wm/react-hexedit,JavaScript
commaai/openpilot,pd0wm,1572,pd0wm/simple-regex,C
commaai/openpilot,pd0wm,1572,pd0wm/simple-sdr,C
commaai/openpilot,pd0wm,1572,pd0wm/svelte-hexedit,Svelte
commaai/openpilot,haraschax,612,haraschax/detectboats,Jupyter Notebook
commaai/openpilot,haraschax,612,haraschax/numerieke_taak2,Matlab
commaai/openpilot,haraschax,612,haraschax/PerplexingPuzzle,Jupyter Notebook
commaai/openpilot,haraschax,612,haraschax/Platworm3.1,Java
commaai/openpilot,jnewb1,538,jnewb1/a810-custom-firmware,Shell
commaai/openpilot,jnewb1,538,jnewb1/cereal,Cap'n Proto
commaai/openpilot,jnewb1,538,jnewb1/chess,C++
commaai/openpilot,jnewb1,538,jnewb1/cpp-chess,C++
commaai/openpilot,jnewb1,538,jnewb1/dotfiles,Shell
commaai/openpilot,jnewb1,538,jnewb1/FRC-494-2017,C++
commaai/openpilot,jnewb1,538,jnewb1/FRC-494-2018,C++
commaai/openpilot,jnewb1,538,jnewb1/FRC-Static-IP-Changer,C#
commaai/openpilot,jnewb1,538,jnewb1/games,C#
commaai/openpilot,jnewb1,538,jnewb1/mycowgame.com,JavaScript
commaai/openpilot,jnewb1,538,jnewb1/openpilot-devcontainer-feature,Shell
commaai/openpilot,jnewb1,538,jnewb1/palworld-host-save-fix,Jupyter Notebook
commaai/openpilot,jnewb1,538,jnewb1/photonvision,Java
commaai/openpilot,jyoung8607,263,jyoung8607/cereal,C++
commaai/openpilot,jyoung8607,263,jyoung8607/neos-manual-install,Shell
commaai/openpilot,jyoung8607,263,jyoung8607/opendbc,C++
commaai/openpilot,jyoung8607,263,jyoung8607/panda,C
commaai/openpilot,jyoung8607,263,jyoung8607/PlotJuggler,C++
commaai/openpilot,geohot,263,geohot/aes_serial,C
commaai/openpilot,geohot,263,geohot/ai-notebooks,Jupyter Notebook
commaai/openpilot,geohot,263,geohot/amdgpu-dkms,C
commaai/openpilot,geohot,263,geohot/amx,C
commaai/openpilot,geohot,263,geohot/angr-travis,Shell
commaai/openpilot,geohot,263,geohot/ArchProbe,C++
commaai/openpilot,geohot,263,geohot/cannon,Go
commaai/openpilot,geohot,263,geohot/carla,C++
commaai/openpilot,geohot,263,geohot/commaled,Assembly
commaai/openpilot,geohot,263,geohot/configuration,Shell
commaai/openpilot,geohot,263,geohot/coq-hardy,Coq
commaai/openpilot,geohot,263,geohot/crappycase,C
commaai/openpilot,geohot,263,geohot/cuda_ioctl_sniffer,C
commaai/openpilot,geohot,263,geohot/eda-2,C++
commaai/openpilot,geohot,263,geohot/eda-3,JavaScript
commaai/openpilot,geohot,263,geohot/eda-reversing,C++
commaai/openpilot,geohot,263,geohot/edgetpuxray,C++
commaai/openpilot,geohot,263,geohot/erigon,Go
commaai/openpilot,maxime-desroches,252,maxime-desroches/caps,JavaScript
commaai/openpilot,maxime-desroches,252,maxime-desroches/comp559w23provided,C++
commaai/openpilot,maxime-desroches,252,maxime-desroches/feodor,C
commaai/openpilot,maxime-desroches,252,maxime-desroches/py-spidev,C
commaai/openpilot,maxime-desroches,252,maxime-desroches/sha1,C
commaai/openpilot,maxime-desroches,252,maxime-desroches/test_rewrite,HTML
commaai/openpilot,maxime-desroches,252,maxime-desroches/timeout,JavaScript
commaai/openpilot,ZwX1616,233,ZwX1616/caffe-ssd,C++
commaai/openpilot,ZwX1616,233,ZwX1616/ios_mx_deploy,Objective-C
commaai/openpilot,ZwX1616,233,ZwX1616/mac_cam_ssd,C++
commaai/openpilot,ZwX1616,233,ZwX1616/predict-car-speed,Jupyter Notebook
commaai/openpilot,ZwX1616,233,ZwX1616/speed-challenge,Jupyter Notebook
langflow-ai/langflow,ogabrielluiz,7170,ogabrielluiz/APS-1o-Semestre,HTML
langflow-ai/langflow,ogabrielluiz,7170,ogabrielluiz/APS-2019-2,HTML
langflow-ai/langflow,ogabrielluiz,7170,ogabrielluiz/BadAssbasSSynth,C++
langflow-ai/langflow,ogabrielluiz,7170,ogabrielluiz/contatinhos-pybr14,CSS
langflow-ai/langflow,ogabrielluiz,7170,ogabrielluiz/CS-Stats,Java
langflow-ai/langflow,ogabrielluiz,7170,ogabrielluiz/curso-git,HTML
langflow-ai/langflow,ogabrielluiz,7170,ogabrielluiz/DelugeFirmware,C++
langflow-ai/langflow,ogabrielluiz,7170,ogabrielluiz/Facial-Recognition-Door,C#
langflow-ai/langflow,anovazzi1,2134,anovazzi1/bootcampSantander,Java
langflow-ai/langflow,anovazzi1,2134,anovazzi1/flutter-quiz-udemy,Dart
langflow-ai/langflow,anovazzi1,2134,anovazzi1/flutter_expenses_app,Dart
langflow-ai/langflow,anovazzi1,2134,anovazzi1/frontBootcampSantander,TypeScript
langflow-ai/langflow,anovazzi1,2134,anovazzi1/mc322,Jupyter Notebook
langflow-ai/langflow,anovazzi1,2134,anovazzi1/Mc322Dupla,Java
langflow-ai/langflow,anovazzi1,2134,anovazzi1/meals_app,Dart
langflow-ai/langflow,anovazzi1,2134,anovazzi1/mempool,TypeScript
langflow-ai/langflow,anovazzi1,2134,anovazzi1/my-coursera,HTML
langflow-ai/langflow,anovazzi1,2134,anovazzi1/p1Redes,C
langflow-ai/langflow,anovazzi1,2134,anovazzi1/react-example,JavaScript
langflow-ai/langflow,anovazzi1,2134,anovazzi1/shop-App-Flutter,Dart
langflow-ai/langflow,anovazzi1,2134,anovazzi1/SubDefender,Java
langflow-ai/langflow,lucaseduoli,1603,lucaseduoli/academiaSemaforo,C
langflow-ai/langflow,lucaseduoli,1603,lucaseduoli/langflow,JavaScript
langflow-ai/langflow,lucaseduoli,1603,lucaseduoli/logspaceweb,TypeScript
langflow-ai/langflow,lucaseduoli,1603,lucaseduoli/mc322,Java
langflow-ai/langflow,lucaseduoli,1603,lucaseduoli/portfolio,TypeScript
langflow-ai/langflow,lucaseduoli,1603,lucaseduoli/testdocslangflow,JavaScript
langflow-ai/langflow,Cristhianzl,1485,Cristhianzl/CalculadoraSM,C
langflow-ai/langflow,Cristhianzl,1485,Cristhianzl/FireLoad,Java
langflow-ai/langflow,Cristhianzl,1485,Cristhianzl/logspaceweb,TypeScript
langflow-ai/langflow,Cristhianzl,1485,Cristhianzl/marvel-app,TypeScript
langflow-ai/langflow,Cristhianzl,1485,Cristhianzl/onboardingNestJS,TypeScript
langflow-ai/langflow,Cristhianzl,1485,Cristhianzl/winprovit,JavaScript
langflow-ai/langflow,igorrCarvalho,509,igorrCarvalho/9.3-async-test,JavaScript
langflow-ai/langflow,igorrCarvalho,509,igorrCarvalho/aulasTrybe,JavaScript
langflow-ai/langflow,igorrCarvalho,509,igorrCarvalho/CalculadoraFinanciamento,JavaScript
langflow-ai/langflow,igorrCarvalho,509,igorrCarvalho/Card-Game,TypeScript
langflow-ai/langflow,igorrCarvalho,509,igorrCarvalho/chat-widget-test,JavaScript
langflow-ai/langflow,igorrCarvalho,509,igorrCarvalho/CPF-Validator,JavaScript
langflow-ai/langflow,igorrCarvalho,509,igorrCarvalho/developsToday-assestment,TypeScript
langflow-ai/langflow,igorrCarvalho,509,igorrCarvalho/Docker-Todo-List,JavaScript
langflow-ai/langflow,igorrCarvalho,509,igorrCarvalho/envelope-matrix,C
langflow-ai/langflow,igorrCarvalho,509,igorrCarvalho/igorrCarvalho.github.io,JavaScript
langflow-ai/langflow,igorrCarvalho,509,igorrCarvalho/laundrySystem,JavaScript
langflow-ai/langflow,igorrCarvalho,509,igorrCarvalho/LearningC-,C#
langflow-ai/langflow,igorrCarvalho,509,igorrCarvalho/medApp,Kotlin
langflow-ai/langflow,igorrCarvalho,509,igorrCarvalho/myPortfolio,JavaScript
langflow-ai/langflow,igorrCarvalho,509,igorrCarvalho/Portfolio,JavaScript
langflow-ai/langflow,igorrCarvalho,509,igorrCarvalho/Project-API-Store-Manager,JavaScript
langflow-ai/langflow,igorrCarvalho,509,igorrCarvalho/Project-API-Talker-Manager,JavaScript
langflow-ai/langflow,igorrCarvalho,509,igorrCarvalho/Project-API-Trybesmith,TypeScript
langflow-ai/langflow,igorrCarvalho,509,igorrCarvalho/Project-Blogs-Api,JavaScript
langflow-ai/langflow,igorrCarvalho,509,igorrCarvalho/Project-ExpenseControl,JavaScript
langflow-ai/langflow,igorrCarvalho,509,igorrCarvalho/Project-Mysql-All-For-One,JavaScript
langflow-ai/langflow,igorrCarvalho,509,igorrCarvalho/Project-Mysql-One-For-All,JavaScript
langflow-ai/langflow,igorrCarvalho,509,igorrCarvalho/Project-RPG,TypeScript
langflow-ai/langflow,igorrCarvalho,509,igorrCarvalho/Project-SoccerApi,JavaScript
langflow-ai/langflow,mendonk,265,mendonk/agile_5e,CSS
langflow-ai/langflow,mendonk,265,mendonk/animated-chainsaw,Shell
langflow-ai/langflow,mendonk,265,mendonk/astra-streaming-examples,Java
langflow-ai/langflow,mendonk,265,mendonk/BMICalculator,C++
langflow-ai/langflow,mendonk,265,mendonk/docs-langflow-test-application,TypeScript
langflow-ai/langflow,mendonk,265,mendonk/go-webdev,Go
langflow-ai/langflow,mendonk,265,mendonk/goreddit,Go
langflow-ai/langflow,mendonk,265,mendonk/mendonk.github.io,Ruby
langflow-ai/langflow,mendonk,265,mendonk/pulsar,Java
langflow-ai/langflow,mendonk,265,mendonk/ragstack-notebooks,Jupyter Notebook
langflow-ai/langflow,rodrigosnader,226,rodrigosnader/angel-scraper,HTML
langflow-ai/langflow,rodrigosnader,226,rodrigosnader/Awesome-LLMOps,Shell
langflow-ai/langflow,rodrigosnader,226,rodrigosnader/deep-learning-keras-tensorflow,Jupyter Notebook
langflow-ai/langflow,rodrigosnader,226,rodrigosnader/deep-learning-with-keras-notebooks,Jupyter Notebook
langflow-ai/langflow,rodrigosnader,226,rodrigosnader/deepschool.io,Jupyter Notebook
langflow-ai/langflow,rodrigosnader,226,rodrigosnader/Keras-Tutorials,Jupyter Notebook
langflow-ai/langflow,rodrigosnader,226,rodrigosnader/Keras-Tutorials-1,Jupyter Notebook
langflow-ai/langflow,rodrigosnader,226,rodrigosnader/mae-annotation,Java
langflow-ai/langflow,rodrigosnader,226,rodrigosnader/medium-scraper,Jupyter Notebook
langflow-ai/langflow,rodrigosnader,226,rodrigosnader/new-lg-docs,CSS
langflow-ai/langflow,rodrigosnader,226,rodrigosnader/nlp-notebooks,Jupyter Notebook
langflow-ai/langflow,rodrigosnader,226,rodrigosnader/poplar,TypeScript
langflow-ai/langflow,rodrigosnader,226,rodrigosnader/pytorch-pretrained-BERT,Jupyter Notebook
langflow-ai/langflow,italojohnny,174,italojohnny/blast3d,C++
langflow-ai/langflow,italojohnny,174,italojohnny/estudo_k8s,Makefile
langflow-ai/langflow,italojohnny,174,italojohnny/langflow,JavaScript
langflow-ai/langflow,italojohnny,174,italojohnny/rubiks_cube,C++
langflow-ai/langflow,gustavoschaedler,149,gustavoschaedler/clock,HTML
langflow-ai/langflow,gustavoschaedler,149,gustavoschaedler/covid19,HTML
langflow-ai/langflow,gustavoschaedler,149,gustavoschaedler/lottery,Java
langflow-ai/langflow,gustavoschaedler,149,gustavoschaedler/MagicMirror-Customized,JavaScript
langflow-ai/langflow,gustavoschaedler,149,gustavoschaedler/pkg_link_maker,JavaScript
langflow-ai/langflow,gustavoschaedler,149,gustavoschaedler/pwa-hello-world,JavaScript
langflow-ai/langflow,gustavoschaedler,149,gustavoschaedler/ticker,HTML
langflow-ai/langflow,gustavoschaedler,149,gustavoschaedler/video-maker,JavaScript
langflow-ai/langflow,cbornet,135,cbornet/agoncal-formation-microservices,Java
langflow-ai/langflow,cbornet,135,cbornet/bootiful-banners,Java
langflow-ai/langflow,cbornet,135,cbornet/cbornet.github.io,JavaScript
langflow-ai/langflow,cbornet,135,cbornet/coding-dojo-reactive,Java
langflow-ai/langflow,cbornet,135,cbornet/couchbase-jvm-core,Java
langflow-ai/langflow,cbornet,135,cbornet/generator-jhipster,JavaScript
langflow-ai/langflow,cbornet,135,cbornet/generator-jhipster-basic-auth,JavaScript
langflow-ai/langflow,cbornet,135,cbornet/generator-jhipster-debian-packager,JavaScript
langflow-ai/langflow,cbornet,135,cbornet/generator-jhipster-grpc,Java
langflow-ai/langflow,cbornet,135,cbornet/generator-jhipster-pulsar,HTML
langflow-ai/langflow,cbornet,135,cbornet/generator-jhipster-swagger-cli,Java
psf/requests,kennethreitz,1006,kennethreitz/12factor,Ruby
psf/requests,kennethreitz,1006,kennethreitz/awesome-cdn,HTML
psf/requests,kennethreitz,1006,kennethreitz/conda-buildpack,Shell
psf/requests,kennethreitz,1006,kennethreitz/context,HTML
psf/requests,kennethreitz,1006,kennethreitz/dive-into-python3,JavaScript
psf/requests,kennethreitz,1006,kennethreitz/elonpoetrytracker,HTML
psf/requests,Lukasa,610,Lukasa/chronos,C++
psf/requests,Lukasa,610,Lukasa/curl,C
psf/requests,Lukasa,610,Lukasa/extract-nss-root-certs,Go
psf/requests,Lukasa,610,Lukasa/garpd,C
psf/requests,Lukasa,610,Lukasa/garpd-rs,Rust
psf/requests,Lukasa,610,Lukasa/GoBot,Go
psf/requests,Lukasa,610,Lukasa/gopcap,Go
psf/requests,sigmavirus24,390,sigmavirus24/bearded-octo-tribble,JavaScript
psf/requests,sigmavirus24,390,sigmavirus24/circuitry,Go
psf/requests,sigmavirus24,390,sigmavirus24/contrib-hub,JavaScript
psf/requests,sigmavirus24,390,sigmavirus24/coviddate.rs,Rust
psf/requests,sigmavirus24,390,sigmavirus24/c_libs,C
psf/requests,nateprewitt,282,nateprewitt/curl,C
psf/requests,nateprewitt,282,nateprewitt/nateprewitt.github.io,JavaScript
psf/requests,nateprewitt,282,nateprewitt/octobox,Ruby
psf/requests,slingamn,45,slingamn/adventofcode,Go
psf/requests,slingamn,45,slingamn/buntrepair,Go
psf/requests,slingamn,45,slingamn/ergo,Go
psf/requests,slingamn,45,slingamn/fieldsn,Go
psf/requests,slingamn,45,slingamn/gatt,Go
psf/requests,slingamn,45,slingamn/ghbot,Go
psf/requests,slingamn,45,slingamn/godgets,Go
psf/requests,slingamn,45,slingamn/irc-benchmarks,Go
psf/requests,slingamn,45,slingamn/irc-defs,HTML
psf/requests,slingamn,45,slingamn/irc-go,Go
psf/requests,BraulioVM,43,BraulioVM/blog,Ruby
psf/requests,BraulioVM,43,BraulioVM/codeobject,Haskell
psf/requests,BraulioVM,43,BraulioVM/Consome,JavaScript
psf/requests,BraulioVM,43,BraulioVM/cooltests,C++
psf/requests,BraulioVM,43,BraulioVM/coropoll,C++
psf/requests,BraulioVM,43,BraulioVM/countdown-timer,JavaScript
psf/requests,BraulioVM,43,BraulioVM/falge,Scala
psf/requests,BraulioVM,43,BraulioVM/old,JavaScript
psf/requests,BraulioVM,43,BraulioVM/onmydesk,CSS
psf/requests,BraulioVM,43,BraulioVM/pl,C
psf/requests,BraulioVM,43,BraulioVM/purescript-halogen,PureScript
psf/requests,BraulioVM,43,BraulioVM/qunit,JavaScript
psf/requests,BraulioVM,43,BraulioVM/stack,Haskell
psf/requests,BraulioVM,43,BraulioVM/transmogrify,C++
psf/requests,BraulioVM,43,BraulioVM/turing-lang,JavaScript
psf/requests,dpursehouse,31,dpursehouse/auto,Java
psf/requests,dpursehouse,31,dpursehouse/BacklogTool,Java
psf/requests,dpursehouse,31,dpursehouse/bazel,Java
psf/requests,dpursehouse,31,dpursehouse/buck,Java
psf/requests,dpursehouse,31,dpursehouse/buck_source_level,Java
psf/requests,dpursehouse,31,dpursehouse/buildtools,Go
psf/requests,dpursehouse,31,dpursehouse/closure-templates,Java
psf/requests,dpursehouse,31,dpursehouse/CodeMirror-minified,JavaScript
psf/requests,dpursehouse,31,dpursehouse/DASH,C
psf/requests,dpursehouse,31,dpursehouse/device-sony-c6503,Shell
psf/requests,dpursehouse,31,dpursehouse/device-sony-c6603,Shell
psf/requests,dpursehouse,31,dpursehouse/device-sony-lagan,Shell
psf/requests,dpursehouse,31,dpursehouse/device-sony-lt26,C
psf/requests,dpursehouse,31,dpursehouse/device-sony-sgp321,Shell
psf/requests,dpursehouse,31,dpursehouse/docker-elasticsearch-alpine,Shell
psf/requests,dpursehouse,31,dpursehouse/documentation-theme-jekyll,HTML
psf/requests,dpursehouse,31,dpursehouse/elasticsearch,Java
psf/requests,dpursehouse,31,dpursehouse/elasticsearch-head,JavaScript
psf/requests,jgorset,26,jgorset/adam,Ruby
psf/requests,jgorset,26,jgorset/battlefield-timer,Ruby
psf/requests,jgorset,26,jgorset/clockwork,Ruby
psf/requests,jgorset,26,jgorset/cushion,Ruby
psf/requests,jgorset,26,jgorset/custodian,Ruby
psf/requests,jgorset,26,jgorset/discotech,Ruby
psf/requests,jgorset,26,jgorset/facebook-messenger,Ruby
psf/requests,jgorset,26,jgorset/fish-dotfiles,Shell
psf/requests,jgorset,26,jgorset/flight,JavaScript
psf/requests,jgorset,26,jgorset/gamification,Ruby
psf/requests,jgorset,26,jgorset/garble,Ruby
psf/requests,jgorset,26,jgorset/git.io,Ruby
psf/requests,jgorset,26,jgorset/github-commits-by-repository,JavaScript
psf/requests,jgorset,26,jgorset/gravatar,Ruby
psf/requests,jgorset,26,jgorset/guard,Ruby
psf/requests,jgorset,26,jgorset/guard-rspec,Ruby
psf/requests,jgorset,26,jgorset/jjjaaa,Ruby
psf/requests,jgorset,26,jgorset/john-terjify,JavaScript
psf/requests,daftshady,24,daftshady/android,Java
psf/requests,daftshady,24,daftshady/dotfiles,Vim Script
psf/requests,daftshady,24,daftshady/dropbeat,JavaScript
psf/requests,daftshady,24,daftshady/dropbox-sdk-java,Java
psf/requests,daftshady,24,daftshady/hull,JavaScript
psf/requests,daftshady,24,daftshady/netty,Java
psf/requests,daftshady,24,daftshady/node,JavaScript
psf/requests,daftshady,24,daftshady/presto,Java
psf/requests,daftshady,24,daftshady/pyston,C++
psf/requests,daftshady,24,daftshady/rails,Ruby
psf/requests,daftshady,24,daftshady/redis,C
psf/requests,daftshady,24,daftshady/SuperAndroidKit,Java
psf/requests,jerem,23,jerem/afis,C#
psf/requests,jerem,23,jerem/cabot,JavaScript
psf/requests,jerem,23,jerem/connect-redis,JavaScript
psf/requests,jerem,23,jerem/cordova-windows,JavaScript
psf/requests,jerem,23,jerem/django-planet,JavaScript
psf/requests,jerem,23,jerem/docker-machine-nfs,Shell
psf/requests,jerem,23,jerem/docker-python-dev,Shell
psf/requests,jerem,23,jerem/ec2build,Shell
psf/requests,jerem,23,jerem/express-pouchdb,JavaScript
psf/requests,jerem,23,jerem/FingerJetFXOSE,C
psf/requests,jerem,23,jerem/hi35xx-buildroot,C
psf/requests,jerem,23,jerem/homebrew,Ruby
psf/requests,jerem,23,jerem/JPEGsnoop,C++
Z4nzu/hackingtool,Z4nzu,120,Z4nzu/frappe_docker,Dockerfile
Z4nzu/hackingtool,Z4nzu,120,Z4nzu/git_series,HTML
Z4nzu/hackingtool,cclauss,85,cclauss/500lines,JavaScript
Z4nzu/hackingtool,cclauss,85,cclauss/ACM-ICPC-Algorithms,C++
Z4nzu/hackingtool,Greatest125,69,Greatest125/greatest125.github.io,HTML
Z4nzu/hackingtool,mokrunka,6,mokrunka/PADD,Shell
Z4nzu/hackingtool,W1LDN16H7,4,W1LDN16H7/Empire,PowerShell
Z4nzu/hackingtool,W1LDN16H7,4,W1LDN16H7/Fandom,Java
Z4nzu/hackingtool,W1LDN16H7,4,W1LDN16H7/hacktoberfest2021,Jupyter Notebook
Z4nzu/hackingtool,W1LDN16H7,4,W1LDN16H7/Hactoberfest-accepted,JavaScript
Z4nzu/hackingtool,W1LDN16H7,4,W1LDN16H7/Hulk,Shell
Z4nzu/hackingtool,GMDSantana,3,GMDSantana/codecombat,JavaScript
Z4nzu/hackingtool,GMDSantana,3,GMDSantana/gmdsantana.github.io,HTML
Z4nzu/hackingtool,GMDSantana,3,GMDSantana/NIBH-Project,C++
Z4nzu/hackingtool,GMDSantana,3,GMDSantana/weechat,C
Z4nzu/hackingtool,sudokit,2,sudokit/odgpu,Odin
Z4nzu/hackingtool,sudokit,2,sudokit/odin-leif,Odin
Z4nzu/hackingtool,sudokit,2,sudokit/odin-simd-verlet,Odin
Z4nzu/hackingtool,sudokit,2,sudokit/odin-termbox2,Odin
Z4nzu/hackingtool,sudokit,2,sudokit/odin-terminal-graphics,Odin
Z4nzu/hackingtool,sudokit,2,sudokit/rust-raytracing,Rust
Z4nzu/hackingtool,sudokit,2,sudokit/terminal-pendulum,C
Z4nzu/hackingtool,sudokit,2,sudokit/tinyButton,Go
Z4nzu/hackingtool,sudokit,2,sudokit/vulkanc,C
Z4nzu/hackingtool,sudokit,2,sudokit/v_sokol_gp,C++
Z4nzu/hackingtool,sudokit,2,sudokit/wgpu-odin,Odin
Z4nzu/hackingtool,mit0za,2,mit0za/unisa-guardian-store,TypeScript
Z4nzu/hackingtool,Mik317,2,Mik317/AsymmetriCrypt,PHP
Z4nzu/hackingtool,Mik317,2,Mik317/bludit,PHP
Z4nzu/hackingtool,Mik317,2,Mik317/boxbilling,PHP
Z4nzu/hackingtool,Mik317,2,Mik317/bundle-phobia-cli,JavaScript
Z4nzu/hackingtool,Mik317,2,Mik317/casperjs,JavaScript
Z4nzu/hackingtool,Mik317,2,Mik317/cd-messenger,HTML
Z4nzu/hackingtool,Mik317,2,Mik317/Codiad,PHP
Z4nzu/hackingtool,Mik317,2,Mik317/cwe-643,Java
Z4nzu/hackingtool,Mik317,2,Mik317/deep-get-set,JavaScript
Z4nzu/hackingtool,Mik317,2,Mik317/dolibarr,PHP
Z4nzu/hackingtool,Mik317,2,Mik317/effect,JavaScript
Z4nzu/hackingtool,Mik317,2,Mik317/electron-builder,TypeScript
Z4nzu/hackingtool,MDA1422,2,MDA1422/BIDM_Tasks,Jupyter Notebook
Z4nzu/hackingtool,MDA1422,2,MDA1422/Books_Website,PHP
Z4nzu/hackingtool,MDA1422,2,MDA1422/cfg2html,Shell
Z4nzu/hackingtool,MDA1422,2,MDA1422/DevDone,JavaScript
Z4nzu/hackingtool,MDA1422,2,MDA1422/DSA_group_3A2,PHP
Z4nzu/hackingtool,MDA1422,2,MDA1422/Jinja_Practice,Jinja
Z4nzu/hackingtool,MDA1422,2,MDA1422/journal-site,JavaScript
Z4nzu/hackingtool,MDA1422,2,MDA1422/karpor,Go
Z4nzu/hackingtool,MDA1422,2,MDA1422/learning-go-4225046,Go
Z4nzu/hackingtool,MDA1422,2,MDA1422/Next-Blog-App,JavaScript
Z4nzu/hackingtool,MDA1422,2,MDA1422/white_labeler,Shell
Textualize/rich,willmcgugan,2730,willmcgugan/brightlingseayoga,HTML
Textualize/rich,willmcgugan,2730,willmcgugan/cve-bin-tool,HTML
Textualize/rich,willmcgugan,2730,willmcgugan/homebrew-core,Ruby
Textualize/rich,willmcgugan,2730,willmcgugan/Locidesktop,JavaScript
Textualize/rich,darrenburns,315,darrenburns/.vim,VimL
Textualize/rich,darrenburns,315,darrenburns/adventofcode2018,Rust
Textualize/rich,darrenburns,315,darrenburns/adventofcode2020,Rust
Textualize/rich,darrenburns,315,darrenburns/atlasr,Rust
Textualize/rich,darrenburns,315,darrenburns/bullet,Rust
Textualize/rich,darrenburns,315,darrenburns/darren.codes,HTML
Textualize/rich,darrenburns,315,darrenburns/DoIt,JavaScript
Textualize/rich,darrenburns,315,darrenburns/homebrew-homebrew,Ruby
Textualize/rich,darrenburns,315,darrenburns/immutable-js,JavaScript
Textualize/rich,darrenburns,315,darrenburns/kanjibook,TypeScript
Textualize/rich,darrenburns,315,darrenburns/kilo,C
Textualize/rich,darrenburns,315,darrenburns/oscar,Elixir
Textualize/rich,darrenburns,315,darrenburns/phoenix_guides,CSS
Textualize/rich,darrenburns,315,darrenburns/prose,JavaScript
Textualize/rich,davep,42,davep/.emacs.d,Emacs Lisp
Textualize/rich,davep,42,davep/.vim,Vim Script
Textualize/rich,davep,42,davep/2bit.el,Emacs Lisp
Textualize/rich,davep,42,davep/5x5-for-Chrome,JavaScript
Textualize/rich,davep,42,davep/5x5-Palm,C
Textualize/rich,davep,42,davep/5x5-react,JavaScript
Textualize/rich,davep,42,davep/5x5-react-native,JavaScript
Textualize/rich,davep,42,davep/5x5.el,Emacs Lisp
Textualize/rich,davep,42,davep/avmmf.el,Emacs Lisp
Textualize/rich,davep,42,davep/BahaiCalendar.pas,Pascal
Textualize/rich,davep,42,davep/become.el,Emacs Lisp
Textualize/rich,davep,42,davep/binclock.el,Emacs Lisp
Textualize/rich,davep,42,davep/bootstrap-button-flash,HTML
Textualize/rich,davep,42,davep/borked-venvs,Shell
Textualize/rich,davep,42,davep/boxquote.el,Emacs Lisp
Textualize/rich,hedyhli,39,hedyhli/aosr,TypeScript
Textualize/rich,hedyhli,39,hedyhli/aux-site,Astro
Textualize/rich,hedyhli,39,hedyhli/cape,Emacs Lisp
Textualize/rich,hedyhli,39,hedyhli/cognate-playground,JavaScript
Textualize/rich,hedyhli,39,hedyhli/deno-datefmt,TypeScript
Textualize/rich,hedyhli,39,hedyhli/django-blog,JavaScript
Textualize/rich,hedyhli,39,hedyhli/dotfiles,Lua
Textualize/rich,hedyhli,39,hedyhli/elinks,C
Textualize/rich,hedyhli,39,hedyhli/gatsby-hello,JavaScript
Textualize/rich,hedyhli,39,hedyhli/gatsby-starter-blog,JavaScript
Textualize/rich,hedyhli,39,hedyhli/gby-contentful-blog,JavaScript
Textualize/rich,hedyhli,39,hedyhli/gelim,Go
Textualize/rich,althonos,29,althonos/2ccng,Makefile
Textualize/rich,althonos,29,althonos/animelogos,Makefile
Textualize/rich,althonos,29,althonos/BioArchLinux-Packages,Shell
Textualize/rich,althonos,29,althonos/blanket,Rust
Textualize/rich,althonos,29,althonos/cksfv.rs,Rust
Textualize/rich,althonos,29,althonos/config.fish,Shell
Textualize/rich,althonos,29,althonos/diced,Rust
Textualize/rich,althonos,29,althonos/embedded-picofont,Rust
Textualize/rich,althonos,29,althonos/flips.rs,Rust
Textualize/rich,althonos,29,althonos/horned-owl,Rust
Textualize/rich,althonos,29,althonos/IAO,Common Lisp
Textualize/rich,althonos,29,althonos/iocursor,C
Textualize/rich,althonos,29,althonos/kmachine,Rust
Textualize/rich,althonos,29,althonos/kodama,Rust
Textualize/rich,toto6038,17,toto6038/astro-docs,MDX
Textualize/rich,toto6038,17,toto6038/Auto-alignment,TeX
Textualize/rich,toto6038,17,toto6038/docs,Vue
Textualize/rich,toto6038,17,toto6038/docusaurus,TypeScript
Textualize/rich,toto6038,17,toto6038/HandBrake,C
Textualize/rich,toto6038,17,toto6038/MonitorControl,Swift
Textualize/rich,toto6038,17,toto6038/Monitorian,C#
Textualize/rich,toto6038,17,toto6038/new-front-end,Vue
Textualize/rich,amartya-dev,16,amartya-dev/blog_golang,Go
Textualize/rich,amartya-dev,16,amartya-dev/bluehost-wordpress-plugin,JavaScript
Textualize/rich,amartya-dev,16,amartya-dev/chat_ui_circular_navigation,Dart
Textualize/rich,amartya-dev,16,amartya-dev/chat_ui_fluid,Dart
Textualize/rich,amartya-dev,16,amartya-dev/code-completion-gpt-extension,TypeScript
Textualize/rich,amartya-dev,16,amartya-dev/covid-19-crisis-communication,Dart
Textualize/rich,amartya-dev,16,amartya-dev/Database-system-B-plus-Trees,C++
Textualize/rich,amartya-dev,16,amartya-dev/dating-question,TypeScript
Textualize/rich,amartya-dev,16,amartya-dev/deep_learning,Jupyter Notebook
Textualize/rich,amartya-dev,16,amartya-dev/demystifying_medical_data,Jupyter Notebook
Textualize/rich,amartya-dev,16,amartya-dev/DRF-Boilerplate,JavaScript
Textualize/rich,amartya-dev,16,amartya-dev/ev-stations,Java
Textualize/rich,amartya-dev,16,amartya-dev/feature_selection,Jupyter Notebook
Textualize/rich,amartya-dev,16,amartya-dev/flutter-bloc,Dart
Textualize/rich,evantkchong,14,evantkchong/AICE,Jupyter Notebook
Textualize/rich,evantkchong,14,evantkchong/code-prettify,JavaScript
Textualize/rich,evantkchong,14,evantkchong/cs50,C
Textualize/rich,evantkchong,14,evantkchong/ctlearn,Jupyter Notebook
Textualize/rich,evantkchong,14,evantkchong/IndoorAudioClassifier,Jupyter Notebook
Textualize/rich,evantkchong,14,evantkchong/MagicSchoolBus,Jupyter Notebook
Textualize/rich,evantkchong,14,evantkchong/moltenmuffins.github.io,HTML
Textualize/rich,ptmcg,14,ptmcg/ovs,C
Textualize/rich,ptmcg,14,ptmcg/python-guide,Batchfile
Textualize/rich,ptmcg,14,ptmcg/python_tips,Jupyter Notebook
All-Hands-AI/OpenHands,xingyaoww,397,xingyaoww/AI_in_Finance,JavaScript
All-Hands-AI/OpenHands,xingyaoww,397,xingyaoww/auto_driving_car,Jupyter Notebook
All-Hands-AI/OpenHands,xingyaoww,397,xingyaoww/chain-of-thought-hub,Jupyter Notebook
All-Hands-AI/OpenHands,xingyaoww,397,xingyaoww/chat-ui,TypeScript
All-Hands-AI/OpenHands,xingyaoww,397,xingyaoww/code4struct,HTML
All-Hands-AI/OpenHands,xingyaoww,397,xingyaoww/d3,JavaScript
All-Hands-AI/OpenHands,rbren,377,rbren/actions-state-machine,Shell
All-Hands-AI/OpenHands,rbren,377,rbren/agda-frp-js,Agda
All-Hands-AI/OpenHands,rbren,377,rbren/age_map,JavaScript
All-Hands-AI/OpenHands,rbren,377,rbren/angular2-template,JavaScript
All-Hands-AI/OpenHands,rbren,377,rbren/angular6-template,TypeScript
All-Hands-AI/OpenHands,rbren,377,rbren/api-in-a-box,JavaScript
All-Hands-AI/OpenHands,rbren,377,rbren/api-spec-converter-browser,HTML
All-Hands-AI/OpenHands,rbren,377,rbren/apib2swagger,JavaScript
All-Hands-AI/OpenHands,rbren,377,rbren/APIs-guru.github.io,JavaScript
All-Hands-AI/OpenHands,rbren,377,rbren/astronvim-customization,Lua
All-Hands-AI/OpenHands,rbren,377,rbren/Audiolet,JavaScript
All-Hands-AI/OpenHands,rbren,377,rbren/authboss-clientstate,Go
All-Hands-AI/OpenHands,rbren,377,rbren/awesome-kubernetes,Makefile
All-Hands-AI/OpenHands,rbren,377,rbren/aws2openapi,JavaScript
All-Hands-AI/OpenHands,rbren,377,rbren/axon,JavaScript
All-Hands-AI/OpenHands,rbren,377,rbren/baml,Shell
All-Hands-AI/OpenHands,rbren,377,rbren/battle-hacks,JavaScript
All-Hands-AI/OpenHands,rbren,377,rbren/bb-asset-manager,JavaScript
All-Hands-AI/OpenHands,rbren,377,rbren/bbrennan-info,CSS
All-Hands-AI/OpenHands,rbren,377,rbren/bitnami-charts,Smarty
All-Hands-AI/OpenHands,amanape,216,amanape/character-ts,TypeScript
All-Hands-AI/OpenHands,amanape,216,amanape/od-lite,TypeScript
All-Hands-AI/OpenHands,amanape,216,amanape/od-lite-cli,TypeScript
All-Hands-AI/OpenHands,amanape,216,amanape/remix,TypeScript
All-Hands-AI/OpenHands,amanape,216,amanape/user-service-test-demo,TypeScript
All-Hands-AI/OpenHands,enyst,210,enyst/AI-playground,Jupyter Notebook
All-Hands-AI/OpenHands,enyst,210,enyst/choosealicense.com,CSS
All-Hands-AI/OpenHands,enyst,210,enyst/copyleft-next,Roff
All-Hands-AI/OpenHands,enyst,210,enyst/licensedb,JavaScript
All-Hands-AI/OpenHands,enyst,210,enyst/licenses,JavaScript
All-Hands-AI/OpenHands,enyst,210,enyst/LocalAI,C++
All-Hands-AI/OpenHands,enyst,210,enyst/MacClient,Swift
All-Hands-AI/OpenHands,enyst,210,enyst/microplay,Swift
All-Hands-AI/OpenHands,enyst,210,enyst/opendefinition,HTML
All-Hands-AI/OpenHands,tofarr,164,tofarr/AccountsServantHelper,JavaScript
All-Hands-AI/OpenHands,tofarr,164,tofarr/ash,TypeScript
All-Hands-AI/OpenHands,tofarr,164,tofarr/ewey,TypeScript
All-Hands-AI/OpenHands,tofarr,164,tofarr/EzCrud,Ruby
All-Hands-AI/OpenHands,tofarr,164,tofarr/Geomatics,Java
All-Hands-AI/OpenHands,tofarr,164,tofarr/geomey,TypeScript
All-Hands-AI/OpenHands,tofarr,164,tofarr/hollywood,JavaScript
All-Hands-AI/OpenHands,tofarr,164,tofarr/json-urley-js,TypeScript
All-Hands-AI/OpenHands,tofarr,164,tofarr/linkedin-oauth2,Ruby
All-Hands-AI/OpenHands,tofarr,164,tofarr/linkedin-v2,Ruby
All-Hands-AI/OpenHands,tofarr,164,tofarr/rails-scraper,Ruby
All-Hands-AI/OpenHands,tofarr,164,tofarr/saml_idp,Ruby
All-Hands-AI/OpenHands,tofarr,164,tofarr/TaskTracker,Ruby
All-Hands-AI/OpenHands,tofarr,164,tofarr/testy,TypeScript
All-Hands-AI/OpenHands,tofarr,164,tofarr/tofarr-cordova-plugin-print,Java
All-Hands-AI/OpenHands,tofarr,164,tofarr/tofarr-trails,TypeScript
All-Hands-AI/OpenHands,tofarr,164,tofarr/t_menu,JavaScript
All-Hands-AI/OpenHands,mamoodi,154,mamoodi/Test-Repo,Vue
All-Hands-AI/OpenHands,tobitege,127,tobitege/du-data-lib,Lua
All-Hands-AI/OpenHands,tobitege,127,tobitege/DU-Industry-Tool,C#
All-Hands-AI/OpenHands,tobitege,127,tobitege/DU-logger-viewer,Lua
All-Hands-AI/OpenHands,tobitege,127,tobitege/DU-LuaC-template,Lua
All-Hands-AI/OpenHands,tobitege,127,tobitege/du-saga,Lua
All-Hands-AI/OpenHands,tobitege,127,tobitege/du-utils,Lua
All-Hands-AI/OpenHands,tobitege,127,tobitege/du-yfs,Lua
All-Hands-AI/OpenHands,tobitege,127,tobitege/DU-yfs-tools,Lua
All-Hands-AI/OpenHands,tobitege,127,tobitege/dubuild,JavaScript
All-Hands-AI/OpenHands,tobitege,127,tobitege/FlowSharp,C#
All-Hands-AI/OpenHands,tobitege,127,tobitege/horizon1,Lua
All-Hands-AI/OpenHands,tobitege,127,tobitege/horizon2,Lua
All-Hands-AI/OpenHands,neubig,127,neubig/AlignmentTool,Java
All-Hands-AI/OpenHands,neubig,127,neubig/anlp-code,Jupyter Notebook
All-Hands-AI/OpenHands,neubig,127,neubig/cdec,C++
All-Hands-AI/OpenHands,neubig,127,neubig/ckylark,C++
All-Hands-AI/OpenHands,neubig,127,neubig/cmu-agent-workshop.github.io,MDX
All-Hands-AI/OpenHands,neubig,127,neubig/CommunityLM,Jupyter Notebook
All-Hands-AI/OpenHands,neubig,127,neubig/ducttape,Scala
All-Hands-AI/OpenHands,neubig,127,neubig/egret,C++
All-Hands-AI/OpenHands,neubig,127,neubig/globalutility,TeX
All-Hands-AI/OpenHands,neubig,127,neubig/howtocode-2017,Jupyter Notebook
All-Hands-AI/OpenHands,neubig,127,neubig/jbg-web,HTML
All-Hands-AI/OpenHands,neubig,127,neubig/kyfd,C++
All-Hands-AI/OpenHands,neubig,127,neubig/kylm,Java
All-Hands-AI/OpenHands,neubig,127,neubig/kytea,C++
All-Hands-AI/OpenHands,neubig,127,neubig/lader,C++
All-Hands-AI/OpenHands,neubig,127,neubig/lamtram,C++
All-Hands-AI/OpenHands,li-boxuan,119,li-boxuan/angular-cn,HTML
All-Hands-AI/OpenHands,li-boxuan,119,li-boxuan/blog,CSS
All-Hands-AI/OpenHands,li-boxuan,119,li-boxuan/checkstyle,Java
All-Hands-AI/OpenHands,li-boxuan,119,li-boxuan/devops,CSS
All-Hands-AI/OpenHands,li-boxuan,119,li-boxuan/docker-node-python-chrome,Dockerfile
All-Hands-AI/OpenHands,li-boxuan,119,li-boxuan/dynamo-cassandra-proxy,Java
All-Hands-AI/OpenHands,li-boxuan,119,li-boxuan/elasticsearch,Java
All-Hands-AI/OpenHands,li-boxuan,119,li-boxuan/final-year-project,CSS
All-Hands-AI/OpenHands,li-boxuan,119,li-boxuan/first-contributions,JavaScript
All-Hands-AI/OpenHands,li-boxuan,119,li-boxuan/gci-leaders,JavaScript
All-Hands-AI/OpenHands,li-boxuan,119,li-boxuan/gh-board,JavaScript
All-Hands-AI/OpenHands,li-boxuan,119,li-boxuan/git,C
All-Hands-AI/OpenHands,li-boxuan,119,li-boxuan/GSoCReport,CSS
xai-org/grok-1,ibab,3,ibab/babushk.in,Sass
xai-org/grok-1,ibab,3,ibab/bachelor-thesis,C++
xai-org/grok-1,ibab,3,ibab/beamertheme-manc,TeX
xai-org/grok-1,ibab,3,ibab/beamertheme-vertex,TeX
xai-org/grok-1,ibab,3,ibab/beautybot,CoffeeScript
xai-org/grok-1,ibab,3,ibab/ceres-mle,C++
xai-org/grok-1,ibab,3,ibab/cpp-template,CMake
xai-org/grok-1,ibab,3,ibab/cpp11-talk,TeX
xai-org/grok-1,ibab,3,ibab/demo-paper,TeX
xai-org/grok-1,ibab,3,ibab/dotfiles,Vim Script
xai-org/grok-1,ibab,3,ibab/everware-demo,Jupyter Notebook
xai-org/grok-1,ibab,3,ibab/everware-dimuon-example,Jupyter Notebook
xai-org/grok-1,ibab,3,ibab/first-analysis-steps,CSS
xai-org/grok-1,ibab,3,ibab/haskell-maildir,Haskell
xai-org/grok-1,ibab,3,ibab/haskell-optimize,Haskell
xai-org/grok-1,ibab,3,ibab/haskell-quantum,Haskell
xai-org/grok-1,syzymon,2,syzymon/asynC,C
xai-org/grok-1,syzymon,2,syzymon/eXplainableMachineLearning-2023,HTML
xai-org/grok-1,syzymon,2,syzymon/FuncImages,C++
xai-org/grok-1,syzymon,2,syzymon/JSQuiz,TypeScript
xai-org/grok-1,syzymon,2,syzymon/JSQuiz2,TypeScript
xai-org/grok-1,syzymon,2,syzymon/Lucyna,Java
xai-org/grok-1,syzymon,2,syzymon/nn-from-scratch,Jupyter Notebook
xai-org/grok-1,syzymon,2,syzymon/PetriNet,Java
xai-org/grok-1,syzymon,2,syzymon/radio-sk,C++
xai-org/grok-1,syzymon,2,syzymon/Roads,C
xai-org/grok-1,syzymon,2,syzymon/syzymon.github.io,HTML
xai-org/grok-1,syzymon,2,syzymon/testhttp-sk,C
xai-org/grok-1,syzymon,2,syzymon/wpf,OCaml
xai-org/grok-1,mane,1,mane/post-exploitation,C
xai-org/grok-1,mane,1,mane/Superalgos,JavaScript
xai-org/grok-1,garethpaul,1,garethpaul/airquality-android,Java
xai-org/grok-1,garethpaul,1,garethpaul/alarm-applewatch-app,Swift
xai-org/grok-1,garethpaul,1,garethpaul/alexa-hello-world,JavaScript
xai-org/grok-1,garethpaul,1,garethpaul/android-apps,Java
xai-org/grok-1,garethpaul,1,garethpaul/android-audio-recorder,Java
xai-org/grok-1,garethpaul,1,garethpaul/android-battery-level,Java
xai-org/grok-1,garethpaul,1,garethpaul/android-fridge-tablet,Java
xai-org/grok-1,garethpaul,1,garethpaul/android-hrm-sample,Java
xai-org/grok-1,garethpaul,1,garethpaul/android-ndksample,Makefile
xai-org/grok-1,garethpaul,1,garethpaul/android-search,Java
xai-org/grok-1,garethpaul,1,garethpaul/android-speaker,Java
xai-org/grok-1,garethpaul,1,garethpaul/android-tweet-shake,Java
xai-org/grok-1,garethpaul,1,garethpaul/android-wearmessageapi,Java
xai-org/grok-1,garethpaul,1,garethpaul/api-react-example,JavaScript
xai-org/grok-1,garethpaul,1,garethpaul/arkit-lacroix,C#
xai-org/grok-1,garethpaul,1,garethpaul/arlo,Swift
xai-org/grok-1,garethpaul,1,garethpaul/BrandCapture,C++
xai-org/grok-1,garethpaul,1,garethpaul/CameraApp,Java
xai-org/grok-1,garethpaul,1,garethpaul/cannonball-android,Java
xai-org/grok-1,garethpaul,1,garethpaul/chrome-blocker,JavaScript
xai-org/grok-1,garethpaul,1,garethpaul/continuous-cli-101,HTML
xai-org/grok-1,garethpaul,1,garethpaul/CrashlyticsForAndroidWear,Java
xai-org/grok-1,garethpaul,1,garethpaul/csharp-http-client,C#
xai-org/grok-1,lvelvee,1,lvelvee/bootswatch,HTML
xai-org/grok-1,lvelvee,1,lvelvee/ChatGPT-Web,Vue
xai-org/grok-1,lvelvee,1,lvelvee/dispoflare,TypeScript
xai-org/grok-1,lvelvee,1,lvelvee/DroidPlugin,Java
xai-org/grok-1,lvelvee,1,lvelvee/frpMgr,JavaScript
xai-org/grok-1,xSetech,1,xSetech/absdepfile,Rust
xai-org/grok-1,xSetech,1,xSetech/advent-of-code-2021,Rust
xai-org/grok-1,xSetech,1,xSetech/ares,C++
xai-org/grok-1,xSetech,1,xSetech/bashrc,Shell
xai-org/grok-1,xSetech,1,xSetech/gmake,C
xai-org/grok-1,xSetech,1,xSetech/go-math32,Go
xai-org/grok-1,xSetech,1,xSetech/linux-powermac-g5,C
xai-org/grok-1,xSetech,1,xSetech/n64-memory-map,Rust
xai-org/grok-1,xSetech,1,xSetech/n64-pac,Rust
xai-org/grok-1,xSetech,1,xSetech/openbios,C
xai-org/grok-1,xSetech,1,xSetech/OxForth,Rust
xai-org/grok-1,xSetech,1,xSetech/pbxprojopt,Rust
xai-org/grok-1,xSetech,1,xSetech/qemu,C
xai-org/grok-1,xSetech,1,xSetech/Raku,Rust
xai-org/grok-1,xSetech,1,xSetech/rust,Rust
xai-org/grok-1,xSetech,1,xSetech/soliloque-server,C
browser-use/browser-use,MagMueller,864,MagMueller/caflecter,Dart
browser-use/browser-use,MagMueller,864,MagMueller/FastFormFiller,JavaScript
browser-use/browser-use,MagMueller,864,MagMueller/IANNWTF,Jupyter Notebook
browser-use/browser-use,MagMueller,864,MagMueller/IntroToUnity,C#
browser-use/browser-use,MagMueller,864,MagMueller/king_of_live,Dart
browser-use/browser-use,MagMueller,864,MagMueller/MLHW,Jupyter Notebook
browser-use/browser-use,MagMueller,864,MagMueller/PMLR,Jupyter Notebook
browser-use/browser-use,MagMueller,864,MagMueller/Predict_Superconductivity_with_FastAi,Jupyter Notebook
browser-use/browser-use,MagMueller,864,MagMueller/Schach,Jupyter Notebook
browser-use/browser-use,MagMueller,864,MagMueller/Solar-Potential-Analysis-using-Semi-Supervised-Image-Segmentation,Jupyter Notebook
browser-use/browser-use,MagMueller,864,MagMueller/stargazers,Go
browser-use/browser-use,MagMueller,864,MagMueller/Synthetic-Data-Generation,Jupyter Notebook
browser-use/browser-use,MagMueller,864,MagMueller/TelegramFunctionPlotter,Jupyter Notebook
browser-use/browser-use,gregpr07,167,gregpr07/bigdata-exercises,Jupyter Notebook
browser-use/browser-use,gregpr07,167,gregpr07/boostseo-blog-preview,TypeScript
browser-use/browser-use,gregpr07,167,gregpr07/bridge-decoder,Go
browser-use/browser-use,gregpr07,167,gregpr07/bsc,Go
browser-use/browser-use,gregpr07,167,gregpr07/cheatsheet-pai,TeX
browser-use/browser-use,gregpr07,167,gregpr07/docs,MDX
browser-use/browser-use,gregpr07,167,gregpr07/fizikalniPraktikum2,HTML
browser-use/browser-use,gregpr07,167,gregpr07/FizikalniPraktikum4,Jupyter Notebook
browser-use/browser-use,gregpr07,167,gregpr07/FMF,TeX
browser-use/browser-use,gregpr07,167,gregpr07/fmf-dictionary-frontend,TypeScript
browser-use/browser-use,gregpr07,167,gregpr07/FMF-Essentials,Jupyter Notebook
browser-use/browser-use,gregpr07,167,gregpr07/Governance-Backend,TypeScript
browser-use/browser-use,gregpr07,167,gregpr07/lectureCutter,Jupyter Notebook
browser-use/browser-use,gregpr07,167,gregpr07/mafijski-praktikum,Jupyter Notebook
browser-use/browser-use,gregpr07,167,gregpr07/NeuralNetwork,Jupyter Notebook
browser-use/browser-use,gregpr07,167,gregpr07/portfolio,TypeScript
browser-use/browser-use,gregpr07,167,gregpr07/pyth-client-js,TypeScript
browser-use/browser-use,maticzav,37,maticzav/advent-of-code-2020,OCaml
browser-use/browser-use,maticzav,37,maticzav/apsizzivi,Java
browser-use/browser-use,maticzav,37,maticzav/creato,TypeScript
browser-use/browser-use,maticzav,37,maticzav/db-testing-pool,TypeScript
browser-use/browser-use,maticzav,37,maticzav/elm-heksagons,Elm
browser-use/browser-use,maticzav,37,maticzav/emma-cli,TypeScript
browser-use/browser-use,maticzav,37,maticzav/fish,Shell
browser-use/browser-use,maticzav,37,maticzav/gimb-events,TypeScript
browser-use/browser-use,maticzav,37,maticzav/github-tree,TypeScript
browser-use/browser-use,maticzav,37,maticzav/graphql-middleware,TypeScript
browser-use/browser-use,maticzav,37,maticzav/graphql-middleware-apollo-upload-server,TypeScript
browser-use/browser-use,maticzav,37,maticzav/graphql-middleware-forward-binding,TypeScript
browser-use/browser-use,maticzav,37,maticzav/graphql-server-file-upload-example,TypeScript
browser-use/browser-use,maticzav,37,maticzav/graphql-server-github-auth-example,TypeScript
browser-use/browser-use,maticzav,37,maticzav/graphql-shield,TypeScript
browser-use/browser-use,maticzav,37,maticzav/graphql-vs-rest,Elm
browser-use/browser-use,maticzav,37,maticzav/Hacktoberfest-Data-Structure-and-Algorithms,Java
browser-use/browser-use,maticzav,37,maticzav/huckleberry,HTML
browser-use/browser-use,maticzav,37,maticzav/ink-autocomplete,JavaScript
browser-use/browser-use,maticzav,37,maticzav/ink-table,TypeScript
browser-use/browser-use,maticzav,37,maticzav/kayu,TypeScript
browser-use/browser-use,k-w-lee,19,k-w-lee/-Child-or-Adult-Deep-Convo-Neural-Net,Jupyter Notebook
browser-use/browser-use,k-w-lee,19,k-w-lee/AI_Lockdown,Jupyter Notebook
browser-use/browser-use,k-w-lee,19,k-w-lee/ASEAN-Data-Science-Explorer-Competition,Jupyter Notebook
browser-use/browser-use,k-w-lee,19,k-w-lee/Big-Data-Components,Jupyter Notebook
browser-use/browser-use,k-w-lee,19,k-w-lee/comprehensive-evaluation-time-series,Jupyter Notebook
browser-use/browser-use,k-w-lee,19,k-w-lee/continent-clustering,Jupyter Notebook
browser-use/browser-use,k-w-lee,19,k-w-lee/Convolutional-Neural-Networks,Jupyter Notebook
browser-use/browser-use,k-w-lee,19,k-w-lee/emotion-classification,Jupyter Notebook
browser-use/browser-use,k-w-lee,19,k-w-lee/emotion_classifierx,Jupyter Notebook
browser-use/browser-use,k-w-lee,19,k-w-lee/Exam-Score-Visualisations-6-Types-,Jupyter Notebook
browser-use/browser-use,k-w-lee,19,k-w-lee/forecast_apple_stock,Jupyter Notebook
browser-use/browser-use,k-w-lee,19,k-w-lee/forecast_total_sales,Jupyter Notebook
browser-use/browser-use,k-w-lee,19,k-w-lee/Hyperparameter-Tuning-and-Optimization-for-Deep-Learning,Jupyter Notebook
browser-use/browser-use,k-w-lee,19,k-w-lee/In-Depth-8-Models-to-Predict-Rent-80-,Jupyter Notebook
browser-use/browser-use,k-w-lee,19,k-w-lee/Loan-Repayment-Challenge,HTML
browser-use/browser-use,k-w-lee,19,k-w-lee/ML-Models-Deployed-to-Website,Jupyter Notebook
browser-use/browser-use,shyam-king,12,shyam-king/2DGame-engine,C++
browser-use/browser-use,shyam-king,12,shyam-king/android-connect4,Java
browser-use/browser-use,shyam-king,12,shyam-king/android-DeathApp,Java
browser-use/browser-use,shyam-king,12,shyam-king/android-gravity,Java
browser-use/browser-use,shyam-king,12,shyam-king/android-projects,Java
browser-use/browser-use,shyam-king,12,shyam-king/android-tictactoe,Java
browser-use/browser-use,shyam-king,12,shyam-king/android_death,Java
browser-use/browser-use,shyam-king,12,shyam-king/arduino-musicBox,C++
browser-use/browser-use,shyam-king,12,shyam-king/arduino-rtc,C++
browser-use/browser-use,shyam-king,12,shyam-king/ArduinoMultimeter,C++
browser-use/browser-use,shyam-king,12,shyam-king/bmimeter,Java
browser-use/browser-use,shyam-king,12,shyam-king/breadbot,C++
browser-use/browser-use,shyam-king,12,shyam-king/CPP,C
browser-use/browser-use,shyam-king,12,shyam-king/critique,JavaScript
browser-use/browser-use,shyam-king,12,shyam-king/csoe-phishing-attack,HTML
browser-use/browser-use,shyam-king,12,shyam-king/csoe16-sha1-demo,JavaScript
browser-use/browser-use,shyam-king,12,shyam-king/daksh,C#
browser-use/browser-use,shyam-king,12,shyam-king/duet_js,JavaScript
browser-use/browser-use,shyam-king,12,shyam-king/eyantra2019,C
browser-use/browser-use,shyam-king,12,shyam-king/hash-library,C++
browser-use/browser-use,shyam-king,12,shyam-king/image-library,C++
browser-use/browser-use,shyam-king,12,shyam-king/java,Java
browser-use/browser-use,shyam-king,12,shyam-king/libbmp,C++
browser-use/browser-use,Malik-Talha,9,Malik-Talha/concrete-strength-estimator-NN,Jupyter Notebook
browser-use/browser-use,Malik-Talha,9,Malik-Talha/Pakistan_Ecommerce_EDA,Jupyter Notebook
browser-use/browser-use,PaperBoardOfficial,8,PaperBoardOfficial/dyte-assignment,JavaScript
browser-use/browser-use,PaperBoardOfficial,8,PaperBoardOfficial/pomospace,TypeScript
browser-use/browser-use,PaperBoardOfficial,8,PaperBoardOfficial/repomix,TypeScript
browser-use/browser-use,PaperBoardOfficial,8,PaperBoardOfficial/scalex-assignment,Go
browser-use/browser-use,PaperBoardOfficial,8,PaperBoardOfficial/superglue,TypeScript
browser-use/browser-use,VATALU,8,VATALU/dotfiles,PowerShell
browser-use/browser-use,VATALU,8,VATALU/elasticsearch,Java
browser-use/browser-use,VATALU,8,VATALU/fundata-java-sdk,Java
browser-use/browser-use,VATALU,8,VATALU/GPT-4V-Act,JavaScript
browser-use/browser-use,VATALU,8,VATALU/java-design-patterns,Java
browser-use/browser-use,VATALU,8,VATALU/leetcode_solution,Java
browser-use/browser-use,VATALU,8,VATALU/obsessive,Java
browser-use/browser-use,VATALU,8,VATALU/openbilibili-go-common-1,Go
browser-use/browser-use,VATALU,8,VATALU/OpenDotaAPIWrapper,Java
browser-use/browser-use,VATALU,8,VATALU/scoop,PowerShell
browser-use/browser-use,VATALU,8,VATALU/Sentinel,Java
browser-use/browser-use,VATALU,8,VATALU/socketdemo,Java
browser-use/browser-use,VATALU,8,VATALU/sockjs-client,JavaScript
browser-use/browser-use,VATALU,8,VATALU/thrift-demo,Java
browser-use/browser-use,VATALU,8,VATALU/webmagic,Java
browser-use/browser-use,VATALU,8,VATALU/winapshot,PowerShell
browser-use/browser-use,Cfomodz,6,Cfomodz/cgm-remote-monitor,JavaScript
browser-use/browser-use,Cfomodz,6,Cfomodz/ChaosLeagueLiveOS,C#
browser-use/browser-use,Cfomodz,6,Cfomodz/chatgpt-clone-gpt4,JavaScript
browser-use/browser-use,Cfomodz,6,Cfomodz/docs,Makefile
PaddlePaddle/PaddleOCR,LDOUBLEV,1251,LDOUBLEV/book,HTML
PaddlePaddle/PaddleOCR,LDOUBLEV,1251,LDOUBLEV/DCGAN-tensorflow,JavaScript
PaddlePaddle/PaddleOCR,WenmuZhou,1123,WenmuZhou/baiduyun_deeplearning_competition,Jupyter Notebook
PaddlePaddle/PaddleOCR,WenmuZhou,1123,WenmuZhou/dl_docker,Dockerfile
PaddlePaddle/PaddleOCR,WenmuZhou,1123,WenmuZhou/edit-distance,Rust
PaddlePaddle/PaddleOCR,WenmuZhou,1123,WenmuZhou/FOTS,C++
PaddlePaddle/PaddleOCR,MissPenguin,733,MissPenguin/caffe,C++
PaddlePaddle/PaddleOCR,tink2123,500,tink2123/book,HTML
PaddlePaddle/PaddleOCR,tink2123,500,tink2123/deep-learning-with-keras-notebooks,Jupyter Notebook
PaddlePaddle/PaddleOCR,tink2123,500,tink2123/Paddle,C++
PaddlePaddle/PaddleOCR,tink2123,500,tink2123/paddle-mobile,C++
PaddlePaddle/PaddleOCR,tink2123,500,tink2123/PaddlePaddle.org,HTML
PaddlePaddle/PaddleOCR,dyning,459,dyning/FluidDoc,Shell
PaddlePaddle/PaddleOCR,Evezerest,447,Evezerest/awesome-DeepLearning,Jupyter Notebook
PaddlePaddle/PaddleOCR,Evezerest,447,Evezerest/community,Jupyter Notebook
PaddlePaddle/PaddleOCR,Evezerest,447,Evezerest/PaddleAssignment,Jupyter Notebook
PaddlePaddle/PaddleOCR,andyjiang1116,328,andyjiang1116/Paddle,C++
PaddlePaddle/PaddleOCR,littletomatodonkey,210,littletomatodonkey/AwesomeEditTools,C++
PaddlePaddle/PaddleOCR,littletomatodonkey,210,littletomatodonkey/EmailAutoLogin,C#
PaddlePaddle/PaddleOCR,littletomatodonkey,210,littletomatodonkey/FluidDoc,Shell
PaddlePaddle/PaddleOCR,littletomatodonkey,210,littletomatodonkey/javaPractice,Java
PaddlePaddle/PaddleOCR,littletomatodonkey,210,littletomatodonkey/leetcode_cpp,C++
PaddlePaddle/PaddleOCR,littletomatodonkey,210,littletomatodonkey/littletomatodonkey.github.io,HTML
PaddlePaddle/PaddleOCR,littletomatodonkey,210,littletomatodonkey/ml_practice,HTML
PaddlePaddle/PaddleOCR,littletomatodonkey,210,littletomatodonkey/mnist_triplet_loss,Jupyter Notebook
PaddlePaddle/PaddleOCR,littletomatodonkey,210,littletomatodonkey/Paddle,C++
PaddlePaddle/PaddleOCR,Topdu,107,Topdu/C-Elevator,C
PaddlePaddle/PaddleOCR,Topdu,107,Topdu/caffe-windows-TextBoxes,C++
PaddlePaddle/PaddleOCR,Topdu,107,Topdu/community,Jupyter Notebook
PaddlePaddle/PaddleOCR,Topdu,107,Topdu/Helloworld,C++
PaddlePaddle/PaddleOCR,Topdu,107,Topdu/my-wxxiaochengxu,JavaScript
PaddlePaddle/PaddleOCR,Topdu,107,Topdu/wafer2-node-sdk,JavaScript
PaddlePaddle/PaddleOCR,D-DanielYang,87,D-DanielYang/PaddleOCR,C++
charlax/professional-programming,charlax,307,charlax/applescript.vim,VimL
charlax/professional-programming,charlax,307,charlax/axios,JavaScript
charlax/professional-programming,charlax,307,charlax/charlax.github.io,HTML
charlax/professional-programming,charlax,307,charlax/cloc,Perl
charlax/professional-programming,charlax,307,charlax/dotfiles,Vim Script
charlax/professional-programming,charlax,307,charlax/dotvim,Vim script
charlax/professional-programming,charlax,307,charlax/engineering-management,Shell
charlax/professional-programming,charlax,307,charlax/entrepreneurship-resources,JavaScript
charlax/professional-programming,Glyphack,3,Glyphack/30cc,C
charlax/professional-programming,Glyphack,3,Glyphack/Adv360-Pro-ZMK,Makefile
charlax/professional-programming,Glyphack,3,Glyphack/advent-of-code-2024,Lua
charlax/professional-programming,Glyphack,3,Glyphack/AoC-2023,Lua
charlax/professional-programming,Glyphack,3,Glyphack/AP,C++
charlax/professional-programming,Glyphack,3,Glyphack/assembly-notes,HTML
charlax/professional-programming,Glyphack,3,Glyphack/assembly-problems,Assembly
charlax/professional-programming,Glyphack,3,Glyphack/bcs-mathematics-ut-tehran,Mathematica
charlax/professional-programming,Glyphack,3,Glyphack/cdk-aws-ec2-efs,TypeScript
charlax/professional-programming,Glyphack,3,Glyphack/cdk-monitoring-constructs,TypeScript
charlax/professional-programming,Glyphack,3,Glyphack/cockroach,Go
charlax/professional-programming,Glyphack,3,Glyphack/crawler,Go
charlax/professional-programming,Glyphack,3,Glyphack/DistChallenge,Go
charlax/professional-programming,laithshadeed,3,laithshadeed/8cc,C
charlax/professional-programming,laithshadeed,3,laithshadeed/8cc.vim,Vim script
charlax/professional-programming,laithshadeed,3,laithshadeed/async-fizz,JavaScript
charlax/professional-programming,laithshadeed,3,laithshadeed/awesome-deep-learning-papers,TeX
charlax/professional-programming,laithshadeed,3,laithshadeed/boomerang,JavaScript
charlax/professional-programming,laithshadeed,3,laithshadeed/conduit-laravel,PHP
charlax/professional-programming,laithshadeed,3,laithshadeed/conduit-rails,Ruby
charlax/professional-programming,laithshadeed,3,laithshadeed/dir-walk,JavaScript
charlax/professional-programming,laithshadeed,3,laithshadeed/docker-selenium,Shell
charlax/professional-programming,laithshadeed,3,laithshadeed/dotfiles,VimL
charlax/professional-programming,laithshadeed,3,laithshadeed/drupal7_module,PHP
charlax/professional-programming,laithshadeed,3,laithshadeed/EPIJudge,C++
charlax/professional-programming,laithshadeed,3,laithshadeed/expression-tree,Java
charlax/professional-programming,laithshadeed,3,laithshadeed/filesystem,C++
charlax/professional-programming,laithshadeed,3,laithshadeed/find-hash,C
charlax/professional-programming,laithshadeed,3,laithshadeed/GildedRose-Refactoring-Kata,C++
charlax/professional-programming,laithshadeed,3,laithshadeed/hacker-rank,PHP
charlax/professional-programming,laithshadeed,3,laithshadeed/hhvm,C++
charlax/professional-programming,laithshadeed,3,laithshadeed/hub,Go
charlax/professional-programming,laithshadeed,3,laithshadeed/invite-app,Crystal
charlax/professional-programming,laithshadeed,3,laithshadeed/janus,Vim Script
charlax/professional-programming,0xflotus,2,0xflotus/0xpom-cli,JavaScript
charlax/professional-programming,0xflotus,2,0xflotus/24pullrequests,Ruby
charlax/professional-programming,0xflotus,2,0xflotus/Acid,C++
charlax/professional-programming,0xflotus,2,0xflotus/adv-faas-tutorial,Java
charlax/professional-programming,0xflotus,2,0xflotus/airtap,JavaScript
charlax/professional-programming,0xflotus,2,0xflotus/alasql,JavaScript
charlax/professional-programming,0xflotus,2,0xflotus/alex,JavaScript
charlax/professional-programming,0xflotus,2,0xflotus/algebraic-effects,JavaScript
charlax/professional-programming,0xflotus,2,0xflotus/Algojammer,C++
charlax/professional-programming,0xflotus,2,0xflotus/all-contributors,HTML
charlax/professional-programming,0xflotus,2,0xflotus/amazon-neptune-samples,JavaScript
charlax/professional-programming,guiambros,2,guiambros/bashmarks,Shell
charlax/professional-programming,guiambros,2,guiambros/DarkHacker,CSS
charlax/professional-programming,guiambros,2,guiambros/docker-bc-seedtool-cli,Dockerfile
charlax/professional-programming,guiambros,2,guiambros/freegeoip,Go
charlax/professional-programming,guiambros,2,guiambros/HNMarkAllRead,JavaScript
charlax/professional-programming,guiambros,2,guiambros/libratbag,C
charlax/professional-programming,guiambros,2,guiambros/particle-neopixel,C++
charlax/professional-programming,guiambros,2,guiambros/professional-programming,Shell
charlax/professional-programming,guiambros,2,guiambros/silent-mouse,Shell
charlax/professional-programming,guiambros,2,guiambros/simple_dqn,HTML
charlax/professional-programming,guiambros,2,guiambros/smartthings,Groovy
charlax/professional-programming,guiambros,2,guiambros/tensorflow,C++
charlax/professional-programming,guiambros,2,guiambros/unique_tabs,JavaScript
charlax/professional-programming,guiambros,2,guiambros/vidcat,Shell
charlax/professional-programming,jdegand,2,jdegand/3-column-preview-card-component,HTML
charlax/professional-programming,jdegand,2,jdegand/404-not-found,CSS
charlax/professional-programming,jdegand,2,jdegand/ableton,HTML
charlax/professional-programming,jdegand,2,jdegand/ada-school-csv-reader-java,Java
charlax/professional-programming,jdegand,2,jdegand/ada-school-frontend-challenge,TypeScript
charlax/professional-programming,jdegand,2,jdegand/advice-generator-app,CSS
charlax/professional-programming,jdegand,2,jdegand/age-calculator-app,TypeScript
charlax/professional-programming,jdegand,2,jdegand/angular-17-dictionary-app,TypeScript
charlax/professional-programming,jdegand,2,jdegand/angular-auth,TypeScript
charlax/professional-programming,jdegand,2,jdegand/angular-cat-wiki,TypeScript
charlax/professional-programming,jdegand,2,jdegand/angular-challenges,TypeScript
charlax/professional-programming,jdegand,2,jdegand/angular-checklist,TypeScript
charlax/professional-programming,jdegand,2,jdegand/angular-dictionary-app,TypeScript
charlax/professional-programming,jdegand,2,jdegand/angular-futurama-wiki,TypeScript
charlax/professional-programming,jdegand,2,jdegand/angular-hub,TypeScript
charlax/professional-programming,jdegand,2,jdegand/angular-multi-step-form,HTML
charlax/professional-programming,jdegand,2,jdegand/angular-pipes,TypeScript
charlax/professional-programming,jdegand,2,jdegand/angular-polyfill,TypeScript
charlax/professional-programming,jdegand,2,jdegand/angular-realworld-example-app,TypeScript
charlax/professional-programming,jdegand,2,jdegand/angular-register-tut,TypeScript
charlax/professional-programming,jdegand,2,jdegand/angular-weather-app,HTML
charlax/professional-programming,jdegand,2,jdegand/api-try-out,JavaScript
charlax/professional-programming,jdegand,2,jdegand/article-preview-component,CSS
charlax/professional-programming,jdegand,2,jdegand/async-you-exercises,JavaScript
charlax/professional-programming,jdegand,2,jdegand/auth0-basic-example,JavaScript
charlax/professional-programming,jdegand,2,jdegand/authentication-basics,JavaScript
charlax/professional-programming,jdegand,2,jdegand/awesome-angular,HTML
charlax/professional-programming,jdegand,2,jdegand/awesome-github-profile-readme-templates,HTML
charlax/professional-programming,prasaadk,2,prasaadk/.emacs.d,Emacs Lisp
charlax/professional-programming,prasaadk,2,prasaadk/binary-genetic-algorithm,Clojure
charlax/professional-programming,prasaadk,2,prasaadk/clj-game-of-life,Clojure
charlax/professional-programming,prasaadk,2,prasaadk/clojure-ants-simulation,Clojure
charlax/professional-programming,prasaadk,2,prasaadk/clojure-koans,Clojure
charlax/professional-programming,prasaadk,2,prasaadk/clojure-web-db-app,Clojure
charlax/professional-programming,prasaadk,2,prasaadk/ClusteredJena,Java
charlax/professional-programming,prasaadk,2,prasaadk/compojure-api-examples,Clojure
charlax/professional-programming,prasaadk,2,prasaadk/construction-formula-app,JavaScript
charlax/professional-programming,prasaadk,2,prasaadk/day-of-datomic,Clojure
charlax/professional-programming,prasaadk,2,prasaadk/disruptor,Java
charlax/professional-programming,prasaadk,2,prasaadk/findaukvisasponsor,JavaScript
charlax/professional-programming,prasaadk,2,prasaadk/fp-in-scala,Scala
charlax/professional-programming,prasaadk,2,prasaadk/java-game-of-life,Java
charlax/professional-programming,prasaadk,2,prasaadk/lang-gen,Clojure
charlax/professional-programming,prasaadk,2,prasaadk/movieandmusic,Java
charlax/professional-programming,prasaadk,2,prasaadk/nhs-search,Clojure
charlax/professional-programming,prasaadk,2,prasaadk/professional-programming,Shell
charlax/professional-programming,prasaadk,2,prasaadk/QuestionAnswer,Java
charlax/professional-programming,prasaadk,2,prasaadk/renjin,Java
charlax/professional-programming,prasaadk,2,prasaadk/spark,Scala
charlax/professional-programming,prasaadk,2,prasaadk/spark-docker-localstack,Scala
charlax/professional-programming,prasaadk,2,prasaadk/WeatherApp,Java
charlax/professional-programming,Njoxpy,2,Njoxpy/30-Days-Of-bootstrap-,HTML
charlax/professional-programming,Njoxpy,2,Njoxpy/backend-development-journey,JavaScript
charlax/professional-programming,Njoxpy,2,Njoxpy/Calculator,C
charlax/professional-programming,Njoxpy,2,Njoxpy/Cpp-Learning-lab,C++
charlax/professional-programming,Njoxpy,2,Njoxpy/curlDel,HTML
charlax/professional-programming,Njoxpy,2,Njoxpy/dashboard,JavaScript
charlax/professional-programming,Njoxpy,2,Njoxpy/dayjs,JavaScript
charlax/professional-programming,Njoxpy,2,Njoxpy/Event-Management-System,JavaScript
charlax/professional-programming,Njoxpy,2,Njoxpy/FanHubStore-api,Go
charlax/professional-programming,Njoxpy,2,Njoxpy/Form,HTML
charlax/professional-programming,Njoxpy,2,Njoxpy/fumbakasa-blog,JavaScript
charlax/professional-programming,Njoxpy,2,Njoxpy/ggmu,JavaScript
charlax/professional-programming,Njoxpy,2,Njoxpy/Git-Lit,Shell
charlax/professional-programming,Njoxpy,2,Njoxpy/go,Go
charlax/professional-programming,Njoxpy,2,Njoxpy/go-calculator,Go
charlax/professional-programming,Njoxpy,2,Njoxpy/Golang_Learning_In_Swahili,Go
charlax/professional-programming,Njoxpy,2,Njoxpy/hotel-management-system,C++
charlax/professional-programming,Njoxpy,2,Njoxpy/HTML-Boilerplate,HTML
charlax/professional-programming,Njoxpy,2,Njoxpy/job-routes,JavaScript
charlax/professional-programming,Njoxpy,2,Njoxpy/js,JavaScript
charlax/professional-programming,Njoxpy,2,Njoxpy/js-arithmetic,HTML
charlax/professional-programming,Njoxpy,2,Njoxpy/jwt-authentication,Go
charlax/professional-programming,Njoxpy,2,Njoxpy/Kali-Linux-Starter-Pack-Swahili,Shell
charlax/professional-programming,Njoxpy,2,Njoxpy/Keep-Notes,C++
charlax/professional-programming,Njoxpy,2,Njoxpy/Kikoba,C++
charlax/professional-programming,Njoxpy,2,Njoxpy/Music-Downloading-Website,HTML
charlax/professional-programming,Njoxpy,2,Njoxpy/Najifunza-Java,Java
charlax/professional-programming,nelup20,1,nelup20/AdventOfCode,Java
charlax/professional-programming,nelup20,1,nelup20/angular,TypeScript
charlax/professional-programming,nelup20,1,nelup20/anki,Rust
charlax/professional-programming,nelup20,1,nelup20/Anki-Android,Kotlin
charlax/professional-programming,nelup20,1,nelup20/bruno,JavaScript
charlax/professional-programming,nelup20,1,nelup20/cryptomator,Java
charlax/professional-programming,nelup20,1,nelup20/data-structures-and-algorithms,Java
charlax/professional-programming,rvazquezglez,1,rvazquezglez/akka-workshop,Java
charlax/professional-programming,rvazquezglez,1,rvazquezglez/bitacoraip,JavaScript
charlax/professional-programming,rvazquezglez,1,rvazquezglez/bitacoraIpVs2010,JavaScript
charlax/professional-programming,rvazquezglez,1,rvazquezglez/calculator,JavaScript
charlax/professional-programming,rvazquezglez,1,rvazquezglez/campsite,Java
charlax/professional-programming,rvazquezglez,1,rvazquezglez/design-patterns-apprentice,Java
charlax/professional-programming,rvazquezglez,1,rvazquezglez/design-patterns-workshop,Java
charlax/professional-programming,rvazquezglez,1,rvazquezglez/drill-mongo-oid-date-function,Java
charlax/professional-programming,rvazquezglez,1,rvazquezglez/dropdownlistdemo,JavaScript
charlax/professional-programming,rvazquezglez,1,rvazquezglez/elixir-phoenix-workshop,JavaScript
charlax/professional-programming,rvazquezglez,1,rvazquezglez/eseenlinea,Mathematica
charlax/professional-programming,rvazquezglez,1,rvazquezglez/exercism-solutions,Clojure
charlax/professional-programming,rvazquezglez,1,rvazquezglez/halyard,Java
charlax/professional-programming,rvazquezglez,1,rvazquezglez/hiring-without-whiteboards,JavaScript
charlax/professional-programming,rvazquezglez,1,rvazquezglez/intellij-elixir,Java
charlax/professional-programming,rvazquezglez,1,rvazquezglez/JSF-validation,Java
charlax/professional-programming,rvazquezglez,1,rvazquezglez/JSFexercises,Java
charlax/professional-programming,rvazquezglez,1,rvazquezglez/Learning-Akka,Scala
charlax/professional-programming,rvazquezglez,1,rvazquezglez/LearningAkkaJava,Java
hacksider/Deep-Live-Cam,hacksider,184,hacksider/Alpha-Chronicles,JavaScript
hacksider/Deep-Live-Cam,hacksider,184,hacksider/asdf,CSS
hacksider/Deep-Live-Cam,hacksider,184,hacksider/chrome-extension-rss,JavaScript
hacksider/Deep-Live-Cam,hacksider,184,hacksider/docusign-quick-POC,JavaScript
hacksider/Deep-Live-Cam,KRSHH,142,KRSHH/swift-python-calc,Swift
hacksider/Deep-Live-Cam,vic4key,12,vic4key/AHK,AutoHotkey
hacksider/Deep-Live-Cam,vic4key,12,vic4key/ai-chatbot,TypeScript
hacksider/Deep-Live-Cam,vic4key,12,vic4key/algorithms_and_data_structures,C++
hacksider/Deep-Live-Cam,vic4key,12,vic4key/anti-cheat,C
hacksider/Deep-Live-Cam,vic4key,12,vic4key/AntiCheat,C++
hacksider/Deep-Live-Cam,vic4key,12,vic4key/api-samples,Java
hacksider/Deep-Live-Cam,vic4key,12,vic4key/args,C++
hacksider/Deep-Live-Cam,vic4key,12,vic4key/async,PHP
hacksider/Deep-Live-Cam,vic4key,12,vic4key/async-socket-example,C++
hacksider/Deep-Live-Cam,vic4key,12,vic4key/autopy,Rust
hacksider/Deep-Live-Cam,pereiraroland26,7,pereiraroland26/flink-max-temps,Scala
hacksider/Deep-Live-Cam,kier007,6,kier007/AdonisWebsite,HTML
hacksider/Deep-Live-Cam,kier007,6,kier007/angelmingming,HTML
hacksider/Deep-Live-Cam,kier007,6,kier007/jazanniv.github.io,HTML
hacksider/Deep-Live-Cam,kier007,6,kier007/jazflower.github.io,HTML
hacksider/Deep-Live-Cam,kier007,6,kier007/jazletter,HTML
hacksider/Deep-Live-Cam,kier007,6,kier007/jazvalentines.github.io,JavaScript
hacksider/Deep-Live-Cam,Highpressure,3,Highpressure/gqrx_fork,C++
hacksider/Deep-Live-Cam,Highpressure,3,Highpressure/ioBroker.go-e-with-MQTT,JavaScript
hacksider/Deep-Live-Cam,Highpressure,3,Highpressure/ioBroker.milight,JavaScript
hacksider/Deep-Live-Cam,Highpressure,3,Highpressure/iobroker.samsung2016,JavaScript
hacksider/Deep-Live-Cam,Highpressure,3,Highpressure/ioBroker.vuplus,JavaScript
hacksider/Deep-Live-Cam,Highpressure,3,Highpressure/pcsc-tools,Perl
hacksider/Deep-Live-Cam,Highpressure,3,Highpressure/proxmark3,C
hacksider/Deep-Live-Cam,Highpressure,3,Highpressure/siriproxy-Eyelp,Ruby
hacksider/Deep-Live-Cam,Highpressure,3,Highpressure/SiriProxy-SiriIMDB,Ruby
hacksider/Deep-Live-Cam,Highpressure,3,Highpressure/vulnerable-node,JavaScript
hacksider/Deep-Live-Cam,underlines,3,underlines/20sec,JavaScript
hacksider/Deep-Live-Cam,underlines,3,underlines/google-tag-manager,HTML
hacksider/Deep-Live-Cam,underlines,3,underlines/Insurgency_Sandstorm_Server,Batchfile
hacksider/Deep-Live-Cam,underlines,3,underlines/reverse-a-list-of-integers,HTML
hacksider/Deep-Live-Cam,carpusherw,2,carpusherw/dotfiles,Shell
hacksider/Deep-Live-Cam,carpusherw,2,carpusherw/poc-eda,HCL
hacksider/Deep-Live-Cam,carpusherw,2,carpusherw/userscripts,JavaScript
hacksider/Deep-Live-Cam,vietjovi,2,vietjovi/fuzzdb,PHP
hacksider/Deep-Live-Cam,vietjovi,2,vietjovi/my-everything,Shell
hacksider/Deep-Live-Cam,vietjovi,2,vietjovi/osqa-nuxeo-skin,JavaScript
hacksider/Deep-Live-Cam,vietjovi,2,vietjovi/perf-tools,Shell
hacksider/Deep-Live-Cam,vietjovi,2,vietjovi/ssh-copy-id-for-OSX,Shell
minimaxir/big-list-of-naughty-strings,minimaxir,135,minimaxir/agdq-2016,Jupyter Notebook
minimaxir/big-list-of-naughty-strings,minimaxir,135,minimaxir/amazon-spark,HTML
minimaxir/big-list-of-naughty-strings,minimaxir,135,minimaxir/apps,HTML
minimaxir/big-list-of-naughty-strings,minimaxir,135,minimaxir/bootstrap-resample-notebook,R
minimaxir/big-list-of-naughty-strings,minimaxir,135,minimaxir/breach-network,HTML
minimaxir/big-list-of-naughty-strings,minimaxir,135,minimaxir/char-tsne-visualization,HTML
minimaxir/big-list-of-naughty-strings,minimaxir,135,minimaxir/chatgpt-structured-data,Jupyter Notebook
minimaxir/big-list-of-naughty-strings,minimaxir,135,minimaxir/chatgpt-tips-analysis,Jupyter Notebook
minimaxir/big-list-of-naughty-strings,minimaxir,135,minimaxir/chatgpt_api_test,Jupyter Notebook
minimaxir/big-list-of-naughty-strings,minimaxir,135,minimaxir/clickbait-cluster,HTML
minimaxir/big-list-of-naughty-strings,minimaxir,135,minimaxir/ctrl-gce,Shell
minimaxir/big-list-of-naughty-strings,minimaxir,135,minimaxir/deep-learning-cpu-gpu-benchmark,HTML
minimaxir/big-list-of-naughty-strings,minimaxir,135,minimaxir/developer-graphs,R
minimaxir/big-list-of-naughty-strings,minimaxir,135,minimaxir/facebook-keyword-regression-analysis,R
minimaxir/big-list-of-naughty-strings,jlennox,9,jlennox/6502,C#
minimaxir/big-list-of-naughty-strings,jlennox,9,jlennox/AsyncPostgresClient,C#
minimaxir/big-list-of-naughty-strings,jlennox,9,jlennox/Benchmarks,C#
minimaxir/big-list-of-naughty-strings,jlennox,9,jlennox/bird-rummy,TypeScript
minimaxir/big-list-of-naughty-strings,jlennox,9,jlennox/CILDisassembler,C#
minimaxir/big-list-of-naughty-strings,jlennox,9,jlennox/clumsy,C
minimaxir/big-list-of-naughty-strings,jlennox,9,jlennox/corefx,C#
minimaxir/big-list-of-naughty-strings,jlennox,9,jlennox/DisposableVisualizer,C#
minimaxir/big-list-of-naughty-strings,jlennox,9,jlennox/find2,C#
minimaxir/big-list-of-naughty-strings,jlennox,9,jlennox/HeartRate,C#
minimaxir/big-list-of-naughty-strings,jlennox,9,jlennox/IORing.net,C#
minimaxir/big-list-of-naughty-strings,jlennox,9,jlennox/LibYuvSharp,C#
minimaxir/big-list-of-naughty-strings,jlennox,9,jlennox/LOZ_Sharp,C#
minimaxir/big-list-of-naughty-strings,jlennox,9,jlennox/LOZ_Sharper,C#
minimaxir/big-list-of-naughty-strings,jlennox,9,jlennox/NvEncSharp,C
minimaxir/big-list-of-naughty-strings,jlennox,9,jlennox/PicoPi,C
minimaxir/big-list-of-naughty-strings,jlennox,9,jlennox/RandomAos,C#
minimaxir/big-list-of-naughty-strings,jlennox,9,jlennox/runtime,C#
minimaxir/big-list-of-naughty-strings,jlennox,9,jlennox/StringComparisonCompiler,C#
minimaxir/big-list-of-naughty-strings,jlennox,9,jlennox/VSCode-CustomDocumentWell,TypeScript
minimaxir/big-list-of-naughty-strings,jlennox,9,jlennox/WebWad,TypeScript
minimaxir/big-list-of-naughty-strings,l0b0,9,l0b0/advanced-shell-scripting-with-bash,JavaScript
minimaxir/big-list-of-naughty-strings,l0b0,9,l0b0/alejandra,Rust
minimaxir/big-list-of-naughty-strings,l0b0,9,l0b0/algorithms,C
minimaxir/big-list-of-naughty-strings,l0b0,9,l0b0/bevy,Rust
minimaxir/big-list-of-naughty-strings,l0b0,9,l0b0/blocks,OpenSCAD
minimaxir/big-list-of-naughty-strings,l0b0,9,l0b0/book-cover,OpenSCAD
minimaxir/big-list-of-naughty-strings,l0b0,9,l0b0/CERN-Central-Library-bookmark,Shell
minimaxir/big-list-of-naughty-strings,l0b0,9,l0b0/collatz,Rust
minimaxir/big-list-of-naughty-strings,l0b0,9,l0b0/cronlist,Rust
minimaxir/big-list-of-naughty-strings,l0b0,9,l0b0/cronlist.deb,C
minimaxir/big-list-of-naughty-strings,l0b0,9,l0b0/crumbling-beaker,OpenSCAD
minimaxir/big-list-of-naughty-strings,l0b0,9,l0b0/csv2zarafa-contacts,PHP
minimaxir/big-list-of-naughty-strings,l0b0,9,l0b0/cvsignore2svn,Shell
minimaxir/big-list-of-naughty-strings,l0b0,9,l0b0/darktable,C
minimaxir/big-list-of-naughty-strings,l0b0,9,l0b0/dcp2icc,C++
minimaxir/big-list-of-naughty-strings,l0b0,9,l0b0/diff-ignore-moved-lines,Shell
minimaxir/big-list-of-naughty-strings,l0b0,9,l0b0/difff,Shell
minimaxir/big-list-of-naughty-strings,06b,4,06b/a11y-checker,JavaScript
minimaxir/big-list-of-naughty-strings,06b,4,06b/accessibility,HTML
minimaxir/big-list-of-naughty-strings,06b,4,06b/accessibility-playbook,CSS
minimaxir/big-list-of-naughty-strings,06b,4,06b/accessible_modal_window,HTML
minimaxir/big-list-of-naughty-strings,06b,4,06b/agile,CSS
minimaxir/big-list-of-naughty-strings,06b,4,06b/arrispwgen,JavaScript
minimaxir/big-list-of-naughty-strings,06b,4,06b/audi-ui,JavaScript
minimaxir/big-list-of-naughty-strings,06b,4,06b/Awkward-Showcase,JavaScript
minimaxir/big-list-of-naughty-strings,06b,4,06b/baffle,JavaScript
minimaxir/big-list-of-naughty-strings,TheJambo,4,TheJambo/angular-realworld-example-app,TypeScript
minimaxir/big-list-of-naughty-strings,TheJambo,4,TheJambo/blockchain-to-spreadsheet,JavaScript
minimaxir/big-list-of-naughty-strings,TheJambo,4,TheJambo/Britcoin,C++
minimaxir/big-list-of-naughty-strings,TheJambo,4,TheJambo/browser-autofill-phishing,JavaScript
minimaxir/big-list-of-naughty-strings,TheJambo,4,TheJambo/ClearSpeak,JavaScript
minimaxir/big-list-of-naughty-strings,TheJambo,4,TheJambo/ClickJacking,HTML
minimaxir/big-list-of-naughty-strings,TheJambo,4,TheJambo/DiscordSoundboard,Java
minimaxir/big-list-of-naughty-strings,TheJambo,4,TheJambo/GlobalPatchNotes,CSS
minimaxir/big-list-of-naughty-strings,TheJambo,4,TheJambo/jbot,Java
minimaxir/big-list-of-naughty-strings,TheJambo,4,TheJambo/MiroBackup,Java
minimaxir/big-list-of-naughty-strings,TheJambo,4,TheJambo/oss2018,HTML
minimaxir/big-list-of-naughty-strings,TheJambo,4,TheJambo/oss2019,Jupyter Notebook
minimaxir/big-list-of-naughty-strings,TheJambo,4,TheJambo/ProxyMan,Shell
minimaxir/big-list-of-naughty-strings,TheJambo,4,TheJambo/qmk_firmware,C
minimaxir/big-list-of-naughty-strings,TheJambo,4,TheJambo/slack-dota-bot,Ruby
minimaxir/big-list-of-naughty-strings,TheJambo,4,TheJambo/Steam-Profile-Picture-Bot,Shell
minimaxir/big-list-of-naughty-strings,zackw,4,zackw/acmart,TeX
minimaxir/big-list-of-naughty-strings,zackw,4,zackw/active-geolocator,JavaScript
minimaxir/big-list-of-naughty-strings,zackw,4,zackw/euphemism-detection,TeX
minimaxir/big-list-of-naughty-strings,zackw,4,zackw/firefox-puppeteer,JavaScript
minimaxir/big-list-of-naughty-strings,zackw,4,zackw/firejail,C
minimaxir/big-list-of-naughty-strings,zackw,4,zackw/geoip-api-python,C
minimaxir/big-list-of-naughty-strings,zackw,4,zackw/html5-chardet,C
minimaxir/big-list-of-naughty-strings,zackw,4,zackw/infinitestimal,C
minimaxir/big-list-of-naughty-strings,zackw,4,zackw/libc,Rust
minimaxir/big-list-of-naughty-strings,zackw,4,zackw/Libevent,C
minimaxir/big-list-of-naughty-strings,zackw,4,zackw/libottery,C
minimaxir/big-list-of-naughty-strings,zackw,4,zackw/libsodium,C
minimaxir/big-list-of-naughty-strings,zackw,4,zackw/libxcrypt,C
minimaxir/big-list-of-naughty-strings,zackw,4,zackw/markdown-it-dollarmath,TypeScript
minimaxir/big-list-of-naughty-strings,dushmis,4,dushmis/500lines,JavaScript
minimaxir/big-list-of-naughty-strings,dushmis,4,dushmis/9t,Go
minimaxir/big-list-of-naughty-strings,dushmis,4,dushmis/addict,JavaScript
minimaxir/big-list-of-naughty-strings,dushmis,4,dushmis/AES-JAVA-iOS,Objective-C
minimaxir/big-list-of-naughty-strings,dushmis,4,dushmis/AESCrypt-ObjC,Objective-C
minimaxir/big-list-of-naughty-strings,dushmis,4,dushmis/AndroidChat,Java
minimaxir/big-list-of-naughty-strings,dushmis,4,dushmis/AnomalyDetection,R
minimaxir/big-list-of-naughty-strings,dushmis,4,dushmis/anon,JavaScript
minimaxir/big-list-of-naughty-strings,dushmis,4,dushmis/AnyBar,Objective-C
minimaxir/big-list-of-naughty-strings,dushmis,4,dushmis/Apktool,Java
minimaxir/big-list-of-naughty-strings,dushmis,4,dushmis/appengine-angular-gotodos,Go
minimaxir/big-list-of-naughty-strings,dushmis,4,dushmis/appengine-go,Go
minimaxir/big-list-of-naughty-strings,dushmis,4,dushmis/bdash,JavaScript
minimaxir/big-list-of-naughty-strings,dushmis,4,dushmis/BigDL,Scala
minimaxir/big-list-of-naughty-strings,dushmis,4,dushmis/blade,Java
minimaxir/big-list-of-naughty-strings,dushmis,4,dushmis/bone,Go
minimaxir/big-list-of-naughty-strings,dushmis,4,dushmis/BotBuilder,C#
minimaxir/big-list-of-naughty-strings,dushmis,4,dushmis/BotBuilder-Samples,C#
minimaxir/big-list-of-naughty-strings,joshuaduffy,2,joshuaduffy/joshuaduffy.github.io,TypeScript
minimaxir/big-list-of-naughty-strings,benpious,2,benpious/androidtool-mac,Swift
minimaxir/big-list-of-naughty-strings,benpious,2,benpious/AsyncOperators,Swift
minimaxir/big-list-of-naughty-strings,benpious,2,benpious/benpious.github.io,CSS
minimaxir/big-list-of-naughty-strings,benpious,2,benpious/Constraints,Swift
minimaxir/big-list-of-naughty-strings,benpious,2,benpious/DebugVisualization,Swift
minimaxir/big-list-of-naughty-strings,benpious,2,benpious/emacs-config,Emacs Lisp
minimaxir/big-list-of-naughty-strings,benpious,2,benpious/emacs-haskell-config,Emacs Lisp
minimaxir/big-list-of-naughty-strings,benpious,2,benpious/iOSTodoList,Objective-C
minimaxir/big-list-of-naughty-strings,benpious,2,benpious/KeyPathRecording,Swift
minimaxir/big-list-of-naughty-strings,benpious,2,benpious/learnxinyminutes-docs,HTML
minimaxir/big-list-of-naughty-strings,benpious,2,benpious/lottie-ios,Objective-C
minimaxir/big-list-of-naughty-strings,benpious,2,benpious/Mobius,Swift
minimaxir/big-list-of-naughty-strings,benpious,2,benpious/MoltenVK,Objective-C++
minimaxir/big-list-of-naughty-strings,benpious,2,benpious/ObjectiveCUtilities,Objective-C
minimaxir/big-list-of-naughty-strings,benpious,2,benpious/ornate2048,Objective-C
minimaxir/big-list-of-naughty-strings,benpious,2,benpious/shareslate,Objective-C
minimaxir/big-list-of-naughty-strings,benpious,2,benpious/SideScrollGame,Objective-C
minimaxir/big-list-of-naughty-strings,benpious,2,benpious/SVGKit,Objective-C
minimaxir/big-list-of-naughty-strings,xeroskiller,2,xeroskiller/AsciiArtFx,GLSL
minimaxir/big-list-of-naughty-strings,xeroskiller,2,xeroskiller/AutoHotkey.Interop,C#
minimaxir/big-list-of-naughty-strings,xeroskiller,2,xeroskiller/Babylon.js,JavaScript
minimaxir/big-list-of-naughty-strings,xeroskiller,2,xeroskiller/BatchRenderer,C#
minimaxir/big-list-of-naughty-strings,xeroskiller,2,xeroskiller/Boids,C#
minimaxir/big-list-of-naughty-strings,xeroskiller,2,xeroskiller/BudgetManagerWalkthrough,JavaScript
minimaxir/big-list-of-naughty-strings,xeroskiller,2,xeroskiller/CassowaryNET,C#
minimaxir/big-list-of-naughty-strings,xeroskiller,2,xeroskiller/CIESkyboxShaders,GLSL
minimaxir/big-list-of-naughty-strings,xeroskiller,2,xeroskiller/ColorSuite,C#
minimaxir/big-list-of-naughty-strings,xeroskiller,2,xeroskiller/CsvLibrary,C#
minimaxir/big-list-of-naughty-strings,xeroskiller,2,xeroskiller/DeferredAO,C#
minimaxir/big-list-of-naughty-strings,xeroskiller,2,xeroskiller/django-vagrant-env,VimL
minimaxir/big-list-of-naughty-strings,xeroskiller,2,xeroskiller/Enc,JavaScript
minimaxir/big-list-of-naughty-strings,xeroskiller,2,xeroskiller/FadeToSkybox,C#
minimaxir/big-list-of-naughty-strings,xeroskiller,2,xeroskiller/FantasyCritic,C#
minimaxir/big-list-of-naughty-strings,xeroskiller,2,xeroskiller/GalaxyBox,GLSL
minimaxir/big-list-of-naughty-strings,xeroskiller,2,xeroskiller/graphiql,JavaScript
minimaxir/big-list-of-naughty-strings,xeroskiller,2,xeroskiller/GyroCam,GLSL
minimaxir/big-list-of-naughty-strings,xeroskiller,2,xeroskiller/HexBokeh,GLSL
minimaxir/big-list-of-naughty-strings,xeroskiller,2,xeroskiller/hidden-tear,C#
Asabeneh/30-Days-Of-Python,Asabeneh,335,Asabeneh/10-days-of-git-and-github,HTML
Asabeneh/30-Days-Of-Python,Asabeneh,335,Asabeneh/30-Days-Of-HTML,HTML
Asabeneh/30-Days-Of-Python,Asabeneh,335,Asabeneh/30-Days-Of-JavaScript,JavaScript
Asabeneh/30-Days-Of-Python,Asabeneh,335,Asabeneh/30-Days-Of-React,JavaScript
Asabeneh/30-Days-Of-Python,Asabeneh,335,Asabeneh/advanced-python-march-2022,Jupyter Notebook
Asabeneh/30-Days-Of-Python,Asabeneh,335,Asabeneh/Angular,TypeScript
Asabeneh/30-Days-Of-Python,Asabeneh,335,Asabeneh/basic-node,JavaScript
Asabeneh/30-Days-Of-Python,Asabeneh,335,Asabeneh/Bootstrap,HTML
Asabeneh/30-Days-Of-Python,Asabeneh,335,Asabeneh/charts,JavaScript
Asabeneh/30-Days-Of-Python,Asabeneh,335,Asabeneh/client,JavaScript
Asabeneh/30-Days-Of-Python,Asabeneh,335,Asabeneh/countries,JavaScript
Asabeneh/30-Days-Of-Python,Asabeneh,335,Asabeneh/create-fullstack-app,Shell
Asabeneh/30-Days-Of-Python,Asabeneh,335,Asabeneh/D3.js_tutorial,HTML
Asabeneh/30-Days-Of-Python,Asabeneh,335,Asabeneh/data,TeX
Asabeneh/30-Days-Of-Python,Asabeneh,335,Asabeneh/data-analysis-with-python-autumn-2024,Jupyter Notebook
Asabeneh/30-Days-Of-Python,Asabeneh,335,Asabeneh/data-analysis-with-python-spring-2025,Jupyter Notebook
Asabeneh/30-Days-Of-Python,Asabeneh,335,Asabeneh/data-analysis-with-python-summer-2021,Jupyter Notebook
Asabeneh/30-Days-Of-Python,pkiczko,41,pkiczko/30-Days-Of-React,JavaScript
Asabeneh/30-Days-Of-Python,pkiczko,41,pkiczko/accounting,JavaScript
Asabeneh/30-Days-Of-Python,pkiczko,41,pkiczko/CodeAcademy,JavaScript
Asabeneh/30-Days-Of-Python,pkiczko,41,pkiczko/countries,HTML
Asabeneh/30-Days-Of-Python,pkiczko,41,pkiczko/FullstackOpen_HY_2020,JavaScript
Asabeneh/30-Days-Of-Python,pkiczko,41,pkiczko/gallery,JavaScript
Asabeneh/30-Days-Of-Python,pkiczko,41,pkiczko/JavaScriptRequests,JavaScript
Asabeneh/30-Days-Of-Python,pkiczko,41,pkiczko/pkiczko.github.io,JavaScript
Asabeneh/30-Days-Of-Python,pkiczko,41,pkiczko/projectI1,HTML
Asabeneh/30-Days-Of-Python,pkiczko,41,pkiczko/projectI2,CSS
Asabeneh/30-Days-Of-Python,pkiczko,41,pkiczko/projectI3,CSS
Asabeneh/30-Days-Of-Python,pkiczko,41,pkiczko/projectI4,HTML
Asabeneh/30-Days-Of-Python,pkiczko,41,pkiczko/projectI5,JavaScript
Asabeneh/30-Days-Of-Python,pkiczko,41,pkiczko/react-accBalance,JavaScript
Asabeneh/30-Days-Of-Python,pkiczko,41,pkiczko/react-countries,JavaScript
Asabeneh/30-Days-Of-Python,pkiczko,41,pkiczko/react-crypto_currency,JavaScript
Asabeneh/30-Days-Of-Python,thebigcicca,9,thebigcicca/awesome-go,Go
Asabeneh/30-Days-Of-Python,thebigcicca,9,thebigcicca/BeeCrowd,JavaScript
Asabeneh/30-Days-Of-Python,thebigcicca,9,thebigcicca/bgc-vim,Vim Script
Asabeneh/30-Days-Of-Python,thebigcicca,9,thebigcicca/ClaudiaIDE,C#
Asabeneh/30-Days-Of-Python,thebigcicca,9,thebigcicca/dashdaddy.vim,Vim Script
Asabeneh/30-Days-Of-Python,thebigcicca,9,thebigcicca/dotfiles,Emacs Lisp
Asabeneh/30-Days-Of-Python,thebigcicca,9,thebigcicca/fastvim,Lua
Asabeneh/30-Days-Of-Python,kjs1019,9,kjs1019/OS,C
Asabeneh/30-Days-Of-Python,jshyun1,8,jshyun1/Infocar-2022-AboutCar,Jupyter Notebook
Asabeneh/30-Days-Of-Python,jshyun1,8,jshyun1/jshyun1.github.io,SCSS
Asabeneh/30-Days-Of-Python,Archie818,4,Archie818/30-Days-Of-JavaScript,JavaScript
Asabeneh/30-Days-Of-Python,Archie818,4,Archie818/30-Days-Of-React,JavaScript
Asabeneh/30-Days-Of-Python,Archie818,4,Archie818/Archie,JavaScript
Asabeneh/30-Days-Of-Python,Archie818,4,Archie818/Blockchain-Marketplace,JavaScript
Asabeneh/30-Days-Of-Python,Archie818,4,Archie818/cat-token-box,TypeScript
Asabeneh/30-Days-Of-Python,Archie818,4,Archie818/defu,TypeScript
Asabeneh/30-Days-Of-Python,Archie818,4,Archie818/game-api-systems,Go
Asabeneh/30-Days-Of-Python,Archie818,4,Archie818/hypetribe,TypeScript
Asabeneh/30-Days-Of-Python,Archie818,4,Archie818/jobeasy,TypeScript
Asabeneh/30-Days-Of-Python,Archie818,4,Archie818/LearnWeb3OK,JavaScript
Asabeneh/30-Days-Of-Python,Archie818,4,Archie818/no-rug,TypeScript
Asabeneh/30-Days-Of-Python,Archie818,4,Archie818/React-challenge,JavaScript
Asabeneh/30-Days-Of-Python,Archie818,4,Archie818/RoboPunksNFT,JavaScript
Asabeneh/30-Days-Of-Python,Archie818,4,Archie818/Unibuddy-Engineering-interview-exercise,TypeScript
Asabeneh/30-Days-Of-Python,Rasbin,4,Rasbin/arrival-info-app,TypeScript
Asabeneh/30-Days-Of-Python,Rasbin,4,Rasbin/copy-correct-emoji-game,JavaScript
Asabeneh/30-Days-Of-Python,Rasbin,4,Rasbin/editable-list,JavaScript
Asabeneh/30-Days-Of-Python,Rasbin,4,Rasbin/form-validation,HTML
Asabeneh/30-Days-Of-Python,Rasbin,4,Rasbin/friend-tracker,JavaScript
Asabeneh/30-Days-Of-Python,Rasbin,4,Rasbin/game-hub,TypeScript
Asabeneh/30-Days-Of-Python,Rasbin,4,Rasbin/movirent,JavaScript
Asabeneh/30-Days-Of-Python,Rasbin,4,Rasbin/project_frozen_yogurt,CSS
Asabeneh/30-Days-Of-Python,Rasbin,4,Rasbin/react-chatbot,JavaScript
Asabeneh/30-Days-Of-Python,Rasbin,4,Rasbin/shopping-list-page,JavaScript
Asabeneh/30-Days-Of-Python,Rasbin,4,Rasbin/shopping-list-react,JavaScript
Asabeneh/30-Days-Of-Python,Rasbin,4,Rasbin/simple-add-delete-react,CSS
Asabeneh/30-Days-Of-Python,Rasbin,4,Rasbin/simple-contrast-calculator,JavaScript
Asabeneh/30-Days-Of-Python,Rasbin,4,Rasbin/simpleAPI,JavaScript
Asabeneh/30-Days-Of-Python,ShinYooJung,4,ShinYooJung/BaroJLPT,Java
Asabeneh/30-Days-Of-Python,ShinYooJung,4,ShinYooJung/BirthdayPostbox-BE,Java
Asabeneh/30-Days-Of-Python,ShinYooJung,4,ShinYooJung/GymRadar,Java
Asabeneh/30-Days-Of-Python,ShinYooJung,4,ShinYooJung/my-first-spring-boot-app-2,Java
Asabeneh/30-Days-Of-Python,ShinYooJung,4,ShinYooJung/my-weather-app,JavaScript
Asabeneh/30-Days-Of-Python,ShinYooJung,4,ShinYooJung/OOP,C++
Asabeneh/30-Days-Of-Python,ShinYooJung,4,ShinYooJung/react-springboot-rest-api,Java
Asabeneh/30-Days-Of-Python,ShinYooJung,4,ShinYooJung/TEEencrypt,C
Asabeneh/30-Days-Of-Python,ShinYooJung,4,ShinYooJung/unit-test-1week,Java
Asabeneh/30-Days-Of-Python,ShinYooJung,4,ShinYooJung/unit-test-2week,Java
Asabeneh/30-Days-Of-Python,Sumanth-Talluri,3,Sumanth-Talluri/Brain-Slices-Extraction,HTML
Asabeneh/30-Days-Of-Python,Sumanth-Talluri,3,Sumanth-Talluri/Clustering-DBSCAN,HTML
Asabeneh/30-Days-Of-Python,Sumanth-Talluri,3,Sumanth-Talluri/CS50-Web-Programming-with-Python-and-JavaScript,HTML
Asabeneh/30-Days-Of-Python,Sumanth-Talluri,3,Sumanth-Talluri/CS50w-Capstone,HTML
Asabeneh/30-Days-Of-Python,Sumanth-Talluri,3,Sumanth-Talluri/CS50w-Commerce,HTML
Asabeneh/30-Days-Of-Python,Sumanth-Talluri,3,Sumanth-Talluri/CS50w-Project0,HTML
Asabeneh/30-Days-Of-Python,Sumanth-Talluri,3,Sumanth-Talluri/Digit-Recognition-Android-App,Java
Asabeneh/30-Days-Of-Python,Sumanth-Talluri,3,Sumanth-Talluri/Digit-Recognition-App-with-Mobile-Offloading,Java
Asabeneh/30-Days-Of-Python,Sumanth-Talluri,3,Sumanth-Talluri/Elastic-Image-Recognition-Service-IaaS,Java
Asabeneh/30-Days-Of-Python,Sumanth-Talluri,3,Sumanth-Talluri/Marvel-Superwar-Tournament,HTML
Asabeneh/30-Days-Of-Python,Sumanth-Talluri,3,Sumanth-Talluri/Readers-Cabin,HTML
Asabeneh/30-Days-Of-Python,Sumanth-Talluri,3,Sumanth-Talluri/Rock-Paper-Scissors,HTML
Asabeneh/30-Days-Of-Python,Sumanth-Talluri,3,Sumanth-Talluri/Sumanth-Talluri.github.io,HTML
Asabeneh/30-Days-Of-Python,Sumanth-Talluri,3,Sumanth-Talluri/Web-Design-for-Everybody-Specialization,HTML
hiyouga/LLaMA-Factory,hiyouga,2137,hiyouga/AMP-Poster-Slides-LaTeX,TeX
hiyouga/LLaMA-Factory,hiyouga,2137,hiyouga/bilibili-parse,PHP
hiyouga/LLaMA-Factory,hiyouga,2137,hiyouga/buaa-counselor-order,JavaScript
hiyouga/LLaMA-Factory,hiyouga,2137,hiyouga/CPP-Learning,C++
hiyouga/LLaMA-Factory,hiyouga,2137,hiyouga/database-experiment,JavaScript
hiyouga/LLaMA-Factory,hiyouga,2137,hiyouga/digiC-experiment,Verilog
hiyouga/LLaMA-Factory,hiyouga,2137,hiyouga/getchu-proxy,PHP
hiyouga/LLaMA-Factory,hiyouga,2137,hiyouga/hiyouga-blog-project,TypeScript
hiyouga/LLaMA-Factory,BUAADreamer,129,BUAADreamer/Arduino_electronic_design_bymuller,C
hiyouga/LLaMA-Factory,BUAADreamer,129,BUAADreamer/BUAA-CO-2020,Assembly
hiyouga/LLaMA-Factory,BUAADreamer,129,BUAADreamer/BUAA-Compile-2021,Java
hiyouga/LLaMA-Factory,BUAADreamer,129,BUAADreamer/BUAA-ML-2021,Jupyter Notebook
hiyouga/LLaMA-Factory,BUAADreamer,129,BUAADreamer/BUAA-OO-Elevator-Simulator,ASP.NET
hiyouga/LLaMA-Factory,BUAADreamer,129,BUAADreamer/BUAADreamer-blog-hello,HTML
hiyouga/LLaMA-Factory,BUAADreamer,129,BUAADreamer/BUAAStar,JavaScript
hiyouga/LLaMA-Factory,BUAADreamer,129,BUAADreamer/BUAA_Course_Sharing,Mathematica
hiyouga/LLaMA-Factory,codemayq,61,codemayq/codemayq.github.io,HTML
hiyouga/LLaMA-Factory,marko1616,24,marko1616/binary-security,C++
hiyouga/LLaMA-Factory,marko1616,24,marko1616/cpp-learn,C++
hiyouga/LLaMA-Factory,marko1616,24,marko1616/LLM-Tagger,Vue
hiyouga/LLaMA-Factory,marko1616,24,marko1616/marko-riscv,Scala
hiyouga/LLaMA-Factory,marko1616,24,marko1616/tabby,TypeScript
hiyouga/LLaMA-Factory,marko1616,24,marko1616/xenia-canary,C++
hiyouga/LLaMA-Factory,Kuangdd01,21,Kuangdd01/CourseWork,Jupyter Notebook
hiyouga/LLaMA-Factory,Kuangdd01,21,Kuangdd01/Kuangdd01.github.io,HTML
hiyouga/LLaMA-Factory,Kuangdd01,21,Kuangdd01/problemList,C++
hiyouga/LLaMA-Factory,Zeyi-Lin,13,Zeyi-Lin/LLM-Finetune,Jupyter Notebook
hiyouga/LLaMA-Factory,Zeyi-Lin,13,Zeyi-Lin/NexusGate,TypeScript
hiyouga/LLaMA-Factory,Zeyi-Lin,13,Zeyi-Lin/self-llm,Jupyter Notebook
hiyouga/LLaMA-Factory,wangxingjun778,12,wangxingjun778/CoreNLP,Java
hiyouga/LLaMA-Factory,wangxingjun778,12,wangxingjun778/crfpp,Shell
hiyouga/LLaMA-Factory,wangxingjun778,12,wangxingjun778/DeepLearning,C++
hiyouga/LLaMA-Factory,wangxingjun778,12,wangxingjun778/DeepMind-Atari-Deep-Q-Learner,Lua
hiyouga/LLaMA-Factory,MengqingCao,11,MengqingCao/Ascend-docs,JavaScript
hiyouga/LLaMA-Factory,MengqingCao,11,MengqingCao/blog1,HTML
hiyouga/LLaMA-Factory,MengqingCao,11,MengqingCao/llama.cpp,C++
hiyouga/LLaMA-Factory,MengqingCao,11,MengqingCao/myBlog,HTML
hiyouga/LLaMA-Factory,MengqingCao,11,MengqingCao/opencv,C++
hiyouga/LLaMA-Factory,MengqingCao,11,MengqingCao/opencv_contrib_dvpp,C++
hiyouga/LLaMA-Factory,MengqingCao,11,MengqingCao/vllm-project.github.io,HTML
hiyouga/LLaMA-Factory,MengqingCao,11,MengqingCao/whisper.cpp,C
hiyouga/LLaMA-Factory,johannhartmann,10,johannhartmann/chinaguestbook,JavaScript
hiyouga/LLaMA-Factory,johannhartmann,10,johannhartmann/claude-php-strcmp95,C
hiyouga/LLaMA-Factory,johannhartmann,10,johannhartmann/elasticsearch-image,Java
hiyouga/LLaMA-Factory,johannhartmann,10,johannhartmann/emacs-starter-kit,Emacs Lisp
hiyouga/LLaMA-Factory,johannhartmann,10,johannhartmann/gattica,Ruby
hiyouga/LLaMA-Factory,johannhartmann,10,johannhartmann/ipc_devops,Ruby
hiyouga/LLaMA-Factory,johannhartmann,10,johannhartmann/jailhouse,C
hiyouga/LLaMA-Factory,johannhartmann,10,johannhartmann/kubephp-project-service,JavaScript
hiyouga/LLaMA-Factory,johannhartmann,10,johannhartmann/libholiday,PHP
hiyouga/LLaMA-Factory,johannhartmann,10,johannhartmann/mean-vagrant,Shell
hiyouga/LLaMA-Factory,johannhartmann,10,johannhartmann/open-webui,Svelte
pandas-dev/pandas,jbrockmendel,4844,jbrockmendel/monte_sims,Jupyter Notebook
pandas-dev/pandas,jbrockmendel,4844,jbrockmendel/pandas-release,Makefile
pandas-dev/pandas,jreback,4731,jreback/arrow,C++
pandas-dev/pandas,jreback,4731,jreback/arrow-cpp-feedstock,Shell
pandas-dev/pandas,jreback,4731,jreback/feather,C++
pandas-dev/pandas,jreback,4731,jreback/feather-format-feedstock,Shell
pandas-dev/pandas,jreback,4731,jreback/nbval,Jupyter Notebook
pandas-dev/pandas,jreback,4731,jreback/netcdf4-feedstock,Shell
pandas-dev/pandas,jreback,4731,jreback/numexpr-feedstock,Shell
pandas-dev/pandas,jreback,4731,jreback/pandas-ci,Shell
pandas-dev/pandas,jreback,4731,jreback/pandas-compat-feedstock,Shell
pandas-dev/pandas,jreback,4731,jreback/pandas-datareader,HTML
pandas-dev/pandas,jreback,4731,jreback/pandas-datareader-feedstock,Shell
pandas-dev/pandas,jreback,4731,jreback/pandas-demo,Jupyter Notebook
pandas-dev/pandas,jreback,4731,jreback/pandas-feedstock,Shell
pandas-dev/pandas,jreback,4731,jreback/pandas-gbq-feedstock,Shell
pandas-dev/pandas,jreback,4731,jreback/PandasTalks,Jupyter Notebook
pandas-dev/pandas,jreback,4731,jreback/parquet-cpp-feedstock,Shell
pandas-dev/pandas,wesm,3127,wesm/arrow,C++
pandas-dev/pandas,wesm,3127,wesm/arrow-1,TypeScript
pandas-dev/pandas,wesm,3127,wesm/arrow-cpp-feedstock,Shell
pandas-dev/pandas,wesm,3127,wesm/arrow-dist,Ruby
pandas-dev/pandas,wesm,3127,wesm/arrow-io-test,Shell
pandas-dev/pandas,wesm,3127,wesm/arrow-plasma-object-store,C++
pandas-dev/pandas,wesm,3127,wesm/arrow-rs,Rust
pandas-dev/pandas,wesm,3127,wesm/avro,Java
pandas-dev/pandas,wesm,3127,wesm/benchmark,C++
pandas-dev/pandas,wesm,3127,wesm/benchmark-feedstock,Shell
pandas-dev/pandas,wesm,3127,wesm/bitmaps-vs-sentinels,Jupyter Notebook
pandas-dev/pandas,wesm,3127,wesm/bootswatch,HTML
pandas-dev/pandas,wesm,3127,wesm/bottleneck-feedstock,Shell
pandas-dev/pandas,wesm,3127,wesm/brotli-feedstock,Shell
pandas-dev/pandas,wesm,3127,wesm/c-ares-feedstock,Shell
pandas-dev/pandas,wesm,3127,wesm/core,C
pandas-dev/pandas,jorisvandenbossche,1446,jorisvandenbossche/2016-VITO-jupyter-demo,Jupyter Notebook
pandas-dev/pandas,jorisvandenbossche,1446,jorisvandenbossche/2018-Bordeaux-pandas-course,Jupyter Notebook
pandas-dev/pandas,jorisvandenbossche,1446,jorisvandenbossche/2018_DigiCosme_Software_Day,CSS
pandas-dev/pandas,jorisvandenbossche,1446,jorisvandenbossche/arrow,C++
pandas-dev/pandas,jorisvandenbossche,1446,jorisvandenbossche/arrow-adbc,C#
pandas-dev/pandas,jorisvandenbossche,1446,jorisvandenbossche/arrow-docs-preview,HTML
pandas-dev/pandas,jorisvandenbossche,1446,jorisvandenbossche/arrow-nanoarrow,C
pandas-dev/pandas,jorisvandenbossche,1446,jorisvandenbossche/bootstrap,JavaScript
pandas-dev/pandas,jorisvandenbossche,1446,jorisvandenbossche/boston_housing,Jupyter Notebook
pandas-dev/pandas,jorisvandenbossche,1446,jorisvandenbossche/collaborative-development-workflow,Jupyter Notebook
pandas-dev/pandas,jorisvandenbossche,1446,jorisvandenbossche/conda-recipes,Batchfile
pandas-dev/pandas,jorisvandenbossche,1446,jorisvandenbossche/condacolab,Jupyter Notebook
pandas-dev/pandas,jorisvandenbossche,1446,jorisvandenbossche/contextily,Jupyter Notebook
pandas-dev/pandas,jorisvandenbossche,1446,jorisvandenbossche/contextily-feedstock,Shell
pandas-dev/pandas,jorisvandenbossche,1446,jorisvandenbossche/course_python_introduction,Jupyter Notebook
pandas-dev/pandas,mroeschke,1416,mroeschke/Fridge-Project,Jupyter Notebook
pandas-dev/pandas,phofl,1125,phofl/arrow,C++
pandas-dev/pandas,phofl,1125,phofl/dask-tutorial-pydata-nyc-2023,Jupyter Notebook
pandas-dev/pandas,phofl,1125,phofl/phofl.github.io,HTML
pandas-dev/pandas,phofl,1125,phofl/pydata-berlin,CSS
pandas-dev/pandas,TomAugspurger,655,TomAugspurger/aad-aks-terraform-test,HCL
pandas-dev/pandas,TomAugspurger,655,TomAugspurger/acon-2020-pandas,Jupyter Notebook
pandas-dev/pandas,TomAugspurger,655,TomAugspurger/ai4e-summit-2022,Jupyter Notebook
pandas-dev/pandas,TomAugspurger,655,TomAugspurger/allisons-blog,JavaScript
pandas-dev/pandas,TomAugspurger,655,TomAugspurger/altair,Jupyter Notebook
pandas-dev/pandas,TomAugspurger,655,TomAugspurger/aoc-rs-24,Rust
pandas-dev/pandas,TomAugspurger,655,TomAugspurger/arrow,C++
pandas-dev/pandas,TomAugspurger,655,TomAugspurger/blog-source,CSS
pandas-dev/pandas,simonjayhawkins,622,simonjayhawkins/pandas-wheels,Shell
pandas-dev/pandas,cpcloud,607,cpcloud/arrow,C++
pandas-dev/pandas,cpcloud,607,cpcloud/banyan,C++
pandas-dev/pandas,cpcloud,607,cpcloud/compare-commits-action,TypeScript
pandas-dev/pandas,cpcloud,607,cpcloud/compstat,Matlab
pandas-dev/pandas,cpcloud,607,cpcloud/duckdb,C++
pandas-dev/pandas,cpcloud,607,cpcloud/edgetpu,Rust
pandas-dev/pandas,cpcloud,607,cpcloud/exercism,Rust
pandas-dev/pandas,cpcloud,607,cpcloud/flake-dep-info-action,Nix
pandas-dev/pandas,cpcloud,607,cpcloud/flake-update-action,Nix
pandas-dev/pandas,cpcloud,607,cpcloud/libedgetpu,C++
pandas-dev/pandas,cpcloud,607,cpcloud/minesweep-rs,Rust
pandas-dev/pandas,cpcloud,607,cpcloud/niv-dep-info-action,Nix
pandas-dev/pandas,cpcloud,607,cpcloud/nixpkgs,Nix
pandas-dev/pandas,cpcloud,607,cpcloud/nixpkgs-toapp-poetry-repro,Nix
pandas-dev/pandas,gfyoung,460,gfyoung/alexaConsole,JavaScript
pandas-dev/pandas,gfyoung,460,gfyoung/AWAP-2014,C++
pandas-dev/pandas,gfyoung,460,gfyoung/basic-tts,JavaScript
pandas-dev/pandas,gfyoung,460,gfyoung/gameMedley,JavaScript
pandas-dev/pandas,gfyoung,460,gfyoung/trollProject,JavaScript
lllyasviel/Fooocus,lllyasviel,841,lllyasviel/AppearanceEraser,C++
lllyasviel/Fooocus,lllyasviel,841,lllyasviel/dragon-book-exercise-answers,HTML
lllyasviel/Fooocus,lllyasviel,841,lllyasviel/GitPageToonDecompose,HTML
lllyasviel/Fooocus,lllyasviel,841,lllyasviel/MangaFilter,HTML
lllyasviel/Fooocus,lllyasviel,841,lllyasviel/pages,JavaScript
lllyasviel/Fooocus,mashb1t,188,mashb1t/Battleships,Java
lllyasviel/Fooocus,mashb1t,188,mashb1t/docker-pihole-unbound,Shell
lllyasviel/Fooocus,mashb1t,188,mashb1t/docker-satis,Shell
lllyasviel/Fooocus,mashb1t,188,mashb1t/ecclesiastical-year,PHP
lllyasviel/Fooocus,mashb1t,188,mashb1t/emailattachments-m2,PHP
lllyasviel/Fooocus,mashb1t,188,mashb1t/forrest,PHP
lllyasviel/Fooocus,mashb1t,188,mashb1t/Hearthstone-Deck-Tracker,C#
lllyasviel/Fooocus,mashb1t,188,mashb1t/java.lib.cryptography,Java
lllyasviel/Fooocus,mashb1t,188,mashb1t/java.lib.network,Java
lllyasviel/Fooocus,mashb1t,188,mashb1t/jiraworklogtool,JavaScript
lllyasviel/Fooocus,mashb1t,188,mashb1t/kickstart,Java
lllyasviel/Fooocus,mashb1t,188,mashb1t/laravel-error-handler,PHP
lllyasviel/Fooocus,mashb1t,188,mashb1t/lumen-route-list,PHP
lllyasviel/Fooocus,mashb1t,188,mashb1t/magento2,PHP
lllyasviel/Fooocus,mashb1t,188,mashb1t/magento2-phpstorm-templates,PHP
lllyasviel/Fooocus,mashb1t,188,mashb1t/n98-deployer,PHP
lllyasviel/Fooocus,mashb1t,188,mashb1t/n98-magerun2,PHP
lllyasviel/Fooocus,mashb1t,188,mashb1t/php-gitlab-api,PHP
lllyasviel/Fooocus,MoonRide303,45,MoonRide303/llama.cpp,C++
lllyasviel/Fooocus,xhoxye,4,xhoxye/StableSwarmUI_CN,C#
lllyasviel/Fooocus,MindOfMatter,3,MindOfMatter/epub_to_mp3,PowerShell
lllyasviel/Fooocus,MindOfMatter,3,MindOfMatter/Minecraft-Mod-Explorer,HTML
lllyasviel/Fooocus,crohrer,2,crohrer/aircanvas,Processing
lllyasviel/Fooocus,crohrer,2,crohrer/bxslider-4,JavaScript
lllyasviel/Fooocus,crohrer,2,crohrer/dotfiles,VimL
lllyasviel/Fooocus,crohrer,2,crohrer/dotfiles-1,Shell
lllyasviel/Fooocus,crohrer,2,crohrer/froyo-ghost-theme,CSS
lllyasviel/Fooocus,crohrer,2,crohrer/media-frontend,CSS
lllyasviel/Fooocus,crohrer,2,crohrer/osm-poi-editor-iOS,Objective-C
lllyasviel/Fooocus,crohrer,2,crohrer/particular-pinboard,JavaScript
lllyasviel/Fooocus,crohrer,2,crohrer/patternlab-php,PHP
lllyasviel/Fooocus,crohrer,2,crohrer/picturefill,JavaScript
lllyasviel/Fooocus,crohrer,2,crohrer/Pinboard-Tools-for-Google-Chrome,JavaScript
lllyasviel/Fooocus,crohrer,2,crohrer/private-bower,JavaScript
lllyasviel/Fooocus,crohrer,2,crohrer/ramjet,JavaScript
lllyasviel/Fooocus,crohrer,2,crohrer/react-number-easing,JavaScript
lllyasviel/Fooocus,crohrer,2,crohrer/spotifyRadioPlaylist,JavaScript
lllyasviel/Fooocus,crohrer,2,crohrer/stencil-demo,TypeScript
lllyasviel/Fooocus,crohrer,2,crohrer/tweetnest,PHP
lllyasviel/Fooocus,crohrer,2,crohrer/uploader,JavaScript
lllyasviel/Fooocus,crohrer,2,crohrer/verdaccio,JavaScript
lllyasviel/Fooocus,crohrer,2,crohrer/w2eb,TypeScript
lllyasviel/Fooocus,crohrer,2,crohrer/web2ebook,JavaScript
lllyasviel/Fooocus,crohrer,2,crohrer/Youtube-dl-WebUI,PHP
lllyasviel/Fooocus,daswer123,2,daswer123/canvas-zoom,JavaScript
lllyasviel/Fooocus,daswer123,2,daswer123/canvas-zoom-lite,JavaScript
lllyasviel/Fooocus,daswer123,2,daswer123/career-path-demo,JavaScript
lllyasviel/Fooocus,daswer123,2,daswer123/ClothSwapTgBot,JavaScript
lllyasviel/Fooocus,daswer123,2,daswer123/course_mapify,JavaScript
lllyasviel/Fooocus,daswer123,2,daswer123/course__Trillo,SCSS
lllyasviel/Fooocus,daswer123,2,daswer123/docker-elk,Shell
lllyasviel/Fooocus,daswer123,2,daswer123/easygoogletranslate-node,JavaScript
lllyasviel/Fooocus,daswer123,2,daswer123/easyYandexTranslate,JavaScript
lllyasviel/Fooocus,daswer123,2,daswer123/forkify,JavaScript
lllyasviel/Fooocus,daswer123,2,daswer123/FunBox-1,JavaScript
lllyasviel/Fooocus,daswer123,2,daswer123/funbox2,JavaScript
lllyasviel/Fooocus,daswer123,2,daswer123/idagroop-test,Vue
lllyasviel/Fooocus,daswer123,2,daswer123/iMSteam-RU,JavaScript
lllyasviel/Fooocus,eddyizm,2,eddyizm/automatic-goggles,TypeScript
lllyasviel/Fooocus,eddyizm,2,eddyizm/cheatsheets,C#
lllyasviel/Fooocus,eddyizm,2,eddyizm/CopySSISPackages,PLpgSQL
lllyasviel/Fooocus,eddyizm,2,eddyizm/CrystalReportsNinja,C#
lllyasviel/Fooocus,eddyizm,2,eddyizm/eddyizm,HTML
lllyasviel/Fooocus,eddyizm,2,eddyizm/flatfileexporter,C#
lllyasviel/Fooocus,eddyizm,2,eddyizm/hello_world_flutter,Dart
lllyasviel/Fooocus,eddyizm,2,eddyizm/kindhivecandles,CSS
lllyasviel/Fooocus,eddyizm,2,eddyizm/lms,C++
lllyasviel/Fooocus,eddyizm,2,eddyizm/local-docker-db,Go
lllyasviel/Fooocus,eddyizm,2,eddyizm/resume,SCSS
lllyasviel/Fooocus,eddyizm,2,eddyizm/rust_intro,Rust
lllyasviel/Fooocus,eddyizm,2,eddyizm/SMS-Automation,C#
lllyasviel/Fooocus,e52fa787,1,e52fa787/spring-pendulum,JavaScript
RVC-Boss/GPT-SoVITS,KamioRinn,43,KamioRinn/Metaphysics_LGE_G820_Kernel,C
RVC-Boss/GPT-SoVITS,SapphireLab,22,SapphireLab/Game-IdolyPride,TypeScript
RVC-Boss/GPT-SoVITS,SapphireLab,22,SapphireLab/SLFork-Amphion,Jupyter Notebook
RVC-Boss/GPT-SoVITS,SapphireLab,22,SapphireLab/SLFork-MARS5-TTS,Jupyter Notebook
RVC-Boss/GPT-SoVITS,breakstring,17,breakstring/azure-docs.zh-cn,PowerShell
RVC-Boss/GPT-SoVITS,breakstring,17,breakstring/AzureTTS,C++
RVC-Boss/GPT-SoVITS,breakstring,17,breakstring/covid19_e-paper,C
RVC-Boss/GPT-SoVITS,breakstring,17,breakstring/customvision-cli,JavaScript
RVC-Boss/GPT-SoVITS,breakstring,17,breakstring/eInkCalendarOfToxicSoul,C
RVC-Boss/GPT-SoVITS,breakstring,17,breakstring/EOSPrivatekeyVerifier,JavaScript
RVC-Boss/GPT-SoVITS,breakstring,17,breakstring/ePaper-UWP,C#
RVC-Boss/GPT-SoVITS,breakstring,17,breakstring/esp32-hub75-adapter,C++
RVC-Boss/GPT-SoVITS,breakstring,17,breakstring/gg-dl,JavaScript
RVC-Boss/GPT-SoVITS,breakstring,17,breakstring/HappyNewYear2021,C++
RVC-Boss/GPT-SoVITS,breakstring,17,breakstring/savemyeosram,WebAssembly
RVC-Boss/GPT-SoVITS,breakstring,17,breakstring/timeisshow,TypeScript
RVC-Boss/GPT-SoVITS,breakstring,17,breakstring/tinyfy-node,JavaScript
RVC-Boss/GPT-SoVITS,breakstring,17,breakstring/u8g2_fontmaker,C
RVC-Boss/GPT-SoVITS,Atopona,15,Atopona/BedwarsBE_CN,mcfunction
RVC-Boss/GPT-SoVITS,Atopona,15,Atopona/gpp,Go
RVC-Boss/GPT-SoVITS,Atopona,15,Atopona/speedfox,JavaScript
RVC-Boss/GPT-SoVITS,pengooseDev,13,pengooseDev/abc-user-feedback,TypeScript
RVC-Boss/GPT-SoVITS,pengooseDev,13,pengooseDev/Assignment,TypeScript
RVC-Boss/GPT-SoVITS,pengooseDev,13,pengooseDev/Auto-Photoshop-StableDiffusion-Plugin,TypeScript
RVC-Boss/GPT-SoVITS,pengooseDev,13,pengooseDev/aws-cdk,TypeScript
RVC-Boss/GPT-SoVITS,pengooseDev,13,pengooseDev/axios-goose,TypeScript
RVC-Boss/GPT-SoVITS,pengooseDev,13,pengooseDev/ChatGPT-Next-Web,TypeScript
RVC-Boss/GPT-SoVITS,pengooseDev,13,pengooseDev/cypress-basic,JavaScript
RVC-Boss/GPT-SoVITS,pengooseDev,13,pengooseDev/Daily-Book-Club,Java
RVC-Boss/GPT-SoVITS,pengooseDev,13,pengooseDev/DDAL-GGAK-FE,TypeScript
RVC-Boss/GPT-SoVITS,pengooseDev,13,pengooseDev/duoback_mini,HTML
RVC-Boss/GPT-SoVITS,pengooseDev,13,pengooseDev/es-hangul,TypeScript
RVC-Boss/GPT-SoVITS,pengooseDev,13,pengooseDev/fi-box,TypeScript
RVC-Boss/GPT-SoVITS,KakaruHayate,13,KakaruHayate/CODEY_Dataset,Lua
RVC-Boss/GPT-SoVITS,KakaruHayate,13,KakaruHayate/HowToCook,HTML
RVC-Boss/GPT-SoVITS,KakaruHayate,13,KakaruHayate/onedrive-vercel-index,TypeScript
oobabooga/text-generation-webui,oobabooga,3224,oobabooga/AI-Notebooks,Jupyter Notebook
oobabooga/text-generation-webui,oobabooga,3224,oobabooga/AutoAWQ_kernels,Cuda
oobabooga/text-generation-webui,oobabooga,3224,oobabooga/bitsandbytes-windows-webui,HTML
oobabooga/text-generation-webui,oobabooga,3224,oobabooga/llama-cpp-python-cuBLAS-wheels,HTML
oobabooga/text-generation-webui,oobabooga,3224,oobabooga/llama.cpp,C
oobabooga/text-generation-webui,jllllll,109,jllllll/bitsandbytes-windows-webui,HTML
oobabooga/text-generation-webui,jllllll,109,jllllll/ctransformers-cuBLAS-wheels,HTML
oobabooga/text-generation-webui,jllllll,109,jllllll/llama-cpp-python-cuBLAS-wheels,HTML
oobabooga/text-generation-webui,jllllll,109,jllllll/one-click-installers,Batchfile
oobabooga/text-generation-webui,jllllll,109,jllllll/windows-venv-installers,PowerShell
oobabooga/text-generation-webui,mcmonkey4eva,39,mcmonkey4eva/AIGODLIKE-ComfyUI-Translation,JavaScript
oobabooga/text-generation-webui,mcmonkey4eva,39,mcmonkey4eva/alpaca.cpp,C
oobabooga/text-generation-webui,mcmonkey4eva,39,mcmonkey4eva/bepuphysics,C#
oobabooga/text-generation-webui,mcmonkey4eva,39,mcmonkey4eva/Blacksmith,Java
oobabooga/text-generation-webui,mcmonkey4eva,39,mcmonkey4eva/Builder,Java
oobabooga/text-generation-webui,mcmonkey4eva,39,mcmonkey4eva/ChessCraft,Java
oobabooga/text-generation-webui,mcmonkey4eva,39,mcmonkey4eva/Citizens2,Java
oobabooga/text-generation-webui,mcmonkey4eva,39,mcmonkey4eva/CitizensAPI,Java
oobabooga/text-generation-webui,mcmonkey4eva,39,mcmonkey4eva/ComfyUI-Custom-Scripts,JavaScript
oobabooga/text-generation-webui,mcmonkey4eva,39,mcmonkey4eva/Denizen,Java
oobabooga/text-generation-webui,mcmonkey4eva,39,mcmonkey4eva/Denizen-Core,Java
oobabooga/text-generation-webui,mcmonkey4eva,39,mcmonkey4eva/Denizen2IDE,C#
oobabooga/text-generation-webui,mcmonkey4eva,39,mcmonkey4eva/DenizenScripts,DenizenScript
oobabooga/text-generation-webui,mcmonkey4eva,39,mcmonkey4eva/denizen_theme,CSS
oobabooga/text-generation-webui,mcmonkey4eva,39,mcmonkey4eva/dhutils,Java
oobabooga/text-generation-webui,mcmonkey4eva,39,mcmonkey4eva/discord-open-source,JavaScript
oobabooga/text-generation-webui,mcmonkey4eva,39,mcmonkey4eva/Discord.Net,C#
oobabooga/text-generation-webui,mcmonkey4eva,39,mcmonkey4eva/easyeffects,Java
oobabooga/text-generation-webui,mcmonkey4eva,39,mcmonkey4eva/FreneticDocs,C#
oobabooga/text-generation-webui,FartyPants,24,FartyPants/Speed_editor_arduino,C++
oobabooga/text-generation-webui,Ph0rk0z,20,Ph0rk0z/coreboot,C
oobabooga/text-generation-webui,Ph0rk0z,20,Ph0rk0z/SageAttention2,Cuda
oobabooga/text-generation-webui,missionfloyd,19,missionfloyd/CitiesSkylinesLauncher,C#
oobabooga/text-generation-webui,missionfloyd,19,missionfloyd/CompanionHaircuts,Papyrus
oobabooga/text-generation-webui,missionfloyd,19,missionfloyd/HeaderTrim,C#
oobabooga/text-generation-webui,missionfloyd,19,missionfloyd/pngtoy,JavaScript
oobabooga/text-generation-webui,missionfloyd,19,missionfloyd/steam-rom-manager,TypeScript
oobabooga/text-generation-webui,TheLounger,16,TheLounger/BepInEx,C#
oobabooga/text-generation-webui,TheLounger,16,TheLounger/HeadmasterMods,Ren'Py
oobabooga/text-generation-webui,TheLounger,16,TheLounger/Il2CppInterop,C#
oobabooga/text-generation-webui,TheLounger,16,TheLounger/SillyTavern,JavaScript
oobabooga/text-generation-webui,TheLounger,16,TheLounger/SwarmUI,C#
oobabooga/text-generation-webui,xanthousm,12,xanthousm/ConvertJavaTextureToBedrockApi,JavaScript
oobabooga/text-generation-webui,xanthousm,12,xanthousm/MCXR,Java
oobabooga/text-generation-webui,xanthousm,12,xanthousm/oobabot-plugin,JavaScript
oobabooga/text-generation-webui,xanthousm,12,xanthousm/ReimaginedCustomClouds,GLSL
oobabooga/text-generation-webui,xanthousm,12,xanthousm/VivecraftMod,Java
vllm-project/vllm,WoosukKwon,535,WoosukKwon/torch-xla,C++
vllm-project/vllm,youkaichao,429,youkaichao/antlr4,Java
vllm-project/vllm,youkaichao,429,youkaichao/archlab,C
vllm-project/vllm,youkaichao,429,youkaichao/AsmPainter,Assembly
vllm-project/vllm,youkaichao,429,youkaichao/buildkite-ci,HCL
vllm-project/vllm,youkaichao,429,youkaichao/CGproject,JavaScript
vllm-project/vllm,youkaichao,429,youkaichao/ChallengeHub,Vue
vllm-project/vllm,youkaichao,429,youkaichao/ddd20-utils,Jupyter Notebook
vllm-project/vllm,youkaichao,429,youkaichao/decision_boundary_for_neural_networks,Jupyter Notebook
vllm-project/vllm,youkaichao,429,youkaichao/EmbeddedSystem,nesC
vllm-project/vllm,youkaichao,429,youkaichao/fast_bpe_tokenizer,Jupyter Notebook
vllm-project/vllm,youkaichao,429,youkaichao/flappygun,JavaScript
vllm-project/vllm,DarkLight1337,325,DarkLight1337/my-homebrew,JavaScript
vllm-project/vllm,mgoin,166,mgoin/advos,Rust
vllm-project/vllm,mgoin,166,mgoin/bfc,Brainfuck
vllm-project/vllm,mgoin,166,mgoin/cnpy,C++
vllm-project/vllm,mgoin,166,mgoin/dev_env,Shell
vllm-project/vllm,mgoin,166,mgoin/dolphin,C++
vllm-project/vllm,mgoin,166,mgoin/generative,JavaScript
vllm-project/vllm,mgoin,166,mgoin/grid-hack,Java
vllm-project/vllm,simon-mo,146,simon-mo/arrow,C++
vllm-project/vllm,simon-mo,146,simon-mo/attn-attn,Jupyter Notebook
vllm-project/vllm,simon-mo,146,simon-mo/bebot-demo,HTML
vllm-project/vllm,simon-mo,146,simon-mo/better-gh-inbox,TypeScript
vllm-project/vllm,simon-mo,146,simon-mo/blog,TypeScript
vllm-project/vllm,simon-mo,146,simon-mo/booklist_app,HTML
vllm-project/vllm,simon-mo,146,simon-mo/calcentral,Ruby
vllm-project/vllm,simon-mo,146,simon-mo/clipper,C++
vllm-project/vllm,simon-mo,146,simon-mo/clipper-website,CSS
vllm-project/vllm,simon-mo,146,simon-mo/clipper_api_gen,HTML
vllm-project/vllm,simon-mo,146,simon-mo/conex,Rust
vllm-project/vllm,simon-mo,146,simon-mo/cs294-ai-sys-fa19,HTML
vllm-project/vllm,simon-mo,146,simon-mo/cs294-ai-sys-sp19,HTML
vllm-project/vllm,simon-mo,146,simon-mo/cutlass,C++
vllm-project/vllm,Isotr0py,146,Isotr0py/Acolite-GEE-Colab,Jupyter Notebook
vllm-project/vllm,Isotr0py,146,Isotr0py/candle,Rust
vllm-project/vllm,Isotr0py,146,Isotr0py/ggml-libtorch,Cuda
vllm-project/vllm,Isotr0py,146,Isotr0py/Isotr0py.github.io,TypeScript
vllm-project/vllm,Isotr0py,146,Isotr0py/jpegxl-rs,Rust
vllm-project/vllm,Isotr0py,146,Isotr0py/Music-genre-classification,PureBasic
vllm-project/vllm,Isotr0py,146,Isotr0py/pillow-jpegxl-plugin,Rust
vllm-project/vllm,Isotr0py,146,Isotr0py/Radiata-colab,Jupyter Notebook
vllm-project/vllm,Isotr0py,146,Isotr0py/raytracing-rs,Rust
vllm-project/vllm,Isotr0py,146,Isotr0py/SakuraLLM-Notebooks,Jupyter Notebook
vllm-project/vllm,zhuohan123,111,zhuohan123/homepage,HTML
vllm-project/vllm,zhuohan123,111,zhuohan123/zhuohan123.github.io,HTML
vllm-project/vllm,jeejeelee,107,jeejeelee/flashinfer,Cuda
vllm-project/vllm,njhill,106,njhill/client_java,Java
vllm-project/vllm,njhill,106,njhill/concurrentlinkedhashmap,Java
vllm-project/vllm,njhill,106,njhill/curator,Java
vllm-project/vllm,njhill,106,njhill/grpc,C++
vllm-project/vllm,njhill,106,njhill/grpc-java,Java
vllm-project/vllm,njhill,106,njhill/guava,Java
vllm-project/vllm,njhill,106,njhill/jamm,Java
vllm-project/vllm,njhill,106,njhill/java-dogstatsd-client,Java
vllm-project/vllm,njhill,106,njhill/JCTools,Java
vllm-project/vllm,njhill,106,njhill/netty,Java
vllm-project/vllm,njhill,106,njhill/vert.x,Java
microsoft/autogen,jackgerrits,458,jackgerrits/autogen,Jupyter Notebook
microsoft/autogen,jackgerrits,458,jackgerrits/BayesNetSampler,C++
microsoft/autogen,jackgerrits,458,jackgerrits/boost,HTML
microsoft/autogen,jackgerrits,458,jackgerrits/cb-simulator,C++
microsoft/autogen,jackgerrits,458,jackgerrits/cb-spark-demo,Jupyter Notebook
microsoft/autogen,jackgerrits,458,jackgerrits/chowdown,HTML
microsoft/autogen,jackgerrits,458,jackgerrits/docker-images,Dockerfile
microsoft/autogen,jackgerrits,458,jackgerrits/docs,HTML
microsoft/autogen,jackgerrits,458,jackgerrits/docs.rs,Rust
microsoft/autogen,jackgerrits,458,jackgerrits/dotfiles,Nix
microsoft/autogen,jackgerrits,458,jackgerrits/heya-bot,JavaScript
microsoft/autogen,jackgerrits,458,jackgerrits/homebrew-core,Ruby
microsoft/autogen,jackgerrits,458,jackgerrits/jackgerrits.github.io,HTML
microsoft/autogen,jackgerrits,458,jackgerrits/jupyter-notebooks,Jupyter Notebook
microsoft/autogen,jackgerrits,458,jackgerrits/merand48-rs,Rust
microsoft/autogen,jackgerrits,458,jackgerrits/ML_Labs,PLSQL
microsoft/autogen,sonichi,383,sonichi/CoreNLP,Java
microsoft/autogen,sonichi,383,sonichi/Fast-Detection-of-Overlapping-Communities-via-Online-Tensor-Methods,C++
microsoft/autogen,sonichi,383,sonichi/FLAML,Jupyter Notebook
microsoft/autogen,sonichi,383,sonichi/Kaggle,Jupyter Notebook
microsoft/autogen,sonichi,383,sonichi/machinelearning,C#
microsoft/autogen,sonichi,383,sonichi/mathnet-numerics,C#
microsoft/autogen,sonichi,383,sonichi/monotouch-samples,C#
microsoft/autogen,sonichi,383,sonichi/OAuthTwoDemo.XForms,C#
microsoft/autogen,sonichi,383,sonichi/pdf2htmlEX,C++
microsoft/autogen,sonichi,383,sonichi/SQL-Server-R-Services-Samples,R
microsoft/autogen,sonichi,383,sonichi/TopicModeling,C++
microsoft/autogen,sonichi,383,sonichi/Xamarin-Forms-Labs,C#
microsoft/autogen,sonichi,383,sonichi/xamarin-forms-samples,C#
microsoft/autogen,sonichi,383,sonichi/XamarinAuthInForms,C#
microsoft/autogen,ekzhu,380,ekzhu/angularjs-d3-flask-demo,JavaScript
microsoft/autogen,ekzhu,380,ekzhu/autogen,Jupyter Notebook
microsoft/autogen,ekzhu,380,ekzhu/big-ann-benchmarks,Jupyter Notebook
microsoft/autogen,ekzhu,380,ekzhu/bigdata-interop,Java
microsoft/autogen,ekzhu,380,ekzhu/binaryworm,JavaScript
microsoft/autogen,ekzhu,380,ekzhu/binsort,Go
microsoft/autogen,ekzhu,380,ekzhu/bitarray,C
microsoft/autogen,ekzhu,380,ekzhu/cheatsheets,TeX
microsoft/autogen,ekzhu,380,ekzhu/counter,Go
microsoft/autogen,ekzhu,380,ekzhu/csc373ta,TeX
microsoft/autogen,ekzhu,380,ekzhu/datatable,Go
microsoft/autogen,ekzhu,380,ekzhu/differential-dataflow,Rust
microsoft/autogen,ekzhu,380,ekzhu/drawsomesolver,JavaScript
microsoft/autogen,ekzhu,380,ekzhu/FLAML,Jupyter Notebook
microsoft/autogen,skzhang1,126,skzhang1/autogen,Jupyter Notebook
microsoft/autogen,skzhang1,126,skzhang1/autogen_miniwob,HTML
microsoft/autogen,skzhang1,126,skzhang1/FLAML,Jupyter Notebook
microsoft/autogen,skzhang1,126,skzhang1/skzhang1.github.io,HTML
microsoft/autogen,skzhang1,126,skzhang1/vowpal_wabbit,C++
microsoft/autogen,rysweet,122,rysweet/elsa-core,C#
microsoft/autogen,rysweet,122,rysweet/genealogyChartExp,JavaScript
microsoft/autogen,rysweet,122,rysweet/semantic-kernel,C#
microsoft/autogen,rysweet,122,rysweet/vagrant-azure,Ruby
microsoft/autogen,afourney,121,afourney/sliding-text,C
microsoft/autogen,qingyun-wu,121,qingyun-wu/ag2,Jupyter Notebook
microsoft/autogen,qingyun-wu,121,qingyun-wu/autogen,Jupyter Notebook
microsoft/autogen,qingyun-wu,121,qingyun-wu/docs,MDX
microsoft/autogen,qingyun-wu,121,qingyun-wu/FLAML,Jupyter Notebook
microsoft/autogen,LittleLittleCloud,108,LittleLittleCloud/Agent-ChatRoom,C#
microsoft/autogen,LittleLittleCloud,108,LittleLittleCloud/AgentChat,C#
microsoft/autogen,LittleLittleCloud,108,LittleLittleCloud/AI-Agentic-Design-Patterns-with-AutoGen.Net,Jupyter Notebook
microsoft/autogen,LittleLittleCloud,108,LittleLittleCloud/ai-chatbot,TypeScript
microsoft/autogen,LittleLittleCloud,108,LittleLittleCloud/AIAgentTeam,C#
microsoft/autogen,LittleLittleCloud,108,LittleLittleCloud/ARIMA.NET,C#
microsoft/autogen,LittleLittleCloud,108,LittleLittleCloud/AspireBug5257,C#
microsoft/autogen,LittleLittleCloud,108,LittleLittleCloud/Assistant.Net,C#
microsoft/autogen,LittleLittleCloud,108,LittleLittleCloud/auto-machinelearning,C#
microsoft/autogen,LittleLittleCloud,108,LittleLittleCloud/AutoLLM.Net,C#
microsoft/autogen,LittleLittleCloud,108,LittleLittleCloud/AutoMLMultiClassificationBug,C#
microsoft/autogen,LittleLittleCloud,108,LittleLittleCloud/AutoMLWinformSample,C#
microsoft/autogen,LittleLittleCloud,108,LittleLittleCloud/AzCopy.Net.Archived,C#
microsoft/autogen,LittleLittleCloud,108,LittleLittleCloud/AzureAttachImage,C#
microsoft/autogen,LittleLittleCloud,108,LittleLittleCloud/AzureImage,C#
microsoft/autogen,LittleLittleCloud,108,LittleLittleCloud/Bug2292668,CSS
microsoft/autogen,LittleLittleCloud,108,LittleLittleCloud/BurgerCoin,Go
microsoft/autogen,victordibia,91,victordibia/AcceleroMeterGear,JavaScript
microsoft/autogen,victordibia,91,victordibia/anomagram,JavaScript
microsoft/autogen,victordibia,91,victordibia/assembly,CSS
microsoft/autogen,victordibia,91,victordibia/autogen-ui,TypeScript
microsoft/autogen,victordibia,91,victordibia/beats,JavaScript
microsoft/autogen,victordibia,91,victordibia/cardsorter,CSS
microsoft/autogen,victordibia,91,victordibia/cml_churn,Jupyter Notebook
microsoft/autogen,victordibia,91,victordibia/cml_churn_demo_mlops,Jupyter Notebook
microsoft/autogen,victordibia,91,victordibia/cml_flight_demo,Jupyter Notebook
microsoft/autogen,victordibia,91,victordibia/cml_taxi,Jupyter Notebook
microsoft/autogen,victordibia,91,victordibia/cocoafrica,HTML
microsoft/autogen,victordibia,91,victordibia/cocos2d-js-tests,JavaScript
microsoft/autogen,victordibia,91,victordibia/d3,JavaScript
microsoft/autogen,victordibia,91,victordibia/d3-force,JavaScript
microsoft/autogen,victordibia,91,victordibia/Dansa,JavaScript
microsoft/autogen,victordibia,91,victordibia/GearSwipeTutorial,JavaScript
microsoft/autogen,victordibia,91,victordibia/GidiGames,Java
microsoft/autogen,victordibia,91,victordibia/HammerTutorialGear,JavaScript
microsoft/autogen,victordibia,91,victordibia/handtrack.js,JavaScript
microsoft/autogen,victordibia,91,victordibia/multiagent-systems-with-autogen,Jupyter Notebook
microsoft/autogen,victordibia,91,victordibia/neuraldreams,JavaScript
microsoft/autogen,gagb,83,gagb/AAAI-BansalG.6668,TeX
microsoft/autogen,gagb,83,gagb/al-folio,CSS
microsoft/autogen,gagb,83,gagb/caja,JavaScript
microsoft/autogen,gagb,83,gagb/lime-1,JavaScript
microsoft/autogen,gagb,83,gagb/OmniParser,Jupyter Notebook
microsoft/autogen,gagb,83,gagb/twitter_nlp,HTML
odoo/odoo,tde-banana-odoo,7448,tde-banana-odoo/groma,JavaScript
odoo/odoo,fpodoo,5969,fpodoo/jobs,HTML
odoo/odoo,fpodoo,5969,fpodoo/odoo-editor-pox,JavaScript
odoo/odoo,xmo-odoo,5316,xmo-odoo/itertools,Rust
odoo/odoo,xmo-odoo,5316,xmo-odoo/jstools,JavaScript
odoo/odoo,KangOl,4914,KangOl/adventofcode,Gleam
odoo/odoo,KangOl,4914,KangOl/homebrew,Ruby
odoo/odoo,KangOl,4914,KangOl/homebrew-dupes,Ruby
odoo/odoo,KangOl,4914,KangOl/odoo-ops-tools,Shell
odoo/odoo,KangOl,4914,KangOl/patchutils,C
odoo/odoo,KangOl,4914,KangOl/vim-pudb,Vim script
odoo/odoo,odony,3563,odony/browser-compat-data,JavaScript
odoo/odoo,odony,3563,odony/etherpad-lite,JavaScript
odoo/odoo,odony,3563,odony/odoo,JavaScript
odoo/odoo,odony,3563,odony/opal,Ruby
odoo/odoo,odony,3563,odony/php-oe-json,PHP
odoo/odoo,odony,3563,odony/postgres,C
odoo/odoo,odony,3563,odony/sublime_terminal,JavaScript
odoo/odoo,mart-e,3371,mart-e/android,Java
odoo/odoo,mart-e,3371,mart-e/atom,CoffeeScript
odoo/odoo,mart-e,3371,mart-e/cstate-example,HTML
odoo/odoo,mart-e,3371,mart-e/devtools-bug-finder,JavaScript
odoo/odoo,mart-e,3371,mart-e/documentation-user,CSS
odoo/odoo,mart-e,3371,mart-e/ergol,JavaScript
odoo/odoo,mart-e,3371,mart-e/evoting-be,C++
odoo/odoo,mart-e,3371,mart-e/gaia,JavaScript
odoo/odoo,Gorash,3010,Gorash/ace-builds,JavaScript
odoo/odoo,Gorash,3010,Gorash/bastos,JavaScript
odoo/odoo,Gorash,3010,Gorash/bootstrap,JavaScript
odoo/odoo,Gorash,3010,Gorash/Class,JavaScript
odoo/odoo,Gorash,3010,Gorash/Daroute,JavaScript
odoo/odoo,Gorash,3010,Gorash/howler.js,JavaScript
odoo/odoo,Gorash,3010,Gorash/jQuery-transfo,JavaScript
odoo/odoo,Gorash,3010,Gorash/jquery.iscroll,JavaScript
odoo/odoo,Gorash,3010,Gorash/Modula,JavaScript
odoo/odoo,Gorash,3010,Gorash/qPlate,JavaScript
odoo/odoo,Gorash,3010,Gorash/Random-Dungeon,JavaScript
odoo/odoo,Gorash,3010,Gorash/Random.js,JavaScript
odoo/odoo,Gorash,3010,Gorash/SpritesPacking.js,JavaScript
odoo/odoo,Gorash,3010,Gorash/summernote,JavaScript
odoo/odoo,Gorash,3010,Gorash/webL10n,JavaScript
odoo/odoo,rco-odoo,2979,rco-odoo/reveal.js,JavaScript
odoo/odoo,amigrave,2726,amigrave/bootstrap,JavaScript
odoo/odoo,amigrave,2726,amigrave/crjsc,Crystal
odoo/odoo,amigrave,2726,amigrave/FrameworkBenchmarks,PHP
odoo/odoo,amigrave,2726,amigrave/grip,HTML
odoo/odoo,amigrave,2726,amigrave/hackmd,CSS
odoo/odoo,amigrave,2726,amigrave/JavaScript-syntax,VimL
odoo/odoo,amigrave,2726,amigrave/mongo-java-driver,Java
odoo/odoo,amigrave,2726,amigrave/my-font-config,Awk
odoo/odoo,amigrave,2726,amigrave/nginx-vim-syntax,VimL
odoo/odoo,amigrave,2726,amigrave/PUAE,C
odoo/odoo,nicolas-van,2538,nicolas-van/3dphotogallery,JavaScript
odoo/odoo,nicolas-van,2538,nicolas-van/angular-test,CSS
odoo/odoo,nicolas-van,2538,nicolas-van/atom,JavaScript
odoo/odoo,nicolas-van,2538,nicolas-van/boostcstream,C++
odoo/odoo,nicolas-van,2538,nicolas-van/bootstrap-4-github-pages,SCSS
odoo/odoo,nicolas-van,2538,nicolas-van/capsnk_chooser,JavaScript
odoo/odoo,nicolas-van,2538,nicolas-van/CdApi,TypeScript
odoo/odoo,nicolas-van,2538,nicolas-van/cesium-cartographic,JavaScript
odoo/odoo,nicolas-van,2538,nicolas-van/cesium-umd,JavaScript
odoo/odoo,nicolas-van,2538,nicolas-van/CG023,C
odoo/odoo,nicolas-van,2538,nicolas-van/chatsystem,JavaScript
odoo/odoo,nicolas-van,2538,nicolas-van/codeyong,C++
odoo/odoo,nicolas-van,2538,nicolas-van/cppressourcehandle,C++
odoo/odoo,nicolas-van,2538,nicolas-van/cppsudoku,C++
odoo/odoo,nicolas-van,2538,nicolas-van/dictionaryjs,JavaScript
odoo/odoo,nicolas-van,2538,nicolas-van/dom-parser-utils,JavaScript
odoo/odoo,nicolas-van,2538,nicolas-van/Eachine-E011,C
odoo/odoo,nicolas-van,2538,nicolas-van/egm96-universal,Fortran
microsoft/markitdown,afourney,82,afourney/sliding-text,C
microsoft/markitdown,gagb,70,gagb/AAAI-BansalG.6668,TeX
microsoft/markitdown,gagb,70,gagb/al-folio,CSS
microsoft/markitdown,gagb,70,gagb/caja,JavaScript
microsoft/markitdown,gagb,70,gagb/lime-1,JavaScript
microsoft/markitdown,gagb,70,gagb/OmniParser,Jupyter Notebook
microsoft/markitdown,gagb,70,gagb/twitter_nlp,HTML
microsoft/markitdown,sugatoray,9,sugatoray/101-linux-commands-ebook,HTML
microsoft/markitdown,sugatoray,9,sugatoray/autogen,Jupyter Notebook
microsoft/markitdown,PetrAPConsulting,8,PetrAPConsulting/Speechmatics,HTML
microsoft/markitdown,Josh-XT,7,Josh-XT/2023_IonQ_Remote,Jupyter Notebook
microsoft/markitdown,Josh-XT,7,Josh-XT/aicontainer,Dockerfile
microsoft/markitdown,Josh-XT,7,Josh-XT/alltalk_tts,C++
microsoft/markitdown,Josh-XT,7,Josh-XT/BasementAGi,HTML
microsoft/markitdown,Josh-XT,7,Josh-XT/Help,PowerShell
microsoft/markitdown,Josh-XT,7,Josh-XT/jrgcomponents,TypeScript
microsoft/markitdown,l-lumin,7,l-lumin/data-engineering-wiki,CSS
microsoft/markitdown,l-lumin,7,l-lumin/gh-bulkpr,Go
microsoft/markitdown,l-lumin,7,l-lumin/pasty,TypeScript
microsoft/markitdown,l-lumin,7,l-lumin/Riona-AI-Agent,TypeScript
microsoft/markitdown,l-lumin,7,l-lumin/tool-box,TypeScript
microsoft/markitdown,l-lumin,7,l-lumin/visual-sandbox,Jupyter Notebook
microsoft/markitdown,Soulter,6,Soulter/AstrBot-Dashboard,Vue
microsoft/markitdown,Soulter,6,Soulter/AstrBot-docs,JavaScript
microsoft/markitdown,Soulter,6,Soulter/AstrBotLauncher,Batchfile
microsoft/markitdown,Soulter,6,Soulter/BlueMap,Java
microsoft/markitdown,Soulter,6,Soulter/bustub-2022fall,C++
microsoft/markitdown,Soulter,6,Soulter/Cloudreve,Go
microsoft/markitdown,AumGupta,4,AumGupta/aaumgupta,HTML
microsoft/markitdown,AumGupta,4,AumGupta/air-pollution-analysis,Jupyter Notebook
microsoft/markitdown,AumGupta,4,AumGupta/CPP-Notes,C++
microsoft/markitdown,AumGupta,4,AumGupta/dav-project,HTML
microsoft/markitdown,AumGupta,4,AumGupta/doc-otg,Dart
microsoft/markitdown,AumGupta,4,AumGupta/DS-draft,C++
microsoft/markitdown,AumGupta,4,AumGupta/DS-Notes,C++
microsoft/markitdown,AumGupta,4,AumGupta/du-ug-bsc-cs,Mathematica
microsoft/markitdown,AumGupta,4,AumGupta/Java-Notes,Java
microsoft/markitdown,AumGupta,4,AumGupta/mor-python,HTML
microsoft/markitdown,AumGupta,4,AumGupta/PanditJi,Dart
microsoft/markitdown,AumGupta,4,AumGupta/PRACTICALS,R
microsoft/markitdown,AumGupta,4,AumGupta/python-anomailes,Jupyter Notebook
microsoft/markitdown,AumGupta,4,AumGupta/queueing-theory-cheatsheet,HTML
microsoft/markitdown,AumGupta,4,AumGupta/sochub,C++
microsoft/markitdown,AumGupta,4,AumGupta/statistics,Jupyter Notebook
microsoft/markitdown,AumGupta,4,AumGupta/tic-tac-toe,Java
microsoft/markitdown,KennyZhang1,3,KennyZhang1/basic-risc-cpu,VHDL
microsoft/markitdown,KennyZhang1,3,KennyZhang1/flashcard-app,PHP
faif/python-patterns,faif,260,faif/algo,Swift
faif/python-patterns,faif,260,faif/blog,HTML
faif/python-patterns,faif,260,faif/ctci,Java
faif/python-patterns,faif,260,faif/docs,JavaScript
faif/python-patterns,faif,260,faif/EuroCitizen,HTML
faif/python-patterns,faif,260,faif/expr-calc,C++
faif/python-patterns,faif,260,faif/faif.github.io,JavaScript
faif/python-patterns,faif,260,faif/GraphNetwork,Java
faif/python-patterns,faif,260,faif/interactclj,Clojure
faif/python-patterns,faif,260,faif/nfiles-ndisks,C
faif/python-patterns,faif,260,faif/Prodoku,Prolog
faif/python-patterns,faif,260,faif/sakisk.me,HTML
faif/python-patterns,faif,260,faif/shell-utils,Shell
faif/python-patterns,faif,260,faif/sub-matcher,Clojure
faif/python-patterns,faif,260,faif/system-code,C
faif/python-patterns,faif,260,faif/The-Crime-Tracer,HTML
faif/python-patterns,gyermolenko,71,gyermolenko/dotfiles,Vim Script
faif/python-patterns,0--key,41,0--key/0--key.github.io,HTML
faif/python-patterns,0--key,41,0--key/demo,CSS
faif/python-patterns,0--key,41,0--key/jekyll-bootstrap,Ruby
faif/python-patterns,0--key,41,0--key/o-blog,Emacs Lisp
faif/python-patterns,0--key,41,0--key/OvivoStaff,JavaScript
faif/python-patterns,rednafi,24,rednafi/brisk-bash,Shell
faif/python-patterns,rednafi,24,rednafi/circuit-breaker,Go
faif/python-patterns,rednafi,24,rednafi/city-map,Jupyter Notebook
faif/python-patterns,rednafi,24,rednafi/cors-proxy,JavaScript
faif/python-patterns,rednafi,24,rednafi/dot,Shell
faif/python-patterns,rednafi,24,rednafi/fly-fastapi,Makefile
faif/python-patterns,duboviy,21,duboviy/albumentations,Jupyter Notebook
faif/python-patterns,duboviy,21,duboviy/as_uid,Ruby
faif/python-patterns,duboviy,21,duboviy/data_science,Jupyter Notebook
faif/python-patterns,duboviy,21,duboviy/dist,C
faif/python-patterns,duboviy,21,duboviy/Dockerfiles,Shell
faif/python-patterns,duboviy,21,duboviy/dotfiles,Shell
faif/python-patterns,duboviy,21,duboviy/duboviy.github.io,CSS
faif/python-patterns,duboviy,21,duboviy/inspector-freimut.js,JavaScript
faif/python-patterns,duboviy,21,duboviy/learnxinyminutes-docs,JavaScript
faif/python-patterns,duboviy,21,duboviy/low_level_programming,C
faif/python-patterns,duboviy,21,duboviy/machine_learning,Jupyter Notebook
faif/python-patterns,yarikoptic,19,yarikoptic/afni,C
faif/python-patterns,yarikoptic,19,yarikoptic/afni-debian-old,C
faif/python-patterns,yarikoptic,19,yarikoptic/amana-fan-bracket-3dprint,G-code
faif/python-patterns,cclauss,17,cclauss/500lines,JavaScript
faif/python-patterns,cclauss,17,cclauss/ACM-ICPC-Algorithms,C++
faif/python-patterns,hojatm-huma,15,hojatm-huma/counter,Smarty
faif/python-patterns,hojatm-huma,15,hojatm-huma/keyword_extraction,HTML
faif/python-patterns,mshcruz,11,mshcruz/AIGeneratedTetris,JavaScript
faif/python-patterns,mshcruz,11,mshcruz/ango-src,TeX
faif/python-patterns,mshcruz,11,mshcruz/ChromeExtensionDataEntry,HTML
faif/python-patterns,mshcruz,11,mshcruz/covid19japan,JavaScript
faif/python-patterns,mshcruz,11,mshcruz/CreateClientTrelloBoard,JavaScript
faif/python-patterns,mshcruz,11,mshcruz/CryptDB_Docker,Shell
faif/python-patterns,mshcruz,11,mshcruz/EmacsConfiguration,JavaScript
faif/python-patterns,mshcruz,11,mshcruz/GeneticKnapsack,Java
faif/python-patterns,mshcruz,11,mshcruz/GPUSetSimJoin,C++
faif/python-patterns,mshcruz,11,mshcruz/gSSJoin,Cuda
faif/python-patterns,mshcruz,11,mshcruz/HElib,C++
faif/python-patterns,mshcruz,11,mshcruz/IOUsingHElib,C++
faif/python-patterns,mshcruz,11,mshcruz/LearnCTheHardWay,C
faif/python-patterns,mshcruz,11,mshcruz/MinHashJava,Java
faif/python-patterns,mshcruz,11,mshcruz/monomi-optimizer,Scala
faif/python-patterns,mshcruz,11,mshcruz/PaillierLibrarySamples,C
THUDM/ChatGLM-6B,duzx16,225,duzx16/academic_page,Shell
THUDM/ChatGLM-6B,duzx16,225,duzx16/AutoPhrase,C++
THUDM/ChatGLM-6B,duzx16,225,duzx16/cmu-15213,C
THUDM/ChatGLM-6B,duzx16,225,duzx16/Connect4AI,C++
THUDM/ChatGLM-6B,duzx16,225,duzx16/duzx16.github.io,HTML
THUDM/ChatGLM-6B,duzx16,225,duzx16/FPGA-FPS,VHDL
THUDM/ChatGLM-6B,duzx16,225,duzx16/MIPS_CPU,Verilog
THUDM/ChatGLM-6B,duzx16,225,duzx16/MpiBench,C
THUDM/ChatGLM-6B,duzx16,225,duzx16/MyDB,C++
THUDM/ChatGLM-6B,duzx16,225,duzx16/PGsolver,C++
THUDM/ChatGLM-6B,duzx16,225,duzx16/seam-resize,C++
THUDM/ChatGLM-6B,duzx16,225,duzx16/SimpleDB,C++
THUDM/ChatGLM-6B,duzx16,225,duzx16/Snake,Java
THUDM/ChatGLM-6B,duzx16,225,duzx16/SuDoKu,C++
THUDM/ChatGLM-6B,rainatam,25,rainatam/DecafPA2,Java
THUDM/ChatGLM-6B,rainatam,25,rainatam/DecafPA3,Java
THUDM/ChatGLM-6B,rainatam,25,rainatam/HypeCycle_model,Jupyter Notebook
THUDM/ChatGLM-6B,rainatam,25,rainatam/Wordable,C++
THUDM/ChatGLM-6B,Xiao9905,21,Xiao9905/AutoGLM,JavaScript
THUDM/ChatGLM-6B,Xiao9905,21,Xiao9905/decaf,Java
THUDM/ChatGLM-6B,Xiao9905,21,Xiao9905/KDD-2019-Hands-on,Jupyter Notebook
THUDM/ChatGLM-6B,Xiao9905,21,Xiao9905/REKCARC-TSC-UHT,C++
THUDM/ChatGLM-6B,Sengxian,19,Sengxian/code-front,JavaScript
THUDM/ChatGLM-6B,Sengxian,19,Sengxian/CVE-2021-4034,C
THUDM/ChatGLM-6B,Sengxian,19,Sengxian/fastmoe-website,HTML
THUDM/ChatGLM-6B,Sengxian,19,Sengxian/gfwlist2pac,JavaScript
THUDM/ChatGLM-6B,Sengxian,19,Sengxian/hexo-theme-farfar,CSS
THUDM/ChatGLM-6B,Sengxian,19,Sengxian/hexo-theme-next,CSS
THUDM/ChatGLM-6B,Sengxian,19,Sengxian/Maria,Swift
THUDM/ChatGLM-6B,Sengxian,19,Sengxian/MaxClique,C++
THUDM/ChatGLM-6B,Sengxian,19,Sengxian/moemark-renderer,JavaScript
THUDM/ChatGLM-6B,Sengxian,19,Sengxian/nodejieba,JavaScript
THUDM/ChatGLM-6B,Sengxian,19,Sengxian/plugins,PHP
THUDM/ChatGLM-6B,Sengxian,19,Sengxian/syzoj,JavaScript
THUDM/ChatGLM-6B,Sengxian,19,Sengxian/SYZOJ-UI,HTML
THUDM/ChatGLM-6B,Cherrysaber,8,Cherrysaber/AcrossTheObeliskMod,C#
THUDM/ChatGLM-6B,Cherrysaber,8,Cherrysaber/GameMod,C#
THUDM/ChatGLM-6B,Cherrysaber,8,Cherrysaber/proxysocks,Go
THUDM/ChatGLM-6B,Cherrysaber,8,Cherrysaber/S010Mod,C#
THUDM/ChatGLM-6B,yfyang86,7,yfyang86/ARTP3,R
THUDM/ChatGLM-6B,yfyang86,7,yfyang86/atom-finance,CoffeeScript
THUDM/ChatGLM-6B,yfyang86,7,yfyang86/biclique,C
THUDM/ChatGLM-6B,yfyang86,7,yfyang86/BioStaCsCOM,R
THUDM/ChatGLM-6B,yfyang86,7,yfyang86/blog,R
THUDM/ChatGLM-6B,yfyang86,7,yfyang86/Chinese-Annotator,JavaScript
THUDM/ChatGLM-6B,yfyang86,7,yfyang86/cshap,C++
THUDM/ChatGLM-6B,yfyang86,7,yfyang86/dagbagM,R
THUDM/ChatGLM-6B,yfyang86,7,yfyang86/dblcens,C
THUDM/ChatGLM-6B,yfyang86,7,yfyang86/deepwalk-c,C++
THUDM/ChatGLM-6B,yfyang86,7,yfyang86/deGPS,R
THUDM/ChatGLM-6B,yfyang86,7,yfyang86/Demo-Chapter,R
THUDM/ChatGLM-6B,yfyang86,7,yfyang86/emplik,R
THUDM/ChatGLM-6B,yfyang86,7,yfyang86/emplik-doc,R
THUDM/ChatGLM-6B,yfyang86,7,yfyang86/FNMLE,R
THUDM/ChatGLM-6B,yfyang86,7,yfyang86/FSML,F#
THUDM/ChatGLM-6B,yfyang86,7,yfyang86/hamimc,C++
THUDM/ChatGLM-6B,yfyang86,7,yfyang86/kmc,R
THUDM/ChatGLM-6B,AdamBear,4,AdamBear/AccessibilityUtil,Java
THUDM/ChatGLM-6B,AdamBear,4,AdamBear/activepieces,TypeScript
THUDM/ChatGLM-6B,AdamBear,4,AdamBear/AdaSpeech2,Jupyter Notebook
THUDM/ChatGLM-6B,tuteng0915,4,tuteng0915/resilience,Jupyter Notebook
THUDM/ChatGLM-6B,tuteng0915,4,tuteng0915/Tu-umbreon.github.io,HTML
THUDM/ChatGLM-6B,tuteng0915,4,tuteng0915/tuteng0915.github.io,JavaScript
THUDM/ChatGLM-6B,songxxzp,3,songxxzp/openreviewer,Jupyter Notebook
THUDM/ChatGLM-6B,zRzRzRzRzRzRzR,2,zRzRzRzRzRzRzR/Agently,Jupyter Notebook
THUDM/ChatGLM-6B,zRzRzRzRzRzRzR,2,zRzRzRzRzRzRzR/Chat-Haruhi-Suzumiya,Jupyter Notebook
THUDM/ChatGLM-6B,zRzRzRzRzRzRzR,2,zRzRzRzRzRzRzR/Langchain-Chatchat,TypeScript
THUDM/ChatGLM-6B,zRzRzRzRzRzRzR,2,zRzRzRzRzRzRzR/MiniCPM,Jupyter Notebook
hpcaitech/ColossalAI,FrankLeeeee,477,FrankLeeeee/Ant-Design-Alert,JavaScript
hpcaitech/ColossalAI,FrankLeeeee,477,FrankLeeeee/CZ3003-SSAD,C#
hpcaitech/ColossalAI,FrankLeeeee,477,FrankLeeeee/CZ3004-MDP,Java
hpcaitech/ColossalAI,FrankLeeeee,477,FrankLeeeee/frankleeeee.github.io,JavaScript
hpcaitech/ColossalAI,FrankLeeeee,477,FrankLeeeee/Jenny-s-Helper,JavaScript
hpcaitech/ColossalAI,FrankLeeeee,477,FrankLeeeee/Machine-Learning-Andrew-Ng-Assignments,Matlab
hpcaitech/ColossalAI,FrankLeeeee,477,FrankLeeeee/oh-my-server,Roff
hpcaitech/ColossalAI,ver217,433,ver217/Coded-TeraSort,C++
hpcaitech/ColossalAI,ver217,433,ver217/compiler-lab,C
hpcaitech/ColossalAI,ver217,433,ver217/electron-ssr,JavaScript
hpcaitech/ColossalAI,ver217,433,ver217/hexo-theme-Mic_Theme,JavaScript
hpcaitech/ColossalAI,ver217,433,ver217/hust-java-lab,Java
hpcaitech/ColossalAI,ver217,433,ver217/marked,JavaScript
hpcaitech/ColossalAI,ver217,433,ver217/MIPS-5-stage-FPGA,Verilog
hpcaitech/ColossalAI,ver217,433,ver217/MIPS-CPU-TOY,Verilog
hpcaitech/ColossalAI,ver217,433,ver217/NetworkLab-Rdt,C++
hpcaitech/ColossalAI,ver217,433,ver217/Parallel-Computing-Lab,C++
hpcaitech/ColossalAI,ver217,433,ver217/sat-solver,C++
hpcaitech/ColossalAI,ver217,433,ver217/sml-lab,Standard ML
hpcaitech/ColossalAI,feifeibear,347,feifeibear/.dotfile,Shell
hpcaitech/ColossalAI,feifeibear,347,feifeibear/ADMM-NeuralNetwork,Matlab
hpcaitech/ColossalAI,feifeibear,347,feifeibear/baidu-allreduce,Cuda
hpcaitech/ColossalAI,feifeibear,347,feifeibear/bosen,C++
hpcaitech/ColossalAI,feifeibear,347,feifeibear/Caffe-Cori,C++
hpcaitech/ColossalAI,feifeibear,347,feifeibear/crack_leetcode,C++
hpcaitech/ColossalAI,feifeibear,347,feifeibear/CUDA-Winograd,Cuda
hpcaitech/ColossalAI,feifeibear,347,feifeibear/cudaMemHook,C++
hpcaitech/ColossalAI,oahzxl,158,oahzxl/DianSoftwareEngineering,C++
hpcaitech/ColossalAI,oahzxl,158,oahzxl/oahzxl.github.io,JavaScript
hpcaitech/ColossalAI,oahzxl,158,oahzxl/SatDpllBaseline,C
hpcaitech/ColossalAI,oahzxl,158,oahzxl/yolov5,Jupyter Notebook
hpcaitech/ColossalAI,binmakeswell,135,binmakeswell/oh-my-server,Roff
hpcaitech/ColossalAI,flybird11111,111,flybird11111/ColossalAI-Documentation,JavaScript
hpcaitech/ColossalAI,flybird11111,111,flybird11111/droidReverse,Shell
hpcaitech/ColossalAI,flybird11111,111,flybird11111/libpku,TeX
hpcaitech/ColossalAI,flybird11111,111,flybird11111/linux-inject,C
hpcaitech/ColossalAI,flybird11111,111,flybird11111/openbilibili,Go
Stability-AI/stablediffusion,rromb,33,rromb/rromb.github.io,JavaScript
Stability-AI/stablediffusion,hardmaru,25,hardmaru/astool,Jupyter Notebook
Stability-AI/stablediffusion,hardmaru,25,hardmaru/backprop-neat-js,JavaScript
Stability-AI/stablediffusion,hardmaru,25,hardmaru/bullet3,C++
Stability-AI/stablediffusion,hardmaru,25,hardmaru/convnetjs,HTML
Stability-AI/stablediffusion,hardmaru,25,hardmaru/creatures,Processing
Stability-AI/stablediffusion,hardmaru,25,hardmaru/designrl.github.io,JavaScript
Stability-AI/stablediffusion,hardmaru,25,hardmaru/doc-han-att,Jupyter Notebook
Stability-AI/stablediffusion,hardmaru,25,hardmaru/Dynamic_Neural_Manifold,Jupyter Notebook
Stability-AI/stablediffusion,hardmaru,25,hardmaru/estool,Jupyter Notebook
Stability-AI/stablediffusion,hardmaru,25,hardmaru/image-notebook,Jupyter Notebook
Stability-AI/stablediffusion,hardmaru,25,hardmaru/kanji2kanji,Jupyter Notebook
Stability-AI/stablediffusion,hardmaru,25,hardmaru/magenta-demos,Jupyter Notebook
Stability-AI/stablediffusion,apolinario,5,apolinario/gradio-box-promptable-image,JavaScript
Stability-AI/stablediffusion,apolinario,5,apolinario/gradio-imageslider,Svelte
Stability-AI/stablediffusion,apolinario,5,apolinario/model-navigator,Svelte
Stability-AI/stablediffusion,aalbersk,4,aalbersk/DeepRec,C++
Stability-AI/stablediffusion,aalbersk,4,aalbersk/openvino,C++
Stability-AI/stablediffusion,dmarx,3,dmarx/1click-hpc,Jupyter Notebook
Stability-AI/stablediffusion,dmarx,3,dmarx/2020-advent-of-code,Jupyter Notebook
Stability-AI/stablediffusion,dmarx,3,dmarx/advent-of-code-2022,Rust
Stability-AI/stablediffusion,dmarx,3,dmarx/advent-of-code-2023,Go
Stability-AI/stablediffusion,dmarx,3,dmarx/advent-of-code_2021,Jupyter Notebook
Stability-AI/stablediffusion,dmarx,3,dmarx/ai-deadlines,JavaScript
Stability-AI/stablediffusion,dmarx,3,dmarx/anthology-of-modern-ml,Jupyter Notebook
Stability-AI/stablediffusion,dmarx,3,dmarx/aspect,TypeScript
Stability-AI/stablediffusion,dmarx,3,dmarx/Automatic-Circuit-Discovery,Jupyter Notebook
Stability-AI/stablediffusion,miao-ju,3,miao-ju/Neural-Networks-for-Differential-Equations,Jupyter Notebook
Stability-AI/stablediffusion,Dango233,2,Dango233/lede,C
Stability-AI/stablediffusion,Dango233,2,Dango233/llama.cpp,C++
Stability-AI/stablediffusion,Dango233,2,Dango233/Multi-Modal-Comparators-GC,Jupyter Notebook
Stability-AI/stablediffusion,Dango233,2,Dango233/novel,TypeScript
Stability-AI/stablediffusion,Dango233,2,Dango233/oneflow,C++
Stability-AI/stablediffusion,Dango233,2,Dango233/PrincessGenerator,Jupyter Notebook
Stability-AI/stablediffusion,Dango233,2,Dango233/stable-diffusion,Jupyter Notebook
Stability-AI/stablediffusion,Dango233,2,Dango233/style2paints,JavaScript
Stability-AI/stablediffusion,jamesthesnake,2,jamesthesnake/-NESP-ThermoNet-v2-,Jupyter Notebook
Stability-AI/stablediffusion,jamesthesnake,2,jamesthesnake/18337,HTML
Stability-AI/stablediffusion,jamesthesnake,2,jamesthesnake/AlexaRepository,JavaScript
Stability-AI/stablediffusion,jamesthesnake,2,jamesthesnake/algebra,Rust
Stability-AI/stablediffusion,jamesthesnake,2,jamesthesnake/AlphaZero.jl,Julia
Stability-AI/stablediffusion,jamesthesnake,2,jamesthesnake/Amazon-Echo-and-Twilio,JavaScript
Stability-AI/stablediffusion,jamesthesnake,2,jamesthesnake/AndroidPirate3,Java
Stability-AI/stablediffusion,jamesthesnake,2,jamesthesnake/Animations.jl,Julia
Stability-AI/stablediffusion,ModelEarth,1,ModelEarth/3d_visualizations,Jupyter Notebook
Stability-AI/stablediffusion,ModelEarth,1,ModelEarth/amplifyapp,JavaScript
Stability-AI/stablediffusion,ModelEarth,1,ModelEarth/apps,HTML
Stability-AI/stablediffusion,ModelEarth,1,ModelEarth/aws,HTML
Stability-AI/stablediffusion,ModelEarth,1,ModelEarth/balance,HTML
Stability-AI/stablediffusion,ModelEarth,1,ModelEarth/brigade-project-index,JavaScript
Stability-AI/stablediffusion,ModelEarth,1,ModelEarth/censusreporter,HTML
Stability-AI/stablediffusion,ModelEarth,1,ModelEarth/CivicTechExchange,JavaScript
Stability-AI/stablediffusion,ModelEarth,1,ModelEarth/cloud,HTML
Stability-AI/stablediffusion,ModelEarth,1,ModelEarth/community,JavaScript
Stability-AI/stablediffusion,ModelEarth,1,ModelEarth/community-data,Jupyter Notebook
Stability-AI/stablediffusion,ModelEarth,1,ModelEarth/community-forecasting,HTML
Stability-AI/stablediffusion,ModelEarth,1,ModelEarth/community-zipcodes,Jupyter Notebook
Stability-AI/stablediffusion,ModelEarth,1,ModelEarth/concordance,R
Stability-AI/stablediffusion,kjerk,1,kjerk/blankplusplus-chrome,HTML
Stability-AI/stablediffusion,kjerk,1,kjerk/fuzzypathcompletion,C#
Stability-AI/stablediffusion,kjerk,1,kjerk/gradle-java8-templates,Java
Stability-AI/stablediffusion,kjerk,1,kjerk/Immutuple,Java
Stability-AI/stablediffusion,kjerk,1,kjerk/kjerk.github.io,HTML
Stability-AI/stablediffusion,kjerk,1,kjerk/PowerJump,C#
Stability-AI/stablediffusion,kjerk,1,kjerk/shelljump,PowerShell
Stability-AI/stablediffusion,kjerk,1,kjerk/sjisunzip,C#
mingrammer/diagrams,mingrammer,277,mingrammer/agones,Go
mingrammer/diagrams,mingrammer,277,mingrammer/asynq,Go
mingrammer/diagrams,mingrammer,277,mingrammer/atom-settings,CoffeeScript
mingrammer/diagrams,mingrammer,277,mingrammer/awesome-go,Go
mingrammer/diagrams,mingrammer,277,mingrammer/awesome-static-analysis,Rust
mingrammer/diagrams,mingrammer,277,mingrammer/aws-sdk-go,Go
mingrammer/diagrams,mingrammer,277,mingrammer/blockchain_go,Go
mingrammer/diagrams,mingrammer,277,mingrammer/build-web-application-with-golang,Go
mingrammer/diagrams,mingrammer,277,mingrammer/casec,Go
mingrammer/diagrams,mingrammer,277,mingrammer/cfmt,Go
mingrammer/diagrams,mingrammer,277,mingrammer/cli,Go
mingrammer/diagrams,mingrammer,277,mingrammer/clip,Go
mingrammer/diagrams,mingrammer,277,mingrammer/coding-interview,JavaScript
mingrammer/diagrams,gabriel-tessier,41,gabriel-tessier/angular.js,JavaScript
mingrammer/diagrams,gabriel-tessier,41,gabriel-tessier/cloud-print-utils,TypeScript
mingrammer/diagrams,gabriel-tessier,41,gabriel-tessier/deploy-sourcegraph-docker,Shell
mingrammer/diagrams,gabriel-tessier,41,gabriel-tessier/diagrams-web,HTML
mingrammer/diagrams,gabriel-tessier,41,gabriel-tessier/django-todo,JavaScript
mingrammer/diagrams,gabriel-tessier,41,gabriel-tessier/elastic.js,JavaScript
mingrammer/diagrams,gabriel-tessier,41,gabriel-tessier/elasticsearch,Java
mingrammer/diagrams,gabriel-tessier,41,gabriel-tessier/elasticsearch-knapsack,Java
mingrammer/diagrams,gabriel-tessier,41,gabriel-tessier/HeadsUp,HTML
mingrammer/diagrams,gabriel-tessier,41,gabriel-tessier/holiday_jp,Ruby
mingrammer/diagrams,gabriel-tessier,41,gabriel-tessier/jQuery-File-Upload,JavaScript
mingrammer/diagrams,gabriel-tessier,41,gabriel-tessier/libbeat,Go
mingrammer/diagrams,gabriel-tessier,41,gabriel-tessier/plasma-applet-eventcalendar,QML
mingrammer/diagrams,gabriel-tessier,41,gabriel-tessier/plasma-applet-todolist,QML
mingrammer/diagrams,nlamirault,20,nlamirault/abraracourcix,Go
mingrammer/diagrams,nlamirault,20,nlamirault/actarus,Go
mingrammer/diagrams,nlamirault,20,nlamirault/alan,Go
mingrammer/diagrams,nlamirault,20,nlamirault/all-the-icons-gnus,Emacs Lisp
mingrammer/diagrams,nlamirault,20,nlamirault/all-the-icons.el,Emacs Lisp
mingrammer/diagrams,nlamirault,20,nlamirault/aneto,Go
mingrammer/diagrams,nlamirault,20,nlamirault/api,Go
mingrammer/diagrams,nlamirault,20,nlamirault/archlinux-packages,Shell
mingrammer/diagrams,nlamirault,20,nlamirault/argo-cd,Go
mingrammer/diagrams,nlamirault,20,nlamirault/argo-helm,Mustache
mingrammer/diagrams,nlamirault,20,nlamirault/asdf-driftctl,Shell
mingrammer/diagrams,nlamirault,20,nlamirault/asdf-gotk,Shell
mingrammer/diagrams,nlamirault,20,nlamirault/asdf-inlets,Shell
mingrammer/diagrams,nlamirault,20,nlamirault/asdf-kpt,Shell
mingrammer/diagrams,nlamirault,20,nlamirault/asdf-krew,Shell
mingrammer/diagrams,nlamirault,20,nlamirault/asdf-osm,Shell
mingrammer/diagrams,nlamirault,20,nlamirault/asdf-plugins,Shell
mingrammer/diagrams,nlamirault,20,nlamirault/asdf-popeye,Shell
mingrammer/diagrams,tvqphuoc01,18,tvqphuoc01/Book-store-project,Pug
mingrammer/diagrams,tvqphuoc01,18,tvqphuoc01/BookingWebsite,SCSS
mingrammer/diagrams,tvqphuoc01,18,tvqphuoc01/client-side-stack-overflow-prj,JavaScript
mingrammer/diagrams,tvqphuoc01,18,tvqphuoc01/HQT_CSDL_DO_AN_THUC_HANH,TSQL
mingrammer/diagrams,tvqphuoc01,18,tvqphuoc01/PTTK_HTTTDN_NHOM-4,Pug
mingrammer/diagrams,tvqphuoc01,18,tvqphuoc01/React-E-commerce-App,JavaScript
mingrammer/diagrams,tvqphuoc01,18,tvqphuoc01/ReactJS_ToDoList,JavaScript
mingrammer/diagrams,tvqphuoc01,18,tvqphuoc01/SE_PizzaRestaurantWebApp,Pug
mingrammer/diagrams,yu-iskw,15,yu-iskw/.vim,Vim script
mingrammer/diagrams,yu-iskw,15,yu-iskw/action-sqlfluff,Shell
mingrammer/diagrams,yu-iskw,15,yu-iskw/action-terrascan,Shell
mingrammer/diagrams,yu-iskw,15,yu-iskw/auto-sklearn-examples,Jupyter Notebook
mingrammer/diagrams,yu-iskw,15,yu-iskw/Autoware,C++
mingrammer/diagrams,yu-iskw,15,yu-iskw/beam,Java
mingrammer/diagrams,yu-iskw,15,yu-iskw/bigquery-to-datastore,Java
mingrammer/diagrams,yu-iskw,15,yu-iskw/bisecting-kmeans,Scala
mingrammer/diagrams,yu-iskw,15,yu-iskw/CarND-Advanced-Lane-Lines,Jupyter Notebook
mingrammer/diagrams,yu-iskw,15,yu-iskw/CarND-Behavioral-Cloning-P3,Jupyter Notebook
mingrammer/diagrams,yu-iskw,15,yu-iskw/CarND-Camera-Calibration,Jupyter Notebook
mingrammer/diagrams,yu-iskw,15,yu-iskw/CarND-Extended-Kalman-Filter-Project,C++
mingrammer/diagrams,yu-iskw,15,yu-iskw/CarND-Kidnapped-Vehicle-Project,C++
mingrammer/diagrams,yu-iskw,15,yu-iskw/CarND-LaneLines-P1,Jupyter Notebook
mingrammer/diagrams,yu-iskw,15,yu-iskw/CarND-LeNet-Lab,Jupyter Notebook
mingrammer/diagrams,yu-iskw,15,yu-iskw/CarND-MPC-Project,C++
mingrammer/diagrams,yu-iskw,15,yu-iskw/CarND-Object-Detection-Lab,Jupyter Notebook
mingrammer/diagrams,filipeaaoliveira,13,filipeaaoliveira/airflow_k8s_executor,Shell
mingrammer/diagrams,filipeaaoliveira,13,filipeaaoliveira/compose-spec,Dockerfile
mingrammer/diagrams,kakakakakku,6,kakakakakku/245cloud,JavaScript
mingrammer/diagrams,kakakakakku,6,kakakakakku/aoj-ruby,Ruby
mingrammer/diagrams,kakakakakku,6,kakakakakku/apex,Go
mingrammer/diagrams,kakakakakku,6,kakakakakku/aws-codedeploy-agent,Ruby
mingrammer/diagrams,kakakakakku,6,kakakakakku/aws-codedeploy-samples,Shell
mingrammer/diagrams,kakakakakku,6,kakakakakku/aws-devops-essential,Shell
mingrammer/diagrams,kakakakakku,6,kakakakakku/aws-regions,Go
mingrammer/diagrams,kakakakakku,6,kakakakakku/aws-sdk-ruby,Ruby
mingrammer/diagrams,kakakakakku,6,kakakakakku/aws-terraform-workshop-using-localstack,HCL
mingrammer/diagrams,kakakakakku,6,kakakakakku/aws-workshop-for-kubernetes,JavaScript
mingrammer/diagrams,kakakakakku,6,kakakakakku/azkaban2,Java
mingrammer/diagrams,kakakakakku,6,kakakakakku/baby-timeline,Java
mingrammer/diagrams,kakakakakku,6,kakakakakku/balancerbattle,JavaScript
mingrammer/diagrams,guyzyl,5,guyzyl/cset,TSQL
mingrammer/diagrams,guyzyl,5,guyzyl/dapr,Go
mingrammer/diagrams,guyzyl,5,guyzyl/datree,Go
mingrammer/diagrams,guyzyl,5,guyzyl/devtools,TypeScript
mingrammer/diagrams,guyzyl,5,guyzyl/govready-q,HTML
mingrammer/diagrams,guyzyl,5,guyzyl/inspec,Ruby
mingrammer/diagrams,guyzyl,5,guyzyl/keto,Go
mingrammer/diagrams,guyzyl,5,guyzyl/kubernetes,Go
mingrammer/diagrams,guyzyl,5,guyzyl/Maccy,Swift
mingrammer/diagrams,guyzyl,5,guyzyl/mirrord,Rust
mingrammer/diagrams,guyzyl,5,guyzyl/OSCAL,XSLT
mingrammer/diagrams,guyzyl,5,guyzyl/oscal-content,Shell
mingrammer/diagrams,guyzyl,5,guyzyl/poetry-install,JavaScript
mingrammer/diagrams,leandrodamascena,5,leandrodamascena/aws-cdk,TypeScript
mingrammer/diagrams,leandrodamascena,5,leandrodamascena/aws-lambda-powertools-dotnet,C#
mingrammer/diagrams,leandrodamascena,5,leandrodamascena/aws-lambda-powertools-typescript,TypeScript
mingrammer/diagrams,leandrodamascena,5,leandrodamascena/awscommunityday2021,CSS
mingrammer/diagrams,leandrodamascena,5,leandrodamascena/CDK-SPA-Deploy,TypeScript
apachecn/ailearning,jiangzhonglian,153,jiangzhonglian/airflow-doc-zh,HTML
apachecn/ailearning,jiangzhonglian,153,jiangzhonglian/Ali-Weixin-QRPay,CSS
apachecn/ailearning,jiangzhonglian,153,jiangzhonglian/awesome-blockchain-cn,JavaScript
apachecn/ailearning,jiangzhonglian,153,jiangzhonglian/Chatbot_CN,TSQL
apachecn/ailearning,jiangzhonglian,153,jiangzhonglian/choosealicense.com,Ruby
apachecn/ailearning,wizardforcel,78,wizardforcel/996.ICU,Rust
apachecn/ailearning,wizardforcel,78,wizardforcel/android-app-sec-guidebook-zh,CSS
apachecn/ailearning,wizardforcel,78,wizardforcel/atom-flight-manual-zh-cn,CSS
apachecn/ailearning,wizardforcel,78,wizardforcel/blog,CSS
apachecn/ailearning,wizardforcel,78,wizardforcel/blog-redir,HTML
apachecn/ailearning,wizardforcel,78,wizardforcel/bs092,JavaScript
apachecn/ailearning,wizardforcel,78,wizardforcel/calc.js,JavaScript
apachecn/ailearning,wizardforcel,78,wizardforcel/convert-to-utf8-plus,CoffeeScript
apachecn/ailearning,wizardforcel,78,wizardforcel/csdn-migrate-2405,Shell
apachecn/ailearning,wizardforcel,78,wizardforcel/cselabs,C++
apachecn/ailearning,wizardforcel,78,wizardforcel/data-science-notebook,Shell
apachecn/ailearning,wizardforcel,78,wizardforcel/data8-textbook-zh,HTML
apachecn/ailearning,wizardforcel,78,wizardforcel/django-chinese-docs-18,CSS
apachecn/ailearning,wizardforcel,78,wizardforcel/ds-ai-tech-notes,CSS
apachecn/ailearning,wizardforcel,78,wizardforcel/eloquent-js-3e-zh,CSS
apachecn/ailearning,wizardforcel,78,wizardforcel/fastai-num-linalg-v2-zh,CSS
apachecn/ailearning,wizardforcel,78,wizardforcel/fastbook,Jupyter Notebook
apachecn/ailearning,wizardforcel,78,wizardforcel/gainlo-interview-guide-zh,CSS
apachecn/ailearning,wizardforcel,78,wizardforcel/ggml,C
apachecn/ailearning,wizardforcel,78,wizardforcel/hexo-site,CSS
apachecn/ailearning,wizardforcel,78,wizardforcel/hexo-theme-cyanstyle,CSS
apachecn/ailearning,wizardforcel,78,wizardforcel/hexo-theme-landfarz,CSS
apachecn/ailearning,wizardforcel,78,wizardforcel/icslabs,C
apachecn/ailearning,vutting4221,2,vutting4221/-,JavaScript
apachecn/ailearning,vutting4221,2,vutting4221/android_frameworks_base,Java
apachecn/ailearning,vutting4221,2,vutting4221/azure-quickstart-templates,PowerShell
apachecn/ailearning,DaskiSnow,1,DaskiSnow/CLRS_AlgorithmPractice,C
apachecn/ailearning,DaskiSnow,1,DaskiSnow/code_snippet,C++
apachecn/ailearning,DaskiSnow,1,DaskiSnow/Lexical_Analyzer,C
apachecn/ailearning,DaskiSnow,1,DaskiSnow/myLeetcode,C++
apachecn/ailearning,DaskiSnow,1,DaskiSnow/myLinuxFiles,C++
apachecn/ailearning,DaskiSnow,1,DaskiSnow/ProgramFileJavaWorkStation,JavaScript
apachecn/ailearning,DaskiSnow,1,DaskiSnow/SearchEngine,C++
apachecn/ailearning,DaskiSnow,1,DaskiSnow/socket-io-practice,JavaScript
apachecn/ailearning,edxzh,1,edxzh/aws-auth,Rust
apachecn/ailearning,edxzh,1,edxzh/bijective-function,Elixir
apachecn/ailearning,edxzh,1,edxzh/data_searcher,Elixir
apachecn/ailearning,edxzh,1,edxzh/edwardzhou.com,MDX
apachecn/ailearning,edxzh,1,edxzh/edward_robot,Elixir
apachecn/ailearning,edxzh,1,edxzh/exercism_elixir_track,Elixir
apachecn/ailearning,edxzh,1,edxzh/ex_blockchain,Elixir
apachecn/ailearning,edxzh,1,edxzh/interview_pair_coding_template,JavaScript
apachecn/ailearning,edxzh,1,edxzh/leetcode,JavaScript
apachecn/ailearning,edxzh,1,edxzh/petal_boilerplate,Elixir
apachecn/ailearning,edxzh,1,edxzh/poker,Elixir
apachecn/ailearning,edxzh,1,edxzh/ts-stencil,TypeScript
apachecn/ailearning,edxzh,1,edxzh/vim_config,Vim Script
apachecn/ailearning,edxzh,1,edxzh/xingishere,JavaScript
apachecn/ailearning,junxnone,1,junxnone/3d-force-graph,HTML
apachecn/ailearning,junxnone,1,junxnone/4axis,C
apachecn/ailearning,junxnone,1,junxnone/at,HTML
apachecn/ailearning,junxnone,1,junxnone/bdmap,JavaScript
apachecn/ailearning,junxnone,1,junxnone/bga_ghpage_test,JavaScript
apachecn/ailearning,junxnone,1,junxnone/BigDL,Jupyter Notebook
apachecn/ailearning,junxnone,1,junxnone/che,Shell
apachecn/ailearning,junxnone,1,junxnone/Coursera-ML-AndrewNg-Notes,HTML
apachecn/ailearning,junxnone,1,junxnone/cube,JavaScript
apachecn/ailearning,timgates42,1,timgates42/3amigos-py,Shell
apachecn/ailearning,timgates42,1,timgates42/8cc,C
apachecn/ailearning,YHJYH,1,YHJYH/CPP-Chinese-Chess,C++
apachecn/ailearning,YHJYH,1,YHJYH/Machine_Learning,Jupyter Notebook
apachecn/ailearning,YHJYH,1,YHJYH/My_cat_Naomi,SCSS
apachecn/ailearning,YHJYH,1,YHJYH/ParcelTracking,SCSS
apachecn/ailearning,YHJYH,1,YHJYH/Physics-tools,C++
apachecn/ailearning,YHJYH,1,YHJYH/Yuheng-Jia,HTML
getsentry/sentry,dcramer,11336,dcramer/airbrake,Ruby
getsentry/sentry,dcramer,11336,dcramer/amiblockingads.com,HTML
getsentry/sentry,dcramer,11336,dcramer/arcanist,PHP
getsentry/sentry,dcramer,11336,dcramer/auto-awesome,Perl
getsentry/sentry,dcramer,11336,dcramer/bikeshed,Shell
getsentry/sentry,dcramer,11336,dcramer/cask-mobile,JavaScript
getsentry/sentry,dcramer,11336,dcramer/cask-web,TypeScript
getsentry/sentry,dcramer,11336,dcramer/chef-sentry-handler,Ruby
getsentry/sentry,dcramer,11336,dcramer/chef-wal-e,Ruby
getsentry/sentry,evanpurkhiser,5089,evanpurkhiser/ansible-personal,Shell
getsentry/sentry,evanpurkhiser,5089,evanpurkhiser/atmosphere-automation,Go
getsentry/sentry,evanpurkhiser,5089,evanpurkhiser/cleanUI,Lua
getsentry/sentry,evanpurkhiser,5089,evanpurkhiser/Clocker-CLI,Ruby
getsentry/sentry,evanpurkhiser,5089,evanpurkhiser/cranes,TypeScript
getsentry/sentry,evanpurkhiser,5089,evanpurkhiser/CS-Algo-Sudokuer,JavaScript
getsentry/sentry,evanpurkhiser,5089,evanpurkhiser/CS-AnimeTracker,Objective-C
getsentry/sentry,evanpurkhiser,5089,evanpurkhiser/CS-Clocker,Ruby
getsentry/sentry,evanpurkhiser,5089,evanpurkhiser/CS-CUDA-Matrix-Multiply,C++
getsentry/sentry,evanpurkhiser,5089,evanpurkhiser/CS-Extra-Credits,Objective-C
getsentry/sentry,evanpurkhiser,5089,evanpurkhiser/CS-Graphics-Robot,C++
getsentry/sentry,evanpurkhiser,5089,evanpurkhiser/CS-iDecide,Objective-C
getsentry/sentry,evanpurkhiser,5089,evanpurkhiser/CS-InstaMail,Objective-C
getsentry/sentry,evanpurkhiser,5089,evanpurkhiser/CS-Karat-Sleuth,Ruby
getsentry/sentry,evanpurkhiser,5089,evanpurkhiser/CS-libgit2-ObjC,Objective-C
getsentry/sentry,evanpurkhiser,5089,evanpurkhiser/CS-Linux-Shell,C
getsentry/sentry,evanpurkhiser,5089,evanpurkhiser/CS-Matrix-Multiplication,C
getsentry/sentry,evanpurkhiser,5089,evanpurkhiser/CS-NotQuiteMapquest,C
getsentry/sentry,evanpurkhiser,5089,evanpurkhiser/CS-OpenMPExperiments,C
getsentry/sentry,evanpurkhiser,5089,evanpurkhiser/CS-presentations,JavaScript
getsentry/sentry,evanpurkhiser,5089,evanpurkhiser/CS-Six-Degrees-of-Wikipedia,C++
getsentry/sentry,evanpurkhiser,5089,evanpurkhiser/CS-SmokersProblem,C
getsentry/sentry,evanpurkhiser,5089,evanpurkhiser/CS-TicTacToe,C
getsentry/sentry,evanpurkhiser,5089,evanpurkhiser/CS-Weka-Tree-Learning,Java
getsentry/sentry,evanpurkhiser,5089,evanpurkhiser/dd.h1x.com,PHP
getsentry/sentry,markstory,2391,markstory/acl_extras,PHP
getsentry/sentry,markstory,2391,markstory/apigen,PHP
getsentry/sentry,markstory,2391,markstory/app,PHP
getsentry/sentry,markstory,2391,markstory/asset_compress,PHP
getsentry/sentry,markstory,2391,markstory/cakefest-2017-workshop,PHP
getsentry/sentry,markstory,2391,markstory/cakefest-rabbitmq,PHP
getsentry/sentry,markstory,2391,markstory/cakefest-workshop-2019,PHP
getsentry/sentry,markstory,2391,markstory/cakefest2021,PHP
getsentry/sentry,markstory,2391,markstory/cakefest2022,PHP
getsentry/sentry,markstory,2391,markstory/cakefest2023-workshop,PHP
getsentry/sentry,markstory,2391,markstory/cakefest2024-workshop,PHP
getsentry/sentry,markstory,2391,markstory/cakephp,PHP
getsentry/sentry,markstory,2391,markstory/cakephp-docs,CSS
getsentry/sentry,markstory,2391,markstory/cakephp-feature-flags,PHP
getsentry/sentry,markstory,2391,markstory/cakephp-inertiajs,PHP
getsentry/sentry,markstory,2391,markstory/cakephp-multi-db-demo,PHP
getsentry/sentry,markstory,2391,markstory/cakephp-perf,PHP
getsentry/sentry,markstory,2391,markstory/cakephp-phpbenchmarks-app,PHP
getsentry/sentry,markstory,2391,markstory/cakephp-spekkoek,PHP
getsentry/sentry,markstory,2391,markstory/cakephp-typescript-react,PHP
getsentry/sentry,markstory,2391,markstory/cakephp-webauthn-example,PHP
getsentry/sentry,markstory,2391,markstory/cakephp_geshi,PHP
getsentry/sentry,markstory,2391,markstory/cakephp_menu_component,PHP
getsentry/sentry,markstory,2391,markstory/cakephp_vcard,PHP
getsentry/sentry,billyvg,2323,billyvg/action-download-workflow-artifact,TypeScript
getsentry/sentry,billyvg,2323,billyvg/ACT_AurasPlugin,C#
getsentry/sentry,billyvg,2323,billyvg/advent-of-code,JavaScript
getsentry/sentry,billyvg,2323,billyvg/alacritty,Rust
getsentry/sentry,billyvg,2323,billyvg/alexa,JavaScript
getsentry/sentry,billyvg,2323,billyvg/astexplorer,JavaScript
getsentry/sentry,billyvg,2323,billyvg/awesome-react,JavaScript
getsentry/sentry,billyvg,2323,billyvg/babel-plugin-react-docgen,JavaScript
getsentry/sentry,billyvg,2323,billyvg/backbone,JavaScript
getsentry/sentry,billyvg,2323,billyvg/backbone.io,CoffeeScript
getsentry/sentry,billyvg,2323,billyvg/billy-test-gha,Shell
getsentry/sentry,billyvg,2323,billyvg/billydot,VimL
getsentry/sentry,billyvg,2323,billyvg/bitburner,JavaScript
getsentry/sentry,billyvg,2323,billyvg/blog,JavaScript
getsentry/sentry,billyvg,2323,billyvg/boardgame.io,JavaScript
getsentry/sentry,billyvg,2323,billyvg/bootstrap,JavaScript
getsentry/sentry,billyvg,2323,billyvg/budjet,JavaScript
getsentry/sentry,billyvg,2323,billyvg/build-your-own-mint,HTML
getsentry/sentry,billyvg,2323,billyvg/Camelot-Unchained,TypeScript
getsentry/sentry,billyvg,2323,billyvg/cb2promise,CoffeeScript
getsentry/sentry,billyvg,2323,billyvg/codemod-proptypes-to-flow,JavaScript
getsentry/sentry,scttcper,2308,scttcper/csv-fns,TypeScript
getsentry/sentry,scttcper,2308,scttcper/deluge,TypeScript
getsentry/sentry,scttcper,2308,scttcper/downsample-rspack-error,TypeScript
getsentry/sentry,scttcper,2308,scttcper/eslint-config,JavaScript
getsentry/sentry,scttcper,2308,scttcper/eslint-config-biome,JavaScript
getsentry/sentry,scttcper,2308,scttcper/eslint-config-react,JavaScript
getsentry/sentry,scttcper,2308,scttcper/eslint-config-react-biome,JavaScript
getsentry/sentry,scttcper,2308,scttcper/gatsby-casper,TypeScript
getsentry/sentry,scttcper,2308,scttcper/gatsby-theme-casper,TypeScript
getsentry/sentry,scttcper,2308,scttcper/gatsby-theme-casper-example,JavaScript
getsentry/sentry,scttcper,2308,scttcper/golang-template,TypeScript
getsentry/sentry,scttcper,2308,scttcper/hon-avatar,JavaScript
getsentry/sentry,scttcper,2308,scttcper/honbot-api,TypeScript
getsentry/sentry,scttcper,2308,scttcper/honbot-frontend,TypeScript
getsentry/sentry,scttcper,2308,scttcper/ingreedy-hangry-demo,HTML
getsentry/sentry,scttcper,2308,scttcper/irc,TypeScript
getsentry/sentry,scttcper,2308,scttcper/koa-cors-error,JavaScript
getsentry/sentry,scttcper,2308,scttcper/koa-simple-ratelimit,TypeScript
getsentry/sentry,scttcper,2308,scttcper/koa2-raven,JavaScript
getsentry/sentry,scttcper,2308,scttcper/koa2-swagger-ui,TypeScript
getsentry/sentry,scttcper,2308,scttcper/mac-address,TypeScript
getsentry/sentry,scttcper,2308,scttcper/magnet-link,TypeScript
getsentry/sentry,scttcper,2308,scttcper/ng-packagr,TypeScript
getsentry/sentry,ckj,1940,ckj/acts_as_commentable_with_threading,Ruby
getsentry/sentry,ckj,1940,ckj/Aristo-jQuery-UI-Theme,JavaScript
getsentry/sentry,ckj,1940,ckj/gatsby,JavaScript
getsentry/sentry,ckj,1940,ckj/gatsby-firebase-authentication,JavaScript
getsentry/sentry,ckj,1940,ckj/git-flow-completion,Shell
getsentry/sentry,ckj,1940,ckj/irccloud-prettier,CSS
getsentry/sentry,ckj,1940,ckj/mern-starter,JavaScript
getsentry/sentry,ckj,1940,ckj/pen,JavaScript
getsentry/sentry,ckj,1940,ckj/react-dropdown,JavaScript
getsentry/sentry,ckj,1940,ckj/react-magic-move,JavaScript
getsentry/sentry,ckj,1940,ckj/react-spline,TypeScript
getsentry/sentry,ckj,1940,ckj/shappens,JavaScript
getsentry/sentry,ckj,1940,ckj/shazbot,JavaScript
getsentry/sentry,ckj,1940,ckj/voellig-ohne-website,JavaScript
getsentry/sentry,mattrobenolt,1891,mattrobenolt/7languages,Ruby
getsentry/sentry,mattrobenolt,1891,mattrobenolt/adventofcode-2023,Zig
getsentry/sentry,mattrobenolt,1891,mattrobenolt/analytics.js-integration-sentry,JavaScript
getsentry/sentry,mattrobenolt,1891,mattrobenolt/analytics.js-integrations,JavaScript
getsentry/sentry,mattrobenolt,1891,mattrobenolt/AS3-Classes,ActionScript
getsentry/sentry,mattrobenolt,1891,mattrobenolt/autopprof,Go
getsentry/sentry,mattrobenolt,1891,mattrobenolt/blart,Go
getsentry/sentry,mattrobenolt,1891,mattrobenolt/ble,Go
getsentry/sentry,mattrobenolt,1891,mattrobenolt/boot2docker-cli,Go
getsentry/sentry,mattrobenolt,1891,mattrobenolt/bower,JavaScript
getsentry/sentry,mattrobenolt,1891,mattrobenolt/browser-stacks,JavaScript
getsentry/sentry,mattrobenolt,1891,mattrobenolt/buildpack-deps,Shell
getsentry/sentry,mattrobenolt,1891,mattrobenolt/callsite-shim,JavaScript
getsentry/sentry,mattrobenolt,1891,mattrobenolt/cdnjs,JavaScript
getsentry/sentry,mattrobenolt,1891,mattrobenolt/charts,Smarty
getsentry/sentry,mattrobenolt,1891,mattrobenolt/chef-datadog,Ruby
getsentry/sentry,mattrobenolt,1891,mattrobenolt/chef-duo-unix,Ruby
getsentry/sentry,mattrobenolt,1891,mattrobenolt/chef-sentry-handler,Ruby
getsentry/sentry,Zylphrex,1806,Zylphrex/aoc2020,Haskell
getsentry/sentry,Zylphrex,1806,Zylphrex/Asteroids,Java
getsentry/sentry,Zylphrex,1806,Zylphrex/bootstrap-osx,Shell
getsentry/sentry,Zylphrex,1806,Zylphrex/caffe,C++
getsentry/sentry,Zylphrex,1806,Zylphrex/heroku-buildpack-stack,Shell
getsentry/sentry,Zylphrex,1806,Zylphrex/hscc,Haskell
getsentry/sentry,Zylphrex,1806,Zylphrex/jasmine_test_utils,JavaScript
getsentry/sentry,Zylphrex,1806,Zylphrex/LazyVim.config,Lua
getsentry/sentry,Zylphrex,1806,Zylphrex/phantesta,JavaScript
getsentry/sentry,Zylphrex,1806,Zylphrex/react-testing-library-error-repro,JavaScript
getsentry/sentry,Zylphrex,1806,Zylphrex/searchtasks.vim,Vim script
getsentry/sentry,Zylphrex,1806,Zylphrex/tflint,Go
getsentry/sentry,mitsuhiko,1700,mitsuhiko/actix-website,HTML
getsentry/sentry,mitsuhiko,1700,mitsuhiko/aoc19,Rust
getsentry/sentry,mitsuhiko,1700,mitsuhiko/arewewebyet,CSS
getsentry/sentry,mitsuhiko,1700,mitsuhiko/argument,Rust
getsentry/sentry,mitsuhiko,1700,mitsuhiko/babel-website,CSS
getsentry/sentry,mitsuhiko,1700,mitsuhiko/backoff,Rust
getsentry/sentry,mitsuhiko,1700,mitsuhiko/bat,Rust
getsentry/sentry,mitsuhiko,1700,mitsuhiko/better-panic,Rust
getsentry/sentry,mitsuhiko,1700,mitsuhiko/blockpuzzle,C#
getsentry/sentry,mitsuhiko,1700,mitsuhiko/calm-test,JavaScript
getsentry/sentry,mitsuhiko,1700,mitsuhiko/cargo-expand,Rust
getsentry/sentry,mitsuhiko,1700,mitsuhiko/cbindgen,Rust
getsentry/sentry,mitsuhiko,1700,mitsuhiko/clap-rs,Rust
run-llama/llama_index,logan-markewich,927,logan-markewich/blog,Astro
run-llama/llama_index,logan-markewich,927,logan-markewich/bm25-rs,Rust
run-llama/llama_index,logan-markewich,927,logan-markewich/chromeos-filesystem-onedrive,JavaScript
run-llama/llama_index,logan-markewich,927,logan-markewich/flask_website_template,HTML
run-llama/llama_index,logan-markewich,927,logan-markewich/hci_prototype,JavaScript
run-llama/llama_index,logan-markewich,927,logan-markewich/llama-hub,Jupyter Notebook
run-llama/llama_index,logan-markewich,927,logan-markewich/logan-markewich.github.io,HTML
run-llama/llama_index,logan-markewich,927,logan-markewich/rag-stream-intermediate-events-tutorial,TypeScript
run-llama/llama_index,logan-markewich,927,logan-markewich/react-pdf-ner-annotator,TypeScript
run-llama/llama_index,jerryjliu,919,jerryjliu/3dexps,Lua
run-llama/llama_index,jerryjliu,919,jerryjliu/chroma-docs,CSS
run-llama/llama_index,jerryjliu,919,jerryjliu/dcgan_conditioned,Lua
run-llama/llama_index,jerryjliu,919,jerryjliu/googletest,C++
run-llama/llama_index,jerryjliu,919,jerryjliu/hackny2013,PHP
run-llama/llama_index,jerryjliu,919,jerryjliu/hpmentor,CSS
run-llama/llama_index,jerryjliu,919,jerryjliu/imgtalk,JavaScript
run-llama/llama_index,jerryjliu,919,jerryjliu/jerryjliu.github.io,SCSS
run-llama/llama_index,jerryjliu,919,jerryjliu/LightGBM,C++
run-llama/llama_index,jerryjliu,919,jerryjliu/nn,Lua
run-llama/llama_index,Disiok,210,Disiok/academic-website,HTML
run-llama/llama_index,Disiok,210,Disiok/augmeal,Java
run-llama/llama_index,Disiok,210,Disiok/binomial-pricing-opencl,C++
run-llama/llama_index,Disiok,210,Disiok/bucket,Java
run-llama/llama_index,Disiok,210,Disiok/chamber-crawler,C++
run-llama/llama_index,Disiok,210,Disiok/chexpert-fusion,HTML
run-llama/llama_index,Disiok,210,Disiok/coursera-stanford-ml,Matlab
run-llama/llama_index,Disiok,210,Disiok/dotfile,Shell
run-llama/llama_index,Disiok,210,Disiok/DSC-workshops,Jupyter Notebook
run-llama/llama_index,Disiok,210,Disiok/hunger-game,Jupyter Notebook
run-llama/llama_index,Disiok,210,Disiok/mchessengine,C++
run-llama/llama_index,Disiok,210,Disiok/myriad-chessengine,HTML
run-llama/llama_index,Disiok,210,Disiok/poetry-seq2seq,Jupyter Notebook
run-llama/llama_index,Disiok,210,Disiok/snap-location,Java
run-llama/llama_index,Disiok,210,Disiok/uw-cs350,C
run-llama/llama_index,Disiok,210,Disiok/uw-cs452,C
run-llama/llama_index,nerdai,169,nerdai/candle,Rust
run-llama/llama_index,nerdai,169,nerdai/cria_index,Jupyter Notebook
run-llama/llama_index,nerdai,169,nerdai/ivado-assignment,Jupyter Notebook
run-llama/llama_index,nerdai,169,nerdai/llama-hub,Jupyter Notebook
run-llama/llama_index,nerdai,169,nerdai/llama-index-migration-tools,Jupyter Notebook
run-llama/llama_index,nerdai,169,nerdai/llms-from-scratch-rs,Rust
run-llama/llama_index,nerdai,169,nerdai/math-textbook-solutions,Jupyter Notebook
run-llama/llama_index,nerdai,169,nerdai/MMDS_Exercises,Jupyter Notebook
run-llama/llama_index,hatianzhang,135,hatianzhang/Anserini,Java
run-llama/llama_index,hatianzhang,135,hatianzhang/BERT-Fine_tune,Jupyter Notebook
run-llama/llama_index,hatianzhang,135,hatianzhang/CAL,Shell
run-llama/llama_index,hatianzhang,135,hatianzhang/Castor,OpenEdge ABL
run-llama/llama_index,hatianzhang,135,hatianzhang/CNN,C++
run-llama/llama_index,hatianzhang,135,hatianzhang/CoreNLP_API,Java
run-llama/llama_index,hatianzhang,135,hatianzhang/GraecoLatinSquare,Java
run-llama/llama_index,hatianzhang,135,hatianzhang/HiCAL-1,HTML
run-llama/llama_index,hatianzhang,135,hatianzhang/MachineLearningStanford,Matlab
run-llama/llama_index,hatianzhang,135,hatianzhang/MARCO,C++
run-llama/llama_index,hatianzhang,135,hatianzhang/NCE_SM_Pytorch,C
run-llama/llama_index,hatianzhang,135,hatianzhang/PersonalWeb,HTML
run-llama/llama_index,hatianzhang,135,hatianzhang/xgboost,C++
run-llama/llama_index,ravi03071991,104,ravi03071991/anthropic-cookbook,Jupyter Notebook
run-llama/llama_index,ravi03071991,104,ravi03071991/Autoencoder-Tutorial-Session,Jupyter Notebook
run-llama/llama_index,ravi03071991,104,ravi03071991/caffe,C++
run-llama/llama_index,ravi03071991,104,ravi03071991/CoDraw,JavaScript
run-llama/llama_index,ravi03071991,104,ravi03071991/cookbook,Jupyter Notebook
run-llama/llama_index,ravi03071991,104,ravi03071991/Deeplearning.ai-Coursera-Assignments,Jupyter Notebook
run-llama/llama_index,ravi03071991,104,ravi03071991/Distributed-ML-with-Apache-Spark,Jupyter Notebook
run-llama/llama_index,ravi03071991,104,ravi03071991/fastai_deeplearn_part1,Jupyter Notebook
run-llama/llama_index,masci,102,masci/android-udoo-rover,Java
run-llama/llama_index,masci,102,masci/arduino-cli,Go
run-llama/llama_index,masci,102,masci/datadog,TypeScript
run-llama/llama_index,masci,102,masci/datadog-agent,Go
run-llama/llama_index,masci,102,masci/dev,HTML
run-llama/llama_index,masci,102,masci/drone-datadog,Go
run-llama/llama_index,masci,102,masci/drone-plugin-index,HTML
run-llama/llama_index,masci,102,masci/efp,Elixir
run-llama/llama_index,masci,102,masci/elastic-logs,TypeScript
run-llama/llama_index,masci,102,masci/errors,Go
run-llama/llama_index,masci,102,masci/flick-rsync,Go
run-llama/llama_index,masci,102,masci/flickr,Go
run-llama/llama_index,masci,102,masci/go-datadog-api,Go
run-llama/llama_index,masci,102,masci/go-gnuplot,Go
run-llama/llama_index,seldo,72,seldo/addrtoy,JavaScript
run-llama/llama_index,seldo,72,seldo/alpaca,JavaScript
run-llama/llama_index,seldo,72,seldo/angulartest,JavaScript
run-llama/llama_index,seldo,72,seldo/array-splice,JavaScript
run-llama/llama_index,seldo,72,seldo/basic_awesm_php_functions,PHP
run-llama/llama_index,seldo,72,seldo/begin-testing,HTML
run-llama/llama_index,seldo,72,seldo/binary-csv,JavaScript
run-llama/llama_index,seldo,72,seldo/careergrid,JavaScript
run-llama/llama_index,seldo,72,seldo/cat-fact,JavaScript
run-llama/llama_index,seldo,72,seldo/cdc-all-cause-death-counts,JavaScript
run-llama/llama_index,seldo,72,seldo/compact-uuid,JavaScript
run-llama/llama_index,seldo,72,seldo/content-based-recommendation-system,Jupyter Notebook
run-llama/llama_index,seldo,72,seldo/cookbook,Jupyter Notebook
run-llama/llama_index,seldo,72,seldo/create-llama-express,TypeScript
run-llama/llama_index,seldo,72,seldo/create-llama-next,TypeScript
run-llama/llama_index,seldo,72,seldo/create-llama-python,TypeScript
run-llama/llama_index,seldo,72,seldo/deptree,HTML
run-llama/llama_index,seldo,72,seldo/docker,Go
run-llama/llama_index,seldo,72,seldo/docs,JavaScript
run-llama/llama_index,seldo,72,seldo/dog-fact,JavaScript
run-llama/llama_index,seldo,72,seldo/dom-vs-innerhtml,JavaScript
run-llama/llama_index,seldo,72,seldo/ejs,JavaScript
run-llama/llama_index,seldo,72,seldo/embertest,JavaScript
run-llama/llama_index,seldo,72,seldo/es6-imports-sandbox,JavaScript
run-llama/llama_index,seldo,72,seldo/flint-test,JavaScript
run-llama/llama_index,seldo,72,seldo/game-of-life,JavaScript
run-llama/llama_index,jamesbraza,69,jamesbraza/cs330-project,Jupyter Notebook
run-llama/llama_index,jamesbraza,69,jamesbraza/hermit,HTML
run-llama/llama_index,jamesbraza,69,jamesbraza/onetwofoureight.com,HTML
run-llama/llama_index,jamesbraza,69,jamesbraza/tantivy-py,Rust
karpathy/nanoGPT,karpathy,160,karpathy/calorie,HTML
karpathy/nanoGPT,karpathy,160,karpathy/char-rnn,Lua
karpathy/nanoGPT,karpathy,160,karpathy/convnetjs,JavaScript
karpathy/nanoGPT,karpathy,160,karpathy/cryptos,Jupyter Notebook
karpathy/nanoGPT,karpathy,160,karpathy/deep-vector-quantization,Jupyter Notebook
karpathy/nanoGPT,karpathy,160,karpathy/EigenLibSVM,C++
karpathy/nanoGPT,karpathy,160,karpathy/forestjs,JavaScript
karpathy/nanoGPT,karpathy,160,karpathy/gitstats,HTML
karpathy/nanoGPT,karpathy,160,karpathy/karpathy.github.io,CSS
karpathy/nanoGPT,karpathy,160,karpathy/lecun1989-repro,Jupyter Notebook
karpathy/nanoGPT,karpathy,160,karpathy/lifejs,JavaScript
karpathy/nanoGPT,karpathy,160,karpathy/llama2.c,C
karpathy/nanoGPT,karpathy,160,karpathy/llm.c,Cuda
karpathy/nanoGPT,karpathy,160,karpathy/MatlabWrapper,C++
karpathy/nanoGPT,karpathy,160,karpathy/micrograd,Jupyter Notebook
karpathy/nanoGPT,karpathy,160,karpathy/neuraltalk2,Jupyter Notebook
karpathy/nanoGPT,apivovarov,4,apivovarov/adv-scala,Scala
karpathy/nanoGPT,apivovarov,4,apivovarov/akka-stocks,Scala
karpathy/nanoGPT,apivovarov,4,apivovarov/android-gps-db-service,Java
karpathy/nanoGPT,apivovarov,4,apivovarov/aws-dynamodb-encryption-java,Java
karpathy/nanoGPT,apivovarov,4,apivovarov/aws-dynamodb-examples,Java
karpathy/nanoGPT,apivovarov,4,apivovarov/c-plus-plus-a,C++
karpathy/nanoGPT,apivovarov,4,apivovarov/c1,C++
karpathy/nanoGPT,apivovarov,4,apivovarov/coreml_classifier,Swift
karpathy/nanoGPT,apivovarov,4,apivovarov/coursera-funscala,Scala
karpathy/nanoGPT,apivovarov,4,apivovarov/cs,C++
karpathy/nanoGPT,apivovarov,4,apivovarov/cs-scala,Scala
karpathy/nanoGPT,apivovarov,4,apivovarov/cuda-for-eng,C++
karpathy/nanoGPT,apivovarov,4,apivovarov/deploy-stable-diffusion-model-on-amazon-sagemaker-endpoint,Jupyter Notebook
karpathy/nanoGPT,apivovarov,4,apivovarov/dlc_tpm,C
karpathy/nanoGPT,apivovarov,4,apivovarov/dlr_adapter,C
karpathy/nanoGPT,apivovarov,4,apivovarov/dynamodb-titan-storage-backend,Java
karpathy/nanoGPT,apivovarov,4,apivovarov/effectivescala,Modelica
karpathy/nanoGPT,apivovarov,4,apivovarov/erat,C
karpathy/nanoGPT,danielgross,3,danielgross/ggml-k8s,HCL
karpathy/nanoGPT,danielgross,3,danielgross/nanoGPT,Jupyter Notebook
karpathy/nanoGPT,danielgross,3,danielgross/whatsapp-gpt,Go
karpathy/nanoGPT,YassineYousfi,2,YassineYousfi/alaska,OpenEdge ABL
karpathy/nanoGPT,YassineYousfi,2,YassineYousfi/EECE580G-DL4ECE,Jupyter Notebook
karpathy/nanoGPT,YassineYousfi,2,YassineYousfi/keras-io,Jupyter Notebook
karpathy/nanoGPT,YassineYousfi,2,YassineYousfi/Sequential-Learning,Jupyter Notebook
karpathy/nanoGPT,YassineYousfi,2,YassineYousfi/uncertain,Jupyter Notebook
karpathy/nanoGPT,YassineYousfi,2,YassineYousfi/yassineyousfi.github.io,JavaScript
karpathy/nanoGPT,otaviogood,2,otaviogood/carputer,Jupyter Notebook
karpathy/nanoGPT,otaviogood,2,otaviogood/EpidemicSim,JavaScript
karpathy/nanoGPT,otaviogood,2,otaviogood/Galaxies,C#
karpathy/nanoGPT,otaviogood,2,otaviogood/moteus,C++
karpathy/nanoGPT,otaviogood,2,otaviogood/otaviogood.github.io,JavaScript
karpathy/nanoGPT,otaviogood,2,otaviogood/shader_fontgen,HTML
karpathy/nanoGPT,otaviogood,2,otaviogood/StochasticRayTrace,GLSL
karpathy/nanoGPT,otaviogood,2,otaviogood/tinyOS,Svelte
karpathy/nanoGPT,okuvshynov,2,okuvshynov/b63,C
karpathy/nanoGPT,okuvshynov,2,okuvshynov/hcl,Rust
karpathy/nanoGPT,okuvshynov,2,okuvshynov/llama.cpp,C++
karpathy/nanoGPT,okuvshynov,2,okuvshynov/llama_duo,C++
karpathy/nanoGPT,okuvshynov,2,okuvshynov/okuvshynov.github.io,HTML
karpathy/nanoGPT,okuvshynov,2,okuvshynov/rwp,JavaScript
karpathy/nanoGPT,okuvshynov,2,okuvshynov/vimqq,Vim Script
karpathy/nanoGPT,okuvshynov,2,okuvshynov/vimrc,Vim Script
karpathy/nanoGPT,lantiga,2,lantiga/ATen,C
karpathy/nanoGPT,lantiga,2,lantiga/AxisArrays.jl,Julia
karpathy/nanoGPT,lantiga,2,lantiga/BunjeeCocoa,Objective-C
karpathy/nanoGPT,lantiga,2,lantiga/CLIInterface,C++
karpathy/nanoGPT,lantiga,2,lantiga/CLILibraries,C++
karpathy/nanoGPT,lantiga,2,lantiga/clj-toml,Clojure
karpathy/nanoGPT,lantiga,2,lantiga/clutch,Clojure
karpathy/nanoGPT,lantiga,2,lantiga/compojure,Clojure
karpathy/nanoGPT,lantiga,2,lantiga/cyitk,C
karpathy/nanoGPT,lantiga,2,lantiga/exoref,Clojure
karpathy/nanoGPT,lantiga,2,lantiga/FEMRI,C++
karpathy/nanoGPT,lantiga,2,lantiga/hirop,Clojure
karpathy/nanoGPT,lantiga,2,lantiga/hirop-compojure,Clojure
karpathy/nanoGPT,lantiga,2,lantiga/hirop-couchdb,Clojure
karpathy/nanoGPT,lantiga,2,lantiga/hirop-orientdb,Clojure
karpathy/nanoGPT,lantiga,2,lantiga/hirop-redis-store,Clojure
karpathy/nanoGPT,lantiga,2,lantiga/hyperplumbing,Clojure
karpathy/nanoGPT,lantiga,2,lantiga/ITK,C++
karpathy/nanoGPT,lantiga,2,lantiga/kaggle_plant-pathology,Jupyter Notebook
karpathy/nanoGPT,lantiga,2,lantiga/ki,JavaScript
karpathy/nanoGPT,lantiga,2,lantiga/lantiga.github.com,CSS
karpathy/nanoGPT,LaihoE,2,LaihoE/autovec-utf8-validation,Rust
karpathy/nanoGPT,LaihoE,2,LaihoE/csgo-demoparser,C++
karpathy/nanoGPT,LaihoE,2,LaihoE/demoinfocs-golang,Go
karpathy/nanoGPT,LaihoE,2,LaihoE/demoparser,Rust
karpathy/nanoGPT,LaihoE,2,LaihoE/demoparser-node-bindings,JavaScript
karpathy/nanoGPT,LaihoE,2,LaihoE/demoparser-wasm-demo,JavaScript
karpathy/nanoGPT,LaihoE,2,LaihoE/demosearcher,JavaScript
karpathy/nanoGPT,LaihoE,2,LaihoE/DLAC,Go
karpathy/nanoGPT,LaihoE,2,LaihoE/NN-from-np-scratch,Jupyter Notebook
karpathy/nanoGPT,LaihoE,2,LaihoE/ohjelmointi-21,JavaScript
karpathy/nanoGPT,LaihoE,2,LaihoE/ot-harjoitustyo,JavaScript
karpathy/nanoGPT,akashmjn,2,akashmjn/akashmjn.github.io,JavaScript
karpathy/nanoGPT,akashmjn,2,akashmjn/akashmjn.github.io-old,CSS
karpathy/nanoGPT,akashmjn,2,akashmjn/CNTK,C++
karpathy/nanoGPT,akashmjn,2,akashmjn/cs221-iMGM,Jupyter Notebook
karpathy/nanoGPT,akashmjn,2,akashmjn/cs224n-gpu-that-talks,Jupyter Notebook
karpathy/nanoGPT,akashmjn,2,akashmjn/cs341-ibm-seti,Jupyter Notebook
karpathy/nanoGPT,akashmjn,2,akashmjn/dotfiles,Vim script
karpathy/nanoGPT,akashmjn,2,akashmjn/kaldi,Shell
karpathy/nanoGPT,akashmjn,2,akashmjn/pytorch-kaldi,Perl
karpathy/nanoGPT,akashmjn,2,akashmjn/spotify-top200-breakdown,TeX
karpathy/nanoGPT,akashmjn,2,akashmjn/torch7,C
karpathy/nanoGPT,akashmjn,2,akashmjn/whisper,Jupyter Notebook
psf/black,ambv,372,ambv/.dot_files,Shell
psf/black,ambv,372,ambv/atom-delek-syntax,CSS
psf/black,ambv,372,ambv/awake,Lua
psf/black,ambv,372,ambv/black-online,HTML
psf/black,ambv,372,ambv/cla-bot,TypeScript
psf/black,ambv,372,ambv/dronecaster,SuperCollider
psf/black,ambv,372,ambv/edgedb-cli,Rust
psf/black,JelleZijlstra,193,JelleZijlstra/cnamedtuple,C
psf/black,ichard26,131,ichard26/black-mypyc-index,HTML
psf/black,ichard26,131,ichard26/hugo-PaperMod,HTML
psf/black,ichard26,131,ichard26/ichard26.github.io,CSS
psf/black,ichard26,131,ichard26/masml,C
psf/black,ichard26,131,ichard26/next-pr-number,HTML
psf/black,hauntsaninja,104,hauntsaninja/amazon-redshift-fundamentals,CSS
psf/black,hauntsaninja,104,hauntsaninja/Angram,Swift
psf/black,hauntsaninja,104,hauntsaninja/atom-black,JavaScript
psf/black,zsol,79,zsol/0ad,C++
psf/black,zsol,79,zsol/android_frameworks_base,Java
psf/black,zsol,79,zsol/ark,Ruby
psf/black,zsol,79,zsol/aws,Ruby
psf/black,zsol,79,zsol/azure-pipelines,Rust
psf/black,zsol,79,zsol/blacc,Rust
psf/black,zsol,79,zsol/buck-py-demo,Starlark
psf/black,zsol,79,zsol/buck2-prelude,Starlark
psf/black,zsol,79,zsol/code-together,Haskell
psf/black,zsol,79,zsol/cookbook-elasticsearch,Ruby
psf/black,zsol,79,zsol/cupapp,PHP
psf/black,zsol,79,zsol/digital_video_introduction,Jupyter Notebook
psf/black,zsol,79,zsol/docker,Go
psf/black,zsol,79,zsol/docker-registry-debug,Go
psf/black,zsol,79,zsol/docker-zipkin,Shell
psf/black,cooperlees,70,cooperlees/2038,Rust
psf/black,cooperlees,70,cooperlees/base_clis,Rust
psf/black,cooperlees,70,cooperlees/bindinator,PHP
psf/black,cooperlees,70,cooperlees/btrfs_exporter,Rust
psf/black,cooperlees,70,cooperlees/chef,Ruby
psf/black,cooperlees,70,cooperlees/docker-unifi-controller,Dockerfile
psf/black,cooperlees,70,cooperlees/dotfiles,Shell
psf/black,cooperlees,70,cooperlees/frr_bgp_watcher,Rust
psf/black,cooperlees,70,cooperlees/ggaflcal,PHP
psf/black,cooperlees,70,cooperlees/meta-terragraph,C++
psf/black,cooperlees,70,cooperlees/monitord,Rust
psf/black,cooperlees,70,cooperlees/monitord-exporter,Rust
psf/black,hugovk,50,hugovk/24pullrequests,Ruby
psf/black,hugovk,50,hugovk/67p.space,HTML
psf/black,hugovk,50,hugovk/actions,JavaScript
psf/black,hugovk,50,hugovk/alcohol-tester,HTML
psf/black,hugovk,50,hugovk/aminorthofthewatfordgap,JavaScript
psf/black,hugovk,50,hugovk/amisouthofthewatfordgap,JavaScript
psf/black,yilei,42,yilei/bazel,Java
psf/black,yilei,42,yilei/bazel-website,HTML
psf/black,yilei,42,yilei/certificate-transparency,C++
psf/black,yilei,42,yilei/elexim,C#
psf/black,yilei,42,yilei/fastlane,Ruby
psf/black,yilei,42,yilei/fluxflow,HTML
psf/black,yilei,42,yilei/goldmark,Go
psf/black,isidentical,25,isidentical/arrow-datafusion,Rust
psf/black,isidentical,25,isidentical/cuda.lol,HTML
mannaandpoem/OpenManus,mannaandpoem,106,mannaandpoem/2048_game,JavaScript
mannaandpoem/OpenManus,mannaandpoem,106,mannaandpoem/MetaGPT-docs,TypeScript
mannaandpoem/OpenManus,mannaandpoem,106,mannaandpoem/simple_calculator,JavaScript
mannaandpoem/OpenManus,fred913,49,fred913/appinventor-sources,Java
mannaandpoem/OpenManus,fred913,49,fred913/BeatSaber_BetterSongSearch_CN,C#
mannaandpoem/OpenManus,fred913,49,fred913/bilibili-API-collect,JavaScript
mannaandpoem/OpenManus,fred913,49,fred913/bilibili_followers,CSS
mannaandpoem/OpenManus,fred913,49,fred913/ChatGPT-Next-Web,TypeScript
mannaandpoem/OpenManus,fred913,49,fred913/ETS2LA-installer,NSIS
mannaandpoem/OpenManus,fred913,49,fred913/famyliam-backgrounds,Vue
mannaandpoem/OpenManus,XiangJinyu,38,XiangJinyu/AI-Paper,HTML
mannaandpoem/OpenManus,XiangJinyu,38,XiangJinyu/desk-emoji,C++
mannaandpoem/OpenManus,XiangJinyu,38,XiangJinyu/home,Vue
mannaandpoem/OpenManus,XiangJinyu,38,XiangJinyu/sb1-rfmmvj,TypeScript
mannaandpoem/OpenManus,XiangJinyu,38,XiangJinyu/xiangjinyu.github.io,TypeScript
mannaandpoem/OpenManus,MoshiQAQ,23,MoshiQAQ/FibonacciHeap,C++
mannaandpoem/OpenManus,MoshiQAQ,23,MoshiQAQ/moshiqaq.github.io,JavaScript
mannaandpoem/OpenManus,rxdaozhang,9,rxdaozhang/image-to-3d-bbox,Jupyter Notebook
mannaandpoem/OpenManus,zxmfke,8,zxmfke/asrfactory,Go
mannaandpoem/OpenManus,zxmfke,8,zxmfke/cacheAlgorithm,Go
mannaandpoem/OpenManus,zxmfke,8,zxmfke/dtm,Go
mannaandpoem/OpenManus,zxmfke,8,zxmfke/go-data-structure,Go
mannaandpoem/OpenManus,zxmfke,8,zxmfke/lgtm,Go
mannaandpoem/OpenManus,zxmfke,8,zxmfke/LSPosed,Java
mannaandpoem/OpenManus,zxmfke,8,zxmfke/Magisk,C++
mannaandpoem/OpenManus,zxmfke,8,zxmfke/swagger2openapi3,Go
mannaandpoem/OpenManus,zxmfke,8,zxmfke/tech_learning_NoteOrBook,Go
mannaandpoem/OpenManus,zxmfke,8,zxmfke/train,Go
mannaandpoem/OpenManus,XBsleepy,6,XBsleepy/2023_fall,Jupyter Notebook
mannaandpoem/OpenManus,XBsleepy,6,XBsleepy/learn_python,Jupyter Notebook
mannaandpoem/OpenManus,XBsleepy,6,XBsleepy/mini-pixels,C++
mannaandpoem/OpenManus,XBsleepy,6,XBsleepy/pixels,Java
mannaandpoem/OpenManus,XBsleepy,6,XBsleepy/ruc-info-courses,Jupyter Notebook
mannaandpoem/OpenManus,xyuzh,6,xyuzh/2023-GenerativeAIForQuantum,HTML
mannaandpoem/OpenManus,xyuzh,6,xyuzh/618-final-project,C++
mannaandpoem/OpenManus,xyuzh,6,xyuzh/ElevatorSimulation,C++
mannaandpoem/OpenManus,xyuzh,6,xyuzh/elevator_simulator,C++
mannaandpoem/OpenManus,xyuzh,6,xyuzh/ffmpeg_gui_mini,C++
mannaandpoem/OpenManus,xyuzh,6,xyuzh/openGL,C++
mannaandpoem/OpenManus,xyuzh,6,xyuzh/xyuzh.github.io,TypeScript
mannaandpoem/OpenManus,Kingtous,6,Kingtous/ai-car-panel,JavaScript
mannaandpoem/OpenManus,Kingtous,6,Kingtous/Android-ZBLibrary,Java
mannaandpoem/OpenManus,Kingtous,6,Kingtous/android_frameworks_base,Java
mannaandpoem/OpenManus,Kingtous,6,Kingtous/android_kernel_xiaomi_sdm845,C
mannaandpoem/OpenManus,Kingtous,6,Kingtous/android_packages_apps_Settings,Java
mannaandpoem/OpenManus,Kingtous,6,Kingtous/bilibili_server,Go
mannaandpoem/OpenManus,Kingtous,6,Kingtous/BluetoothServer,Java
mannaandpoem/OpenManus,Kingtous,6,Kingtous/Bots_Task_Result,C
mannaandpoem/OpenManus,Kingtous,6,Kingtous/bruno,Dart
mannaandpoem/OpenManus,Kingtous,6,Kingtous/cargo-bundle,Rust
mannaandpoem/OpenManus,Kingtous,6,Kingtous/chatgpt-wechat-backend,TypeScript
mannaandpoem/OpenManus,Kingtous,6,Kingtous/code-running-front,JavaScript
mannaandpoem/OpenManus,Kingtous,6,Kingtous/cross,Rust
mannaandpoem/OpenManus,Kingtous,6,Kingtous/cv,CSS
mannaandpoem/OpenManus,Kingtous,6,Kingtous/Dash-Chat-2,Dart
mannaandpoem/OpenManus,a-holm,5,a-holm/art-DCGAN,Lua
mannaandpoem/OpenManus,a-holm,5,a-holm/c-sharp.NET,C#
mannaandpoem/OpenManus,a-holm,5,a-holm/java_portfolio,Java
mannaandpoem/OpenManus,a-holm,5,a-holm/webtech,JavaScript
apache/airflow,potiuk,3816,potiuk/AARLinkSources,Groovy
apache/airflow,potiuk,3816,potiuk/airflow-api-clients,Java
apache/airflow,potiuk,3816,potiuk/airflow-docker,Shell
apache/airflow,potiuk,3816,potiuk/airflow-docker2,Shell
apache/airflow,potiuk,3816,potiuk/airflowsummit-website,HTML
apache/airflow,potiuk,3816,potiuk/alpha-omega,Open Policy Agent
apache/airflow,potiuk,3816,potiuk/apachecon-eu,HTML
apache/airflow,potiuk,3816,potiuk/appengine-tensorboard,Shell
apache/airflow,potiuk,3816,potiuk/beam,Java
apache/airflow,potiuk,3816,potiuk/cancel-workflow-runs,TypeScript
apache/airflow,potiuk,3816,potiuk/CodepotReact,JavaScript
apache/airflow,potiuk,3816,potiuk/community,JavaScript
apache/airflow,mistercrunch,1702,mistercrunch/acrylamps,JavaScript
apache/airflow,mistercrunch,1702,mistercrunch/airflow_webserver,JavaScript
apache/airflow,mistercrunch,1702,mistercrunch/arrow,C++
apache/airflow,mistercrunch,1702,mistercrunch/Bouncy,Java
apache/airflow,mistercrunch,1702,mistercrunch/CalOscATTINY,C
apache/airflow,mistercrunch,1702,mistercrunch/d3-horizon-chart,JavaScript
apache/airflow,mistercrunch,1702,mistercrunch/dashku,CoffeeScript
apache/airflow,mistercrunch,1702,mistercrunch/deck.gl,JavaScript
apache/airflow,mistercrunch,1702,mistercrunch/dotfiles,Vim script
apache/airflow,mistercrunch,1702,mistercrunch/dr-elephant,Java
apache/airflow,mistercrunch,1702,mistercrunch/druid,Java
apache/airflow,kaxil,1555,kaxil/airflow-kubernetes-blog,Jupyter Notebook
apache/airflow,kaxil,1555,kaxil/airflowsummit-website,HTML
apache/airflow,kaxil,1555,kaxil/analytics-platform-helm-charts,Smarty
apache/airflow,kaxil,1555,kaxil/ansible-elasticsearch,Ruby
apache/airflow,kaxil,1555,kaxil/astronomer,Dockerfile
apache/airflow,kaxil,1555,kaxil/beam,Java
apache/airflow,kaxil,1555,kaxil/boring-cyborg,JavaScript
apache/airflow,kaxil,1555,kaxil/docker-airflow,Shell
apache/airflow,kaxil,1555,kaxil/documents,Jupyter Notebook
apache/airflow,kaxil,1555,kaxil/GoogleScraper,HTML
apache/airflow,kaxil,1555,kaxil/happiness-levels,Java
apache/airflow,mik-laj,820,mik-laj/AdminLTE,PHP
apache/airflow,mik-laj,820,mik-laj/agata,JavaScript
apache/airflow,mik-laj,820,mik-laj/agenda-editor,HTML
apache/airflow,mik-laj,820,mik-laj/airflow-api-clients,Java
apache/airflow,mik-laj,820,mik-laj/airflow-client-go,Go
apache/airflow,mik-laj,820,mik-laj/airflow-docker-compose-examples,Jinja
apache/airflow,mik-laj,820,mik-laj/airflow-site,HTML
apache/airflow,mik-laj,820,mik-laj/airflow-triage-party,HCL
apache/airflow,mik-laj,820,mik-laj/ambasadorzy.siecobywatelska.pl,PHP
apache/airflow,mik-laj,820,mik-laj/angular,TypeScript
apache/airflow,mik-laj,820,mik-laj/angular2-cookie,JavaScript
apache/airflow,mik-laj,820,mik-laj/angular2-examples,TypeScript
apache/airflow,mik-laj,820,mik-laj/angular2-template-loader,JavaScript
apache/airflow,mik-laj,820,mik-laj/archiwum_tymonradzik_pl,CSS
apache/airflow,mik-laj,820,mik-laj/asm-c-adfgvx-decrypter,C++
apache/airflow,mik-laj,820,mik-laj/awesome-apache-airflow,Shell
apache/airflow,mik-laj,820,mik-laj/bake,PHP
apache/airflow,mik-laj,820,mik-laj/bip.siecobywatelska.pl,PHP
apache/airflow,ashb,808,ashb/apache-rat-docker,Dockerfile
apache/airflow,ashb,808,ashb/AWSnycast,Go
apache/airflow,ashb,808,ashb/Catalyst-Model-File,Perl
apache/airflow,ashb,808,ashb/catalyst-role-uriforchained,Perl
apache/airflow,ashb,808,ashb/class-discover,Perl
apache/airflow,ashb,808,ashb/confd,Go
apache/airflow,ashb,808,ashb/config-nvim,Lua
apache/airflow,ashb,808,ashb/cyrus2dovecot,Perl
apache/airflow,ashb,808,ashb/dc-terraform-provisioning,HCL
apache/airflow,dstandish,579,dstandish/aenv,Shell
apache/airflow,dstandish,579,dstandish/airflow-testing-elasticsearch,Shell
apache/airflow,dstandish,579,dstandish/oh-my-zsh,Shell
apache/airflow,bolkedebruin,537,bolkedebruin/airlock-dev-apache-ranger,Shell
apache/airflow,bolkedebruin,537,bolkedebruin/ambari,Java
apache/airflow,bolkedebruin,537,bolkedebruin/amundsenfrontendlibrary,TypeScript
apache/airflow,bolkedebruin,537,bolkedebruin/atlas,Java
apache/airflow,bolkedebruin,537,bolkedebruin/atlas-for-docker,Shell
apache/airflow,bolkedebruin,537,bolkedebruin/directory-kerby,Java
apache/airflow,bolkedebruin,537,bolkedebruin/druid,Java
apache/airflow,bolkedebruin,537,bolkedebruin/erhv-lovelace,TypeScript
apache/airflow,bolkedebruin,537,bolkedebruin/fuse-daemonset,Dockerfile
apache/airflow,bolkedebruin,537,bolkedebruin/gargoyle-s3proxy,Scala
apache/airflow,bolkedebruin,537,bolkedebruin/gargoyle-sts,Scala
apache/airflow,bolkedebruin,537,bolkedebruin/gokrb5,Go
apache/airflow,bolkedebruin,537,bolkedebruin/hadoop,Java
apache/airflow,bolkedebruin,537,bolkedebruin/hadoop-common,Java
apache/airflow,bolkedebruin,537,bolkedebruin/incubator-superset,JavaScript
apache/airflow,Taragolis,535,Taragolis/LightningLauncher,Java
apache/airflow,ephraimbuddy,535,ephraimbuddy/cuppy-static,JavaScript
apache/airflow,ephraimbuddy,535,ephraimbuddy/endoflife.date,Ruby
apache/airflow,ephraimbuddy,535,ephraimbuddy/mlclassification,HTML
apache/airflow,ephraimbuddy,535,ephraimbuddy/TourGuide,Java
apache/airflow,ephraimbuddy,535,ephraimbuddy/uwsgi_app,Mako
apache/airflow,ephraimbuddy,535,ephraimbuddy/wsgi-tutorial,Mako
chubin/cheat.sh,chubin,579,chubin/cheat.sheets,Shell
chubin/cheat.sh,chubin,579,chubin/LFSCN,XSLT
chubin/cheat.sh,chubin,579,chubin/oxidoc,Rust
chubin/cheat.sh,chubin,579,chubin/vscode-snippet,TypeScript
chubin/cheat.sh,chubin,579,chubin/vt10x,Go
chubin/cheat.sh,abitrolly,102,abitrolly/analytics-reporter,JavaScript
chubin/cheat.sh,abitrolly,102,abitrolly/any-balance-providers,JavaScript
chubin/cheat.sh,abitrolly,102,abitrolly/blockchain-demo,HTML
chubin/cheat.sh,bglopez,27,bglopez/blacknova,PHP
chubin/cheat.sh,bglopez,27,bglopez/fancyindex-scum,CSS
chubin/cheat.sh,bglopez,27,bglopez/hlbot,C++
chubin/cheat.sh,StrikingLoo,24,StrikingLoo/1mb-club,HTML
chubin/cheat.sh,StrikingLoo,24,StrikingLoo/altruisto,TypeScript
chubin/cheat.sh,StrikingLoo,24,StrikingLoo/ASOIAF-Markov,Jupyter Notebook
chubin/cheat.sh,StrikingLoo,24,StrikingLoo/AutoEncatter,Jupyter Notebook
chubin/cheat.sh,StrikingLoo,24,StrikingLoo/average-char,Assembly
chubin/cheat.sh,StrikingLoo,24,StrikingLoo/awesomeblog-club,TypeScript
chubin/cheat.sh,StrikingLoo,24,StrikingLoo/Cats-and-dogs-classifier-tensorflow-CNN,Jupyter Notebook
chubin/cheat.sh,StrikingLoo,24,StrikingLoo/CYOAEngine,HTML
chubin/cheat.sh,StrikingLoo,24,StrikingLoo/dask-dataframe-benchmarking,Jupyter Notebook
chubin/cheat.sh,StrikingLoo,24,StrikingLoo/digital-gardeners,JavaScript
chubin/cheat.sh,StrikingLoo,24,StrikingLoo/first-contributions,JavaScript
chubin/cheat.sh,StrikingLoo,24,StrikingLoo/firstSpider,HTML
chubin/cheat.sh,StrikingLoo,24,StrikingLoo/goLangProjects,Go
chubin/cheat.sh,StrikingLoo,24,StrikingLoo/Ingenieria-del-software-1,JavaScript
chubin/cheat.sh,StrikingLoo,24,StrikingLoo/K-means-image-compression,Jupyter Notebook
chubin/cheat.sh,StrikingLoo,24,StrikingLoo/kimbariri.github.io,SCSS
chubin/cheat.sh,grayed,18,grayed/AWiring,C#
chubin/cheat.sh,grayed,18,grayed/BMOSP,C
chubin/cheat.sh,grayed,18,grayed/bsd-upstreaming,C
chubin/cheat.sh,grayed,18,grayed/Clementine,C++
chubin/cheat.sh,grayed,18,grayed/DepRos,C#
chubin/cheat.sh,grayed,18,grayed/Heimdall,C++
chubin/cheat.sh,grayed,18,grayed/ipv6calc,C
chubin/cheat.sh,grayed,18,grayed/jenkins-yii,PHP
chubin/cheat.sh,grayed,18,grayed/kanboard,PHP
chubin/cheat.sh,grayed,18,grayed/kanboard-backlog,PHP
chubin/cheat.sh,grayed,18,grayed/kanboard-CardPushDate,PHP
chubin/cheat.sh,grayed,18,grayed/kmbo--21,C++
chubin/cheat.sh,grayed,18,grayed/Lab4b,C
chubin/cheat.sh,grayed,18,grayed/lumina,C++
chubin/cheat.sh,grayed,18,grayed/mirea-kmbo-prog-2021-2,C++
chubin/cheat.sh,grayed,18,grayed/mirea-os-cw,C
chubin/cheat.sh,grayed,18,grayed/mirea-os-kmbo-2021-2,C
chubin/cheat.sh,grayed,18,grayed/mirea-vm,Makefile
chubin/cheat.sh,grayed,18,grayed/monitoring-plugins,C
chubin/cheat.sh,grayed,18,grayed/NCalc,C#
chubin/cheat.sh,grayed,18,grayed/NumericUpDown,C#
chubin/cheat.sh,grayed,18,grayed/obs-studio,C
chubin/cheat.sh,grayed,18,grayed/oicb,C
chubin/cheat.sh,fedebuonco,11,fedebuonco/arduino-spotify,C++
chubin/cheat.sh,fedebuonco,11,fedebuonco/polybar,Shell
chubin/cheat.sh,fedebuonco,11,fedebuonco/Progetto_Malnati,C
chubin/cheat.sh,fedebuonco,11,fedebuonco/SpotyCYD,C
chubin/cheat.sh,fedebuonco,11,fedebuonco/YAPPPWN,Rust
chubin/cheat.sh,davep,10,davep/.emacs.d,Emacs Lisp
chubin/cheat.sh,davep,10,davep/.vim,Vim Script
chubin/cheat.sh,davep,10,davep/2bit.el,Emacs Lisp
chubin/cheat.sh,davep,10,davep/5x5-for-Chrome,JavaScript
chubin/cheat.sh,davep,10,davep/5x5-Palm,C
chubin/cheat.sh,davep,10,davep/5x5-react,JavaScript
chubin/cheat.sh,davep,10,davep/5x5-react-native,JavaScript
chubin/cheat.sh,davep,10,davep/5x5.el,Emacs Lisp
chubin/cheat.sh,davep,10,davep/avmmf.el,Emacs Lisp
chubin/cheat.sh,davep,10,davep/BahaiCalendar.pas,Pascal
chubin/cheat.sh,davep,10,davep/become.el,Emacs Lisp
chubin/cheat.sh,davep,10,davep/binclock.el,Emacs Lisp
chubin/cheat.sh,davep,10,davep/bootstrap-button-flash,HTML
chubin/cheat.sh,davep,10,davep/borked-venvs,Shell
chubin/cheat.sh,davep,10,davep/boxquote.el,Emacs Lisp
chubin/cheat.sh,mre,4,mre/6502-rs-fork,Rust
chubin/cheat.sh,mre,4,mre/actix-website,HTML
chubin/cheat.sh,mre,4,mre/akamai-edgeworker-action,Shell
chubin/cheat.sh,mre,4,mre/andygrunwald.github.io,HTML
chubin/cheat.sh,mre,4,mre/andygrunwald.github.io-1,HTML
chubin/cheat.sh,mre,4,mre/async-talk,HTML
chubin/cheat.sh,mre,4,mre/auto-redirect,Makefile
chubin/cheat.sh,mre,4,mre/awesome-rust,Rust
chubin/cheat.sh,mre,4,mre/awesome-static-analysis-ci,Rust
chubin/cheat.sh,mre,4,mre/beacon,JavaScript
chubin/cheat.sh,mre,4,mre/bit-vec,Rust
chubin/cheat.sh,mre,4,mre/bn,Rust
chubin/cheat.sh,Jan200101,3,Jan200101/3ds-splash,C
chubin/cheat.sh,Jan200101,3,Jan200101/admintool,C++
chubin/cheat.sh,Jan200101,3,Jan200101/arduino-mock,C++
chubin/cheat.sh,Jan200101,3,Jan200101/bd-normalizer,JavaScript
chubin/cheat.sh,Jan200101,3,Jan200101/BRC-QuickGraffiti,C#
chubin/cheat.sh,Jan200101,3,Jan200101/CenteredScoreboard,ReScript
chubin/cheat.sh,Jan200101,3,Jan200101/cffi-lua,C++
chubin/cheat.sh,Jan200101,3,Jan200101/cgci,C
chubin/cheat.sh,Jan200101,3,Jan200101/cmakedefine-test,Zig
chubin/cheat.sh,Jan200101,3,Jan200101/fuseec,C
OpenBB-finance/OpenBB,jmaslek,1035,jmaslek/BEC_Detection,Jupyter Notebook
OpenBB-finance/OpenBB,jmaslek,1035,jmaslek/UMD_DataChallenge,Jupyter Notebook
OpenBB-finance/OpenBB,deeleeramone,595,deeleeramone/docs,TypeScript
OpenBB-finance/OpenBB,montezdesousa,562,montezdesousa/autocomplete,Java
OpenBB-finance/OpenBB,montezdesousa,562,montezdesousa/chrome-dino,Jupyter Notebook
OpenBB-finance/OpenBB,montezdesousa,562,montezdesousa/isctorrent,Java
OpenBB-finance/OpenBB,montezdesousa,562,montezdesousa/operating-systems,C
OpenBB-finance/OpenBB,montezdesousa,562,montezdesousa/sokoban,Java
OpenBB-finance/OpenBB,aia,384,aia/ansible-amazon-base,YAML
OpenBB-finance/OpenBB,aia,384,aia/avro,Java
OpenBB-finance/OpenBB,aia,384,aia/avro-gem-jruby,Ruby
OpenBB-finance/OpenBB,aia,384,aia/backdat,Ruby
OpenBB-finance/OpenBB,aia,384,aia/beanstalk-worker,Ruby
OpenBB-finance/OpenBB,aia,384,aia/beanstalkd,C
OpenBB-finance/OpenBB,aia,384,aia/boilgrape,Ruby
OpenBB-finance/OpenBB,aia,384,aia/camlistore,Go
OpenBB-finance/OpenBB,aia,384,aia/cassandra,Ruby
OpenBB-finance/OpenBB,aia,384,aia/centos,Shell
OpenBB-finance/OpenBB,aia,384,aia/chef,Ruby
OpenBB-finance/OpenBB,aia,384,aia/collectsnmp,Ruby
OpenBB-finance/OpenBB,aia,384,aia/cookbook-syslog-ng,Ruby
OpenBB-finance/OpenBB,aia,384,aia/crowd-ldap-server,Java
OpenBB-finance/OpenBB,aia,384,aia/deployment,Ruby
OpenBB-finance/OpenBB,aia,384,aia/diaspora,Ruby
OpenBB-finance/OpenBB,aia,384,aia/em_aws,Ruby
OpenBB-finance/OpenBB,aia,384,aia/etcd-operator,Go
OpenBB-finance/OpenBB,aia,384,aia/fake-s3,Ruby
OpenBB-finance/OpenBB,aia,384,aia/fakelia,Ruby
OpenBB-finance/OpenBB,aia,384,aia/fog,Ruby
OpenBB-finance/OpenBB,aia,384,aia/foodcritic,Ruby
OpenBB-finance/OpenBB,aia,384,aia/ftprs,JavaScript
OpenBB-finance/OpenBB,aia,384,aia/galaxy,Ruby
OpenBB-finance/OpenBB,aia,384,aia/galois,Ruby
OpenBB-finance/OpenBB,aia,384,aia/goblin,Go
OpenBB-finance/OpenBB,aia,384,aia/goconvey,Go
OpenBB-finance/OpenBB,aia,384,aia/icinga-nsca,Shell
OpenBB-finance/OpenBB,colin99d,360,colin99d/BankCLI,C
OpenBB-finance/OpenBB,colin99d,360,colin99d/BibleGatewayEnhancements,JavaScript
OpenBB-finance/OpenBB,colin99d,360,colin99d/configs,Vim Script
OpenBB-finance/OpenBB,colin99d,360,colin99d/CPAGrade,HTML
OpenBB-finance/OpenBB,colin99d,360,colin99d/data-analytics-se,Jupyter Notebook
OpenBB-finance/OpenBB,colin99d,360,colin99d/daytrader,CSS
OpenBB-finance/OpenBB,colin99d,360,colin99d/explore,C
OpenBB-finance/OpenBB,colin99d,360,colin99d/friend-registration,TypeScript
OpenBB-finance/OpenBB,colin99d,360,colin99d/http-receiver,Rust
OpenBB-finance/OpenBB,colin99d,360,colin99d/LinkedinPractice,JavaScript
OpenBB-finance/OpenBB,colin99d,360,colin99d/pytropd,Jupyter Notebook
OpenBB-finance/OpenBB,colin99d,360,colin99d/randomticker,Rust
OpenBB-finance/OpenBB,colin99d,360,colin99d/ruff,Rust
OpenBB-finance/OpenBB,hjoaquim,254,hjoaquim/applied-ai,Jupyter Notebook
OpenBB-finance/OpenBB,hjoaquim,254,hjoaquim/covidsym,CSS
OpenBB-finance/OpenBB,hjoaquim,254,hjoaquim/onewheel-blog,TypeScript
OpenBB-finance/OpenBB,hjoaquim,254,hjoaquim/psn-fs-js-hj,Jupyter Notebook
OpenBB-finance/OpenBB,hjoaquim,254,hjoaquim/simplified-excel,Assembly
OpenBB-finance/OpenBB,hjoaquim,254,hjoaquim/topics-ai-ds,Jupyter Notebook
OpenBB-finance/OpenBB,hjoaquim,254,hjoaquim/virtual-enterprises,Jupyter Notebook
OpenBB-finance/OpenBB,hjoaquim,254,hjoaquim/weather-station,C
OpenBB-finance/OpenBB,JerBouma,187,JerBouma/AlgorithmicTrading,Jupyter Notebook
OpenBB-finance/OpenBB,JerBouma,187,JerBouma/FinanceDatabase,Jupyter Notebook
OpenBB-finance/OpenBB,JerBouma,187,JerBouma/jerbouma.github.io,JavaScript
OpenBB-finance/OpenBB,tehcoderer,154,tehcoderer/docs,TypeScript
OpenBB-finance/OpenBB,tehcoderer,154,tehcoderer/hassio-addons,Shell
OpenBB-finance/OpenBB,tehcoderer,154,tehcoderer/SmartThingsPublic,Groovy
OpenBB-finance/OpenBB,tehcoderer,154,tehcoderer/snowflake-rs,Rust
OpenBB-finance/OpenBB,jose-donato,138,jose-donato/.dotfiles,Lua
OpenBB-finance/OpenBB,jose-donato,138,jose-donato/bench_sless,JavaScript
OpenBB-finance/OpenBB,jose-donato,138,jose-donato/boilerplate-fastify-knex-graphql,JavaScript
OpenBB-finance/OpenBB,jose-donato,138,jose-donato/btc-100k,TypeScript
OpenBB-finance/OpenBB,jose-donato,138,jose-donato/budgetguru,Svelte
OpenBB-finance/OpenBB,jose-donato,138,jose-donato/chaos-string-tester,JavaScript
OpenBB-finance/OpenBB,jose-donato,138,jose-donato/custom-svg-test,JavaScript
OpenBB-finance/OpenBB,jose-donato,138,jose-donato/ddss-demo,JavaScript
OpenBB-finance/OpenBB,jose-donato,138,jose-donato/docs,TypeScript
OpenBB-finance/OpenBB,jose-donato,138,jose-donato/dofiles,Vim script
OpenBB-finance/OpenBB,jose-donato,138,jose-donato/emojisense,TypeScript
OpenBB-finance/OpenBB,jose-donato,138,jose-donato/expenses,Dart
OpenBB-finance/OpenBB,jose-donato,138,jose-donato/expo-notifications-tool,JavaScript
OpenBB-finance/OpenBB,jose-donato,138,jose-donato/f1carlaunchdates,Astro
OpenBB-finance/OpenBB,jose-donato,138,jose-donato/fullstackopen,JavaScript
OpenBB-finance/OpenBB,jose-donato,138,jose-donato/great-gatsby-bootcamp,CSS
OpenBB-finance/OpenBB,jose-donato,138,jose-donato/hotlapmode.app,Svelte
OpenBB-finance/OpenBB,jose-donato,138,jose-donato/infomusic,Java
OpenBB-finance/OpenBB,Chavithra,135,Chavithra/isep_infra,PHP
OpenBB-finance/OpenBB,Chavithra,135,Chavithra/keras-io,Jupyter Notebook
OpenBB-finance/OpenBB,Chavithra,135,Chavithra/mynews,Shell
OpenBB-finance/OpenBB,Chavithra,135,Chavithra/sugarcrm-apiwrapper,PHP
google-research/bert,cbockman,3,cbockman/beam,Java
google-research/bert,cbockman,3,cbockman/k8s,Go
google-research/bert,cbockman,3,cbockman/ner-lstm,C
google-research/bert,cbockman,3,cbockman/Quantitative-Notebooks,Jupyter Notebook
google-research/bert,cbockman,3,cbockman/tensorflow,C++
google-research/bert,dalequark,3,dalequark/apps-script-samples,JavaScript
google-research/bert,dalequark,3,dalequark/Arduino,C
google-research/bert,dalequark,3,dalequark/ArduinoPong,Arduino
google-research/bert,dalequark,3,dalequark/beaglecache,C++
google-research/bert,dalequark,3,dalequark/beaglecacheold,Shell
google-research/bert,dalequark,3,dalequark/blast,JavaScript
google-research/bert,dalequark,3,dalequark/blogdrop,CSS
google-research/bert,dalequark,3,dalequark/daleonai,SCSS
google-research/bert,dalequark,3,dalequark/dalequark.github.io,Eagle
google-research/bert,dalequark,3,dalequark/dales_website,JavaScript
google-research/bert,dalequark,3,dalequark/dale_markowitz,HTML
google-research/bert,dalequark,3,dalequark/dialogflow_streaming_workshop,JavaScript
google-research/bert,dalequark,3,dalequark/dialogflow_translation,JavaScript
google-research/bert,dalequark,3,dalequark/distanceVect,Java
google-research/bert,dalequark,3,dalequark/eloquate,JavaScript
google-research/bert,dalequark,3,dalequark/emotivExperiment,Java
google-research/bert,dalequark,3,dalequark/extend-word2vec-nearest-neighbor,JavaScript
google-research/bert,dalequark,3,dalequark/firebase-react-mui,JavaScript
google-research/bert,dalequark,3,dalequark/g,JavaScript
google-research/bert,abhishekraok,2,abhishekraok/classworks,C
google-research/bert,abhishekraok,2,abhishekraok/fastText,C++
google-research/bert,abhishekraok,2,abhishekraok/FSharpKoans,F#
google-research/bert,abhishekraok,2,abhishekraok/GraphMap,Jupyter Notebook
google-research/bert,abhishekraok,2,abhishekraok/hackerrank-templates,Java
google-research/bert,abhishekraok,2,abhishekraok/Java,Java
google-research/bert,abhishekraok,2,abhishekraok/kim-cnn-vis,JavaScript
google-research/bert,abhishekraok,2,abhishekraok/MachineLearningNotebooks,Jupyter Notebook
google-research/bert,abhishekraok,2,abhishekraok/openseadragon,JavaScript
google-research/bert,abhishekraok,2,abhishekraok/pointer-generator,JavaScript
google-research/bert,abhishekraok,2,abhishekraok/ProjectOxford-ClientSDK,Jupyter Notebook
google-research/bert,abhishekraok,2,abhishekraok/promising-patterns,Jupyter Notebook
google-research/bert,BogdanDidenko,2,BogdanDidenko/binanceBot,JavaScript
google-research/bert,BogdanDidenko,2,BogdanDidenko/ckeditor-dev,HTML
google-research/bert,BogdanDidenko,2,BogdanDidenko/ckeditor5-ui,JavaScript
google-research/bert,BogdanDidenko,2,BogdanDidenko/didactic-network,Jupyter Notebook
google-research/bert,BogdanDidenko,2,BogdanDidenko/greedclout,CSS
google-research/bert,BogdanDidenko,2,BogdanDidenko/imageManager,JavaScript
google-research/bert,BogdanDidenko,2,BogdanDidenko/neb.js,JavaScript
google-research/bert,BogdanDidenko,2,BogdanDidenko/nebulas-docks.github.io,CSS
google-research/bert,BogdanDidenko,2,BogdanDidenko/react-bitclout-login,JavaScript
google-research/bert,BogdanDidenko,2,BogdanDidenko/signing-cloutmegazord-old,JavaScript
google-research/bert,BogdanDidenko,2,BogdanDidenko/Skin-Lesion-Analyzer,Jupyter Notebook
google-research/bert,BogdanDidenko,2,BogdanDidenko/studyHelp,JavaScript
google-research/bert,BogdanDidenko,2,BogdanDidenko/vscode-m2-format-helper,JavaScript
google-research/bert,eric-haibin-lin,2,eric-haibin-lin/15418-asst3,C++
google-research/bert,eric-haibin-lin,2,eric-haibin-lin/Analyzing-Program-Performance-on-a-Multi-Core-CPU,C++
google-research/bert,eric-haibin-lin,2,eric-haibin-lin/Android-Minion-Card-Game,Java
google-research/bert,eric-haibin-lin,2,eric-haibin-lin/berkeley-stat-157,Jupyter Notebook
google-research/bert,eric-haibin-lin,2,eric-haibin-lin/bert-cluster-script,Shell
google-research/bert,eric-haibin-lin,2,eric-haibin-lin/blog,CSS
google-research/bert,eric-haibin-lin,2,eric-haibin-lin/Chinese-Chess-AI,Java
google-research/bert,eric-haibin-lin,2,eric-haibin-lin/CLIP,Jupyter Notebook
google-research/bert,eric-haibin-lin,2,eric-haibin-lin/cluster-sync,Shell
google-research/bert,eric-haibin-lin,2,eric-haibin-lin/CNTK,C++
google-research/bert,eric-haibin-lin,2,eric-haibin-lin/concurrentqueue,C++
google-research/bert,slavpetrov,2,slavpetrov/berkeleyparser,Java
google-research/bert,slavpetrov,2,slavpetrov/mlcomp,Ruby
google-research/bert,zhaoyongke,1,zhaoyongke/Caffe21Days,C++
google-research/bert,zhaoyongke,1,zhaoyongke/DAIBench,Shell
google-research/bert,zhaoyongke,1,zhaoyongke/DeepBench,C++
google-research/bert,zhaoyongke,1,zhaoyongke/Griffin-public,C++
google-research/bert,soloice,1,soloice/ADW,Java
google-research/bert,soloice,1,soloice/Assignment2,R
google-research/bert,soloice,1,soloice/char-rnn,Lua
google-research/bert,soloice,1,soloice/cicling-2016,C++
google-research/bert,soloice,1,soloice/clojurescript,Clojure
google-research/bert,soloice,1,soloice/cnpy,C++
google-research/bert,soloice,1,soloice/compare,C
google-research/bert,soloice,1,soloice/CWE,C
google-research/bert,soloice,1,soloice/docs,Jupyter Notebook
google-research/bert,soloice,1,soloice/FDTD3D,C++
google-research/bert,soloice,1,soloice/Google-Codejam-Kickstart-Round-A-2017,C++
google-research/bert,soloice,1,soloice/GraphicalModel,HTML
google-research/bert,soloice,1,soloice/GraphTheoryTemplates,C++
google-research/bert,soloice,1,soloice/HinglishSentiment,Ruby
floodsung/Deep-Learning-Papers-Reading-Roadmap,floodsung,10,floodsung/3D-Protractor,Objective-C
floodsung/Deep-Learning-Papers-Reading-Roadmap,floodsung,10,floodsung/Air-Drum,Objective-C
floodsung/Deep-Learning-Papers-Reading-Roadmap,floodsung,10,floodsung/asms,C++
floodsung/Deep-Learning-Papers-Reading-Roadmap,floodsung,10,floodsung/Blog,CSS
floodsung/Deep-Learning-Papers-Reading-Roadmap,floodsung,10,floodsung/cifar.torch,Lua
floodsung/Deep-Learning-Papers-Reading-Roadmap,floodsung,10,floodsung/CLDrone,C++
floodsung/Deep-Learning-Papers-Reading-Roadmap,floodsung,10,floodsung/csb-4ge1e3,HTML
floodsung/Deep-Learning-Papers-Reading-Roadmap,floodsung,10,floodsung/darknet,C
floodsung/Deep-Learning-Papers-Reading-Roadmap,floodsung,10,floodsung/ddpg-1,Jupyter Notebook
floodsung/Deep-Learning-Papers-Reading-Roadmap,floodsung,10,floodsung/DeepMind-Atari-Deep-Q-Learner,Lua
floodsung/Deep-Learning-Papers-Reading-Roadmap,floodsung,10,floodsung/DeepTerrainRL,C++
floodsung/Deep-Learning-Papers-Reading-Roadmap,floodsung,10,floodsung/DNC-tensorflow,Jupyter Notebook
floodsung/Deep-Learning-Papers-Reading-Roadmap,Hrant-Khachatrian,4,Hrant-Khachatrian/blog,CSS
floodsung/Deep-Learning-Papers-Reading-Roadmap,Hrant-Khachatrian,4,Hrant-Khachatrian/caniuse,JavaScript
floodsung/Deep-Learning-Papers-Reading-Roadmap,Hrant-Khachatrian,4,Hrant-Khachatrian/Hebbian,TeX
floodsung/Deep-Learning-Papers-Reading-Roadmap,Hrant-Khachatrian,4,Hrant-Khachatrian/horizontal-loader-metro-style,CSS
floodsung/Deep-Learning-Papers-Reading-Roadmap,Hrant-Khachatrian,4,Hrant-Khachatrian/Interval-edge-colorings-of-graphs-PhD,TeX
floodsung/Deep-Learning-Papers-Reading-Roadmap,Hrant-Khachatrian,4,Hrant-Khachatrian/jalammar.github.io,JavaScript
floodsung/Deep-Learning-Papers-Reading-Roadmap,Hrant-Khachatrian,4,Hrant-Khachatrian/jQuery-Knob,JavaScript
floodsung/Deep-Learning-Papers-Reading-Roadmap,Hrant-Khachatrian,4,Hrant-Khachatrian/jquery-textcomplete,CSS
floodsung/Deep-Learning-Papers-Reading-Roadmap,Hrant-Khachatrian,4,Hrant-Khachatrian/RoomReservations,JavaScript
floodsung/Deep-Learning-Papers-Reading-Roadmap,Hrant-Khachatrian,4,Hrant-Khachatrian/WikiAutoDates,JavaScript
floodsung/Deep-Learning-Papers-Reading-Roadmap,dikshantsagar,3,dikshantsagar/AcadBot,Jupyter Notebook
floodsung/Deep-Learning-Papers-Reading-Roadmap,dikshantsagar,3,dikshantsagar/animated-intro-section,CSS
floodsung/Deep-Learning-Papers-Reading-Roadmap,dikshantsagar,3,dikshantsagar/BallVsBlocksGame,Java
floodsung/Deep-Learning-Papers-Reading-Roadmap,dikshantsagar,3,dikshantsagar/bashscripts,Shell
floodsung/Deep-Learning-Papers-Reading-Roadmap,dikshantsagar,3,dikshantsagar/calculator,Java
floodsung/Deep-Learning-Papers-Reading-Roadmap,dikshantsagar,3,dikshantsagar/CalculatorWeb,JavaScript
floodsung/Deep-Learning-Papers-Reading-Roadmap,dikshantsagar,3,dikshantsagar/CGAN-Face-Emotion-Generation,Jupyter Notebook
floodsung/Deep-Learning-Papers-Reading-Roadmap,dikshantsagar,3,dikshantsagar/cosmos,C++
floodsung/Deep-Learning-Papers-Reading-Roadmap,dikshantsagar,3,dikshantsagar/Covid-Webapp,CSS
floodsung/Deep-Learning-Papers-Reading-Roadmap,dikshantsagar,3,dikshantsagar/creative-computing-society.github.io,HTML
floodsung/Deep-Learning-Papers-Reading-Roadmap,dikshantsagar,3,dikshantsagar/CVLaTeX,TeX
floodsung/Deep-Learning-Papers-Reading-Roadmap,dikshantsagar,3,dikshantsagar/dikshantsagar.github.io,HTML
floodsung/Deep-Learning-Papers-Reading-Roadmap,dikshantsagar,3,dikshantsagar/ECG-Webapp,CSS
floodsung/Deep-Learning-Papers-Reading-Roadmap,dikshantsagar,3,dikshantsagar/FakeNewsDetector,Jupyter Notebook
floodsung/Deep-Learning-Papers-Reading-Roadmap,dikshantsagar,3,dikshantsagar/FindMyBlood,CSS
floodsung/Deep-Learning-Papers-Reading-Roadmap,dikshantsagar,3,dikshantsagar/GCN-MM,Jupyter Notebook
floodsung/Deep-Learning-Papers-Reading-Roadmap,dikshantsagar,3,dikshantsagar/GitHubGraduation-2021,JavaScript
floodsung/Deep-Learning-Papers-Reading-Roadmap,dikshantsagar,3,dikshantsagar/Hacktoberfest,HTML
floodsung/Deep-Learning-Papers-Reading-Roadmap,dikshantsagar,3,dikshantsagar/Hacktoberfest-Sign-In,HTML
floodsung/Deep-Learning-Papers-Reading-Roadmap,mjanv,3,mjanv/devoxx-2023,JavaScript
floodsung/Deep-Learning-Papers-Reading-Roadmap,mjanv,3,mjanv/dotfiles,Lua
floodsung/Deep-Learning-Papers-Reading-Roadmap,mjanv,3,mjanv/elixir-assistant,JavaScript
floodsung/Deep-Learning-Papers-Reading-Roadmap,mjanv,3,mjanv/elixir-demos,Elixir
floodsung/Deep-Learning-Papers-Reading-Roadmap,mjanv,3,mjanv/exchess,JavaScript
floodsung/Deep-Learning-Papers-Reading-Roadmap,mjanv,3,mjanv/gameoflife,Elixir
floodsung/Deep-Learning-Papers-Reading-Roadmap,mjanv,3,mjanv/kino_discord,Elixir
floodsung/Deep-Learning-Papers-Reading-Roadmap,mjanv,3,mjanv/microservices-in-times-of-elixir,Elixir
floodsung/Deep-Learning-Papers-Reading-Roadmap,mjanv,3,mjanv/minimal-elixir-api,Elixir
floodsung/Deep-Learning-Papers-Reading-Roadmap,mjanv,3,mjanv/pire-commu-speedons.github.io,HTML
floodsung/Deep-Learning-Papers-Reading-Roadmap,mjanv,3,mjanv/roadbook,Elixir
floodsung/Deep-Learning-Papers-Reading-Roadmap,mjanv,3,mjanv/snowcamp-2023,JavaScript
floodsung/Deep-Learning-Papers-Reading-Roadmap,mjanv,3,mjanv/sunny-tech-2023,JavaScript
floodsung/Deep-Learning-Papers-Reading-Roadmap,mjanv,3,mjanv/twitch-story,Elixir
floodsung/Deep-Learning-Papers-Reading-Roadmap,mjanv,3,mjanv/voxxed-days-2023,JavaScript
floodsung/Deep-Learning-Papers-Reading-Roadmap,7oud,2,7oud/7oud.github.io,HTML
floodsung/Deep-Learning-Papers-Reading-Roadmap,7oud,2,7oud/caffe-microsoft-fork,C++
floodsung/Deep-Learning-Papers-Reading-Roadmap,7oud,2,7oud/caffe-ssd-win,C++
floodsung/Deep-Learning-Papers-Reading-Roadmap,7oud,2,7oud/cuda-convnet,Cuda
floodsung/Deep-Learning-Papers-Reading-Roadmap,7oud,2,7oud/cuda-convnet2,Cuda
floodsung/Deep-Learning-Papers-Reading-Roadmap,7oud,2,7oud/exp_build_win_tf,PowerShell
floodsung/Deep-Learning-Papers-Reading-Roadmap,clouds56,2,clouds56/akula,Rust
floodsung/Deep-Learning-Papers-Reading-Roadmap,clouds56,2,clouds56/assimp-sys,Rust
floodsung/Deep-Learning-Papers-Reading-Roadmap,clouds56,2,clouds56/atasks,Rust
floodsung/Deep-Learning-Papers-Reading-Roadmap,clouds56,2,clouds56/aur-rtl8812au,Shell
floodsung/Deep-Learning-Papers-Reading-Roadmap,clouds56,2,clouds56/bot_forcast56,Rust
floodsung/Deep-Learning-Papers-Reading-Roadmap,clouds56,2,clouds56/carsier,Rust
floodsung/Deep-Learning-Papers-Reading-Roadmap,clouds56,2,clouds56/certtool,Makefile
floodsung/Deep-Learning-Papers-Reading-Roadmap,clouds56,2,clouds56/cocopa,TypeScript
floodsung/Deep-Learning-Papers-Reading-Roadmap,clouds56,2,clouds56/CourseraHelper,JavaScript
floodsung/Deep-Learning-Papers-Reading-Roadmap,clouds56,2,clouds56/cpp_task,C++
floodsung/Deep-Learning-Papers-Reading-Roadmap,clouds56,2,clouds56/crnlib,Rust
floodsung/Deep-Learning-Papers-Reading-Roadmap,clouds56,2,clouds56/ctypes,C++
floodsung/Deep-Learning-Papers-Reading-Roadmap,clouds56,2,clouds56/EasyUI,Lua
floodsung/Deep-Learning-Papers-Reading-Roadmap,clouds56,2,clouds56/frida-gum,C
floodsung/Deep-Learning-Papers-Reading-Roadmap,clouds56,2,clouds56/harmony,CoffeeScript
floodsung/Deep-Learning-Papers-Reading-Roadmap,clouds56,2,clouds56/JX3Clouds,Lua
floodsung/Deep-Learning-Papers-Reading-Roadmap,clouds56,2,clouds56/MP3.jl,Julia
floodsung/Deep-Learning-Papers-Reading-Roadmap,clouds56,2,clouds56/node-cache,JavaScript
floodsung/Deep-Learning-Papers-Reading-Roadmap,clouds56,2,clouds56/oneorange,Go
floodsung/Deep-Learning-Papers-Reading-Roadmap,lzx1413,2,lzx1413/AndroidMarkerARDemo,C++
floodsung/Deep-Learning-Papers-Reading-Roadmap,lzx1413,2,lzx1413/caffe,C++
floodsung/Deep-Learning-Papers-Reading-Roadmap,lzx1413,2,lzx1413/CaffeModelShow,C++
floodsung/Deep-Learning-Papers-Reading-Roadmap,lzx1413,2,lzx1413/CAFFE_SSD,C++
floodsung/Deep-Learning-Papers-Reading-Roadmap,lzx1413,2,lzx1413/candle,Rust
floodsung/Deep-Learning-Papers-Reading-Roadmap,lzx1413,2,lzx1413/ChatALL,JavaScript
floodsung/Deep-Learning-Papers-Reading-Roadmap,lzx1413,2,lzx1413/CodingInterviews,C++
floodsung/Deep-Learning-Papers-Reading-Roadmap,lzx1413,2,lzx1413/fast-neural-style,Lua
floodsung/Deep-Learning-Papers-Reading-Roadmap,lzx1413,2,lzx1413/gesture_rec,C++
floodsung/Deep-Learning-Papers-Reading-Roadmap,lzx1413,2,lzx1413/imagesclassify,C++
floodsung/Deep-Learning-Papers-Reading-Roadmap,lzx1413,2,lzx1413/image_feature,C++
floodsung/Deep-Learning-Papers-Reading-Roadmap,lzx1413,2,lzx1413/k-vim,Vim script
floodsung/Deep-Learning-Papers-Reading-Roadmap,lzx1413,2,lzx1413/leetcode,C++
floodsung/Deep-Learning-Papers-Reading-Roadmap,lzx1413,2,lzx1413/lzx1413.github.io,HTML
floodsung/Deep-Learning-Papers-Reading-Roadmap,lzx1413,2,lzx1413/mediapipe-lite,C++
floodsung/Deep-Learning-Papers-Reading-Roadmap,lzx1413,2,lzx1413/ncnn,C++
floodsung/Deep-Learning-Papers-Reading-Roadmap,transwarpio,2,transwarpio/application-metainfo,FreeMarker
floodsung/Deep-Learning-Papers-Reading-Roadmap,transwarpio,2,transwarpio/rapidminer,Java
floodsung/Deep-Learning-Papers-Reading-Roadmap,zhourunlai,2,zhourunlai/eliza,TypeScript
floodsung/Deep-Learning-Papers-Reading-Roadmap,zhourunlai,2,zhourunlai/rig,Rust
floodsung/Deep-Learning-Papers-Reading-Roadmap,zhourunlai,2,zhourunlai/solana-agent-kit,TypeScript
floodsung/Deep-Learning-Papers-Reading-Roadmap,ahmaurya,1,ahmaurya/3d-reconstruction-visualization,Matlab
floodsung/Deep-Learning-Papers-Reading-Roadmap,ahmaurya,1,ahmaurya/ahmaurya.github.io,HTML
floodsung/Deep-Learning-Papers-Reading-Roadmap,ahmaurya,1,ahmaurya/brimon,C
floodsung/Deep-Learning-Papers-Reading-Roadmap,ahmaurya,1,ahmaurya/contrastive-structured-anomaly-detection,Matlab
floodsung/Deep-Learning-Papers-Reading-Roadmap,ahmaurya,1,ahmaurya/image-understanding-object-recognition-hog-features,Matlab
floodsung/Deep-Learning-Papers-Reading-Roadmap,ahmaurya,1,ahmaurya/lucas-kanade-object-tracking,Matlab
floodsung/Deep-Learning-Papers-Reading-Roadmap,ahmaurya,1,ahmaurya/panoramic-image-stitching,Matlab
floodsung/Deep-Learning-Papers-Reading-Roadmap,ahmaurya,1,ahmaurya/scene-classification-visual-bow,TeX
coqui-ai/TTS,erogol,2463,erogol/2048-multiplayer,JavaScript
coqui-ai/TTS,erogol,2463,erogol/beauty.torch,Jupyter Notebook
coqui-ai/TTS,erogol,2463,erogol/Bunch-it,JavaScript
coqui-ai/TTS,erogol,2463,erogol/caffe-android-lib,Shell
coqui-ai/TTS,erogol,2463,erogol/caffe-windows,C++
coqui-ai/TTS,erogol,2463,erogol/caffe-windows-1,C++
coqui-ai/TTS,erogol,2463,erogol/Chartbuilder,JavaScript
coqui-ai/TTS,erogol,2463,erogol/charted,JavaScript
coqui-ai/TTS,erogol,2463,erogol/clmtrackr,JavaScript
coqui-ai/TTS,erogol,2463,erogol/cloudy_vision,CSS
coqui-ai/TTS,erogol,2463,erogol/ComputerVisionPrimitives,C
coqui-ai/TTS,erogol,2463,erogol/conversational-form,TypeScript
coqui-ai/TTS,erogol,2463,erogol/Coursera-ML-course-assig,Matlab
coqui-ai/TTS,erogol,2463,erogol/csv-parser-cplusplus,Shell
coqui-ai/TTS,erogol,2463,erogol/cuda-convnet2,Cuda
coqui-ai/TTS,erogol,2463,erogol/CUDA_MATRIX_TRANSPOSE,D
coqui-ai/TTS,erogol,2463,erogol/data-projector,JavaScript
coqui-ai/TTS,erogol,2463,erogol/DataAugmentation,C++
coqui-ai/TTS,erogol,2463,erogol/ddc-samples,HTML
coqui-ai/TTS,Edresson,304,Edresson/advanced-deep-learning-keras,Jupyter Notebook
coqui-ai/TTS,Edresson,304,Edresson/arduino-balanca-digital-display-7-segments,C++
coqui-ai/TTS,Edresson,304,Edresson/Assignment-2-Image-Enhancement-and-Filtering,Jupyter Notebook
coqui-ai/TTS,Edresson,304,Edresson/Audio-Validation-WebSite,HTML
coqui-ai/TTS,Edresson,304,Edresson/Computacao-Grafica,C
coqui-ai/TTS,Edresson,304,Edresson/DeepSpeech,C++
coqui-ai/TTS,Edresson,304,Edresson/edresson.github.io,SCSS
coqui-ai/TTS,Edresson,304,Edresson/FFTNet-pytorch,Jupyter Notebook
coqui-ai/TTS,Edresson,304,Edresson/Flask-Login-System,HTML
coqui-ai/TTS,WeberJulian,171,WeberJulian/AI-voice-chat,JavaScript
coqui-ai/TTS,WeberJulian,171,WeberJulian/basic-maven,Java
coqui-ai/TTS,WeberJulian,171,WeberJulian/castle,JavaScript
coqui-ai/TTS,WeberJulian,171,WeberJulian/denzel,JavaScript
coqui-ai/TTS,WeberJulian,171,WeberJulian/doublePendulumCUDA,Cuda
coqui-ai/TTS,WeberJulian,171,WeberJulian/dress-up-privateaser,JavaScript
coqui-ai/TTS,WeberJulian,171,WeberJulian/frontend-castle,JavaScript
coqui-ai/TTS,WeberJulian,171,WeberJulian/GildedRoseJavaKata,Java
coqui-ai/TTS,WeberJulian,171,WeberJulian/GravitySimulator,JavaScript
coqui-ai/TTS,WeberJulian,171,WeberJulian/hashcode-2019,JavaScript
coqui-ai/TTS,WeberJulian,171,WeberJulian/lili,JavaScript
coqui-ai/TTS,WeberJulian,171,WeberJulian/mel2mel,Jupyter Notebook
coqui-ai/TTS,WeberJulian,171,WeberJulian/nakiwi-orders,JavaScript
coqui-ai/TTS,WeberJulian,171,WeberJulian/nakiwi-reset-password,JavaScript
coqui-ai/TTS,WeberJulian,171,WeberJulian/nakiwi-server,JavaScript
coqui-ai/TTS,lexkoro,48,lexkoro/BigVGAN,Jupyter Notebook
coqui-ai/TTS,lexkoro,48,lexkoro/CharsiuG2P,Jupyter Notebook
coqui-ai/TTS,lexkoro,48,lexkoro/lexkoro.github.io,CSS
coqui-ai/TTS,lexkoro,48,lexkoro/StyleTTS,Jupyter Notebook
coqui-ai/TTS,twerkmeister,41,twerkmeister/anlp,C
coqui-ai/TTS,twerkmeister,41,twerkmeister/mustererkennungSS15,Matlab
coqui-ai/TTS,twerkmeister,41,twerkmeister/nerpedia,Scala
coqui-ai/TTS,twerkmeister,41,twerkmeister/oldtts,Jupyter Notebook
coqui-ai/TTS,twerkmeister,41,twerkmeister/pivotpaper,HTML
coqui-ai/TTS,twerkmeister,41,twerkmeister/platform-demo,Shell
coqui-ai/TTS,twerkmeister,41,twerkmeister/scala-lda,Scala
coqui-ai/TTS,twerkmeister,41,twerkmeister/simple-phantom-cassandra-example,Scala
coqui-ai/TTS,twerkmeister,41,twerkmeister/table-annotator,TypeScript
coqui-ai/TTS,twerkmeister,41,twerkmeister/twerkmeister.com,ApacheConf
coqui-ai/TTS,twerkmeister,41,twerkmeister/vagrant4MOOCs,JavaScript
coqui-ai/TTS,twerkmeister,41,twerkmeister/vim-easymotion,Vim script
coqui-ai/TTS,twerkmeister,41,twerkmeister/WaveRNN,Jupyter Notebook
coqui-ai/TTS,twerkmeister,41,twerkmeister/wikistreamer,Scala
coqui-ai/TTS,reuben,39,reuben/Aaapptabs,JavaScript
coqui-ai/TTS,reuben,39,reuben/aeds,JavaScript
coqui-ai/TTS,reuben,39,reuben/Amethyst,Swift
coqui-ai/TTS,reuben,39,reuben/aqua-sim-ng,C++
coqui-ai/TTS,reuben,39,reuben/ascii-camera,JavaScript
coqui-ai/TTS,reuben,39,reuben/B2G,Shell
coqui-ai/TTS,reuben,39,reuben/bazel,Java
coqui-ai/TTS,reuben,39,reuben/bitarray,C
coqui-ai/TTS,reuben,39,reuben/BrightnessMenulet,Objective-C
coqui-ai/TTS,reuben,39,reuben/bugzilla-todos,JavaScript
coqui-ai/TTS,reuben,39,reuben/close-resolved-bugs,JavaScript
coqui-ai/TTS,reuben,39,reuben/coccinellida,Objective-C
coqui-ai/TTS,reuben,39,reuben/css,JavaScript
coqui-ai/TTS,reuben,39,reuben/ctcdecode,C++
coqui-ai/TTS,reuben,39,reuben/dancemusic.wtf,JavaScript
coqui-ai/TTS,reuben,39,reuben/default-volume,JavaScript
coqui-ai/TTS,thorstenMueller,32,thorstenMueller/SymDoc,PHP
coqui-ai/TTS,kirianguiller,26,kirianguiller/conllup-js,JavaScript
coqui-ai/TTS,kirianguiller,26,kirianguiller/DependencyTreeJS,TypeScript
coqui-ai/TTS,kirianguiller,26,kirianguiller/DeSDA,NewLisp
coqui-ai/TTS,kirianguiller,26,kirianguiller/docs,HTML
coqui-ai/TTS,kirianguiller,26,kirianguiller/kirianguiller.github.io,Vue
coqui-ai/TTS,kirianguiller,26,kirianguiller/language_detector,Jupyter Notebook
coqui-ai/TTS,kirianguiller,26,kirianguiller/live-python-backend,JavaScript
coqui-ai/TTS,kirianguiller,26,kirianguiller/live-python-vue,Vue
coqui-ai/TTS,kirianguiller,26,kirianguiller/M1_2023_initiation_au_parsing,Jupyter Notebook
coqui-ai/TTS,kirianguiller,26,kirianguiller/M1_2023_initiation_au_parsing_2,Jupyter Notebook
coqui-ai/TTS,kirianguiller,26,kirianguiller/naija-training-scripts,Shell
coqui-ai/TTS,kirianguiller,26,kirianguiller/NaijaParsing,Jupyter Notebook
coqui-ai/TTS,kirianguiller,26,kirianguiller/quasarv2_qbtn_404_static_file,JavaScript
coqui-ai/TTS,kirianguiller,26,kirianguiller/reactive-dep-tree,Vue
coqui-ai/TTS,kirianguiller,26,kirianguiller/reactive-dep-tree-vanillaJs,TypeScript
coqui-ai/TTS,gerazov,22,gerazov/cboard,JavaScript
coqui-ai/TTS,gerazov,22,gerazov/gerazov.github.io,HTML
coqui-ai/TTS,gerazov,22,gerazov/mutt-wizard,Shell
coqui-ai/TTS,gerazov,22,gerazov/ollama-chat.nvim,Lua
coqui-ai/TTS,gerazov,22,gerazov/ollama.nvim,Lua
coqui-ai/TTS,gerazov,22,gerazov/orgmode,Lua
coqui-ai/TTS,thllwg,18,thllwg/anchorsOnR,R
coqui-ai/TTS,thllwg,18,thllwg/AutoStatR,R
coqui-ai/TTS,thllwg,18,thllwg/Bart_T5-summarization,HTML
coqui-ai/TTS,thllwg,18,thllwg/docker-mozillatts,HTML
coqui-ai/TTS,thllwg,18,thllwg/dotfiles,Shell
coqui-ai/TTS,thllwg,18,thllwg/efficient-dsdv,C++
coqui-ai/TTS,thllwg,18,thllwg/linux-enable-ir-emitter,C
coqui-ai/TTS,thllwg,18,thllwg/maya-challenge-public,Jupyter Notebook
coqui-ai/TTS,thllwg,18,thllwg/MensaBoys,Java
coqui-ai/TTS,thllwg,18,thllwg/outline,JavaScript
coqui-ai/TTS,thllwg,18,thllwg/pose-animator,JavaScript
coqui-ai/TTS,thllwg,18,thllwg/thllwg.github.io,CSS
coqui-ai/TTS,thllwg,18,thllwg/tpotr,R
coqui-ai/TTS,thllwg,18,thllwg/uvadlc_notebooks,Jupyter Notebook
coqui-ai/TTS,thllwg,18,thllwg/xps-9310-2in1-setup-ubuntu,Shell
mitmproxy/mitmproxy,mhils,3957,mhils/arbtt,Haskell
mitmproxy/mitmproxy,mhils,3957,mhils/autofixer,Go
mitmproxy/mitmproxy,mhils,3957,mhils/aya,Rust
mitmproxy/mitmproxy,mhils,3957,mhils/backbone,JavaScript
mitmproxy/mitmproxy,mhils,3957,mhils/bingo,JavaScript
mitmproxy/mitmproxy,mhils,3957,mhils/cffi-repro,Shell
mitmproxy/mitmproxy,mhils,3957,mhils/chroma,Go
mitmproxy/mitmproxy,mhils,3957,mhils/chrome-proxy,JavaScript
mitmproxy/mitmproxy,mhils,3957,mhils/cloud-to-moon,JavaScript
mitmproxy/mitmproxy,mhils,3957,mhils/CodeMirror,JavaScript
mitmproxy/mitmproxy,mhils,3957,mhils/cuckoo,JavaScript
mitmproxy/mitmproxy,cortesi,2958,cortesi/awesome-go,Go
mitmproxy/mitmproxy,cortesi,2958,cortesi/canopy,Rust
mitmproxy/mitmproxy,cortesi,2958,cortesi/colornames,Rust
mitmproxy/mitmproxy,cortesi,2958,cortesi/devd,Go
mitmproxy/mitmproxy,cortesi,2958,cortesi/dox,Rust
mitmproxy/mitmproxy,cortesi,2958,cortesi/fudiff,Rust
mitmproxy/mitmproxy,cortesi,2958,cortesi/ghrabber,HTML
mitmproxy/mitmproxy,cortesi,2958,cortesi/goleveldb,Go
mitmproxy/mitmproxy,cortesi,2958,cortesi/google-genai,Rust
mitmproxy/mitmproxy,cortesi,2958,cortesi/misanthropy,Rust
mitmproxy/mitmproxy,cortesi,2958,cortesi/modd,Go
mitmproxy/mitmproxy,cortesi,2958,cortesi/moddwatch,Go
mitmproxy/mitmproxy,cortesi,2958,cortesi/mrpc,Rust
mitmproxy/mitmproxy,cortesi,2958,cortesi/musq,Rust
mitmproxy/mitmproxy,cortesi,2958,cortesi/nvi,Rust
mitmproxy/mitmproxy,cortesi,2958,cortesi/nvi-win,Rust
mitmproxy/mitmproxy,cortesi,2958,cortesi/nvirun.nvim,Lua
mitmproxy/mitmproxy,cortesi,2958,cortesi/ruskel,Rust
mitmproxy/mitmproxy,cortesi,2958,cortesi/serde-rmpv,Rust
mitmproxy/mitmproxy,cortesi,2958,cortesi/sh,Go
mitmproxy/mitmproxy,Kriechi,1027,Kriechi/Adafruit_Dynamic_Bundler,JavaScript
mitmproxy/mitmproxy,Kriechi,1027,Kriechi/aws-s3-reverse-proxy,Go
mitmproxy/mitmproxy,Kriechi,1027,Kriechi/bh1745nuc-ambient-light-sensor-arduino,C++
mitmproxy/mitmproxy,Kriechi,1027,Kriechi/bundler,Ruby
mitmproxy/mitmproxy,Kriechi,1027,Kriechi/capistrano,Ruby
mitmproxy/mitmproxy,Kriechi,1027,Kriechi/capistrano-rails-collection,Ruby
mitmproxy/mitmproxy,Kriechi,1027,Kriechi/capistrano.github.io,CSS
mitmproxy/mitmproxy,Kriechi,1027,Kriechi/ceph,C++
mitmproxy/mitmproxy,Kriechi,1027,Kriechi/colloquy-unofficial-nightlies,Objective-C
mitmproxy/mitmproxy,dufferzafar,265,dufferzafar/.css,CSS
mitmproxy/mitmproxy,dufferzafar,265,dufferzafar/.js,JavaScript
mitmproxy/mitmproxy,dufferzafar,265,dufferzafar/accelphone,Jupyter Notebook
mitmproxy/mitmproxy,dufferzafar,265,dufferzafar/acousticbrainz-server,CSS
mitmproxy/mitmproxy,dufferzafar,265,dufferzafar/arch-packages,Shell
mitmproxy/mitmproxy,dufferzafar,265,dufferzafar/Autohotkey-Scripts,AutoHotkey
mitmproxy/mitmproxy,dufferzafar,265,dufferzafar/backup-buddy,AutoHotkey
mitmproxy/mitmproxy,dufferzafar,265,dufferzafar/batch-heal,Shell
mitmproxy/mitmproxy,dufferzafar,265,dufferzafar/chatty.ahk,AutoHotkey
mitmproxy/mitmproxy,dufferzafar,265,dufferzafar/Chature,Java
mitmproxy/mitmproxy,dufferzafar,265,dufferzafar/cheat,Go
mitmproxy/mitmproxy,dufferzafar,265,dufferzafar/cheat.sheets,Shell
mitmproxy/mitmproxy,dufferzafar,265,dufferzafar/cloud-computing,Shell
mitmproxy/mitmproxy,dufferzafar,265,dufferzafar/Cmder,Lua
mitmproxy/mitmproxy,MatthewShao,240,MatthewShao/CentaurWeb,JavaScript
mitmproxy/mitmproxy,MatthewShao,240,MatthewShao/cpp-boilerplate,CMake
mitmproxy/mitmproxy,MatthewShao,240,MatthewShao/intellij-ghidra,Kotlin
mitmproxy/mitmproxy,MatthewShao,240,MatthewShao/MatthewShao.github.io,HTML
mitmproxy/mitmproxy,MatthewShao,240,MatthewShao/pwn-sandbox,Objective-C
mitmproxy/mitmproxy,MatthewShao,240,MatthewShao/rustlings,Rust
mitmproxy/mitmproxy,MatthewShao,240,MatthewShao/unicorn,C
mitmproxy/mitmproxy,MatthewShao,240,MatthewShao/vips-libfuzzer,C
mitmproxy/mitmproxy,meitinger,212,meitinger/ADAM,C#
mitmproxy/mitmproxy,meitinger,212,meitinger/Asterisk,C#
mitmproxy/mitmproxy,meitinger,212,meitinger/AsteriskRelay,C#
mitmproxy/mitmproxy,meitinger,212,meitinger/calendars,TSQL
mitmproxy/mitmproxy,meitinger,212,meitinger/CloudWorkbench,TeX
mitmproxy/mitmproxy,meitinger,212,meitinger/ConsensSharpView,C#
mitmproxy/mitmproxy,meitinger,212,meitinger/ConstraintSolver,TypeScript
mitmproxy/mitmproxy,meitinger,212,meitinger/FrameworkAnalyzer,TypeScript
mitmproxy/mitmproxy,meitinger,212,meitinger/FUSingEx,C
mitmproxy/mitmproxy,meitinger,212,meitinger/GameSolver,TypeScript
mitmproxy/mitmproxy,meitinger,212,meitinger/GOContactSyncModCE,C#
mitmproxy/mitmproxy,meitinger,212,meitinger/GraphSPARQL,C#
mitmproxy/mitmproxy,meitinger,212,meitinger/GroupPolicyInstaller,C#
mitmproxy/mitmproxy,meitinger,212,meitinger/handsontable,JavaScript
mitmproxy/mitmproxy,meitinger,212,meitinger/iaxpager,C
mitmproxy/mitmproxy,meitinger,212,meitinger/iFilter4Archives,C++
mitmproxy/mitmproxy,meitinger,212,meitinger/JourFix,C#
mitmproxy/mitmproxy,meitinger,212,meitinger/KioskControl,C#
mitmproxy/mitmproxy,meitinger,212,meitinger/Lagerverwaltung,TypeScript
mitmproxy/mitmproxy,meitinger,212,meitinger/MailArchiver,C#
mitmproxy/mitmproxy,meitinger,212,meitinger/MLin,C
mitmproxy/mitmproxy,meitinger,212,meitinger/MONA-WEB,C
mitmproxy/mitmproxy,meitinger,212,meitinger/NativeNET,C#
mitmproxy/mitmproxy,meitinger,212,meitinger/OlatAccessibilityApp,C#
mitmproxy/mitmproxy,meitinger,212,meitinger/PdfKit,C#
mitmproxy/mitmproxy,meitinger,212,meitinger/RegexpVisualizer,TypeScript
mitmproxy/mitmproxy,gzzhanghao,97,gzzhanghao/act,JavaScript
mitmproxy/mitmproxy,gzzhanghao,97,gzzhanghao/asset-manager,TypeScript
mitmproxy/mitmproxy,gzzhanghao,97,gzzhanghao/atom,CoffeeScript
mitmproxy/mitmproxy,gzzhanghao,97,gzzhanghao/avoscloud-code-command,JavaScript
mitmproxy/mitmproxy,gzzhanghao,97,gzzhanghao/babel,JavaScript
mitmproxy/mitmproxy,gzzhanghao,97,gzzhanghao/babel-plugin-replace-exports,TypeScript
mitmproxy/mitmproxy,gzzhanghao,97,gzzhanghao/babel-plugin-transform-beautifier,TypeScript
mitmproxy/mitmproxy,gzzhanghao,97,gzzhanghao/babel-require,JavaScript
mitmproxy/mitmproxy,gzzhanghao,97,gzzhanghao/chess,JavaScript
mitmproxy/mitmproxy,gzzhanghao,97,gzzhanghao/cloudemoticon-web,Vue
mitmproxy/mitmproxy,gzzhanghao,97,gzzhanghao/code-service,TypeScript
mitmproxy/mitmproxy,gzzhanghao,97,gzzhanghao/CodeMirror,JavaScript
mitmproxy/mitmproxy,gzzhanghao,97,gzzhanghao/ComponentView,JavaScript
mitmproxy/mitmproxy,gzzhanghao,97,gzzhanghao/crewManageEvolve,JavaScript
mitmproxy/mitmproxy,gzzhanghao,97,gzzhanghao/crossout,JavaScript
mitmproxy/mitmproxy,gzzhanghao,97,gzzhanghao/Daurus,JavaScript
mitmproxy/mitmproxy,gzzhanghao,97,gzzhanghao/dc,JavaScript
mitmproxy/mitmproxy,gzzhanghao,97,gzzhanghao/docx,JavaScript
mitmproxy/mitmproxy,gzzhanghao,97,gzzhanghao/docx2quill,JavaScript
mitmproxy/mitmproxy,gzzhanghao,97,gzzhanghao/editor,JavaScript
mitmproxy/mitmproxy,gzzhanghao,97,gzzhanghao/electronic-wechat,JavaScript
mitmproxy/mitmproxy,gzzhanghao,97,gzzhanghao/escodegen,JavaScript
mitmproxy/mitmproxy,gzzhanghao,97,gzzhanghao/eslint-plugin-await-in-async,TypeScript
mitmproxy/mitmproxy,gzzhanghao,97,gzzhanghao/git-blame-format,TypeScript
mitmproxy/mitmproxy,gzzhanghao,97,gzzhanghao/glob-stream,JavaScript
mitmproxy/mitmproxy,gato,83,gato/aof,Go
mitmproxy/mitmproxy,gato,83,gato/aofgrep,Go
mitmproxy/mitmproxy,gato,83,gato/directors,JavaScript
mitmproxy/mitmproxy,gato,83,gato/food,TypeScript
mitmproxy/mitmproxy,gato,83,gato/GettingAndCleaningData,R
mitmproxy/mitmproxy,gato,83,gato/lana,Go
mitmproxy/mitmproxy,gato,83,gato/ProgrammingAssignment2,R
mitmproxy/mitmproxy,gato,83,gato/roach-on-pi,Dockerfile
mitmproxy/mitmproxy,gato,83,gato/streamloots,TypeScript
mitmproxy/mitmproxy,gato,83,gato/tensor-on-pi,Jupyter Notebook
mitmproxy/mitmproxy,gato,83,gato/traefik,Go
mitmproxy/mitmproxy,cle1000,78,cle1000/docker-cloud-boilerplate,HTML
mitmproxy/mitmproxy,cle1000,78,cle1000/docker-readthedocs-1,Shell
mitmproxy/mitmproxy,cle1000,78,cle1000/esp-idf,C
mitmproxy/mitmproxy,cle1000,78,cle1000/ethereumjs-tx,JavaScript
mitmproxy/mitmproxy,cle1000,78,cle1000/ethereumjs-util,JavaScript
mitmproxy/mitmproxy,cle1000,78,cle1000/flatman_app,JavaScript
mitmproxy/mitmproxy,cle1000,78,cle1000/info.freizeitticket.phonegap,JavaScript
mitmproxy/mitmproxy,cle1000,78,cle1000/info.freizeitticket.webapp,Ruby
mitmproxy/mitmproxy,cle1000,78,cle1000/js-ipfs-http-client,JavaScript
mitmproxy/mitmproxy,cle1000,78,cle1000/mongoose-api-query,JavaScript
mitmproxy/mitmproxy,cle1000,78,cle1000/react-pdf,JavaScript
mitmproxy/mitmproxy,cle1000,78,cle1000/react-schema-form-rc-select,JavaScript
mitmproxy/mitmproxy,cle1000,78,cle1000/tradingbot,JavaScript
mitmproxy/mitmproxy,cle1000,78,cle1000/TruckApp,JavaScript
mitmproxy/mitmproxy,cle1000,78,cle1000/web3.js,JavaScript
ultralytics/ultralytics,RizwanMunawar,245,RizwanMunawar/Cats-vs-dogs-classification-computer-vision-,Jupyter Notebook
ultralytics/ultralytics,RizwanMunawar,245,RizwanMunawar/Covid-19-chest-x_rays-images-multi-class-classification-computer-vision-,Jupyter Notebook
ultralytics/ultralytics,RizwanMunawar,245,RizwanMunawar/Data-analysis-on-csv-datasets-machine-learning-,Jupyter Notebook
ultralytics/ultralytics,RizwanMunawar,245,RizwanMunawar/Extraction-of-frames-from-multiple-frames-computer-vision-,Jupyter Notebook
ultralytics/ultralytics,RizwanMunawar,245,RizwanMunawar/Extraction-of-frames-from-single-video-computer-vision-,Jupyter Notebook
ultralytics/ultralytics,RizwanMunawar,245,RizwanMunawar/Houses-price-prediction-machine-learning-,Jupyter Notebook
ultralytics/ultralytics,RizwanMunawar,245,RizwanMunawar/Houses-price-prediction-web-app-machine-learning-,HTML
ultralytics/ultralytics,RizwanMunawar,245,RizwanMunawar/skin-cancer-binary-classification-computer-vision-,Jupyter Notebook
ultralytics/ultralytics,RizwanMunawar,245,RizwanMunawar/Spark-foundation-internship-tasks-computer-vision-,Jupyter Notebook
ultralytics/ultralytics,RizwanMunawar,245,RizwanMunawar/YOLOv8,C#
ultralytics/ultralytics,Laughing-q,170,Laughing-q/antovim,Vim script
ultralytics/ultralytics,Laughing-q,170,Laughing-q/any-jump.vim,Vim script
ultralytics/ultralytics,Laughing-q,170,Laughing-q/argtextobj.vim,Vim script
ultralytics/ultralytics,Laughing-q,170,Laughing-q/Cpp_Primer_Practice,C++
ultralytics/ultralytics,Laughing-q,170,Laughing-q/dmenu,C
ultralytics/ultralytics,Laughing-q,170,Laughing-q/dmscripts,Shell
ultralytics/ultralytics,Laughing-q,170,Laughing-q/dotfiles-Q,Shell
ultralytics/ultralytics,Laughing-q,170,Laughing-q/dwm,C
ultralytics/ultralytics,Laughing-q,170,Laughing-q/dwmblocks,Shell
ultralytics/ultralytics,Y-T-G,140,Y-T-G/android_kernel_samsung_s3ve3g,C
ultralytics/ultralytics,Y-T-G,140,Y-T-G/autolapse,C#
ultralytics/ultralytics,Y-T-G,140,Y-T-G/ClassScheduling,C++
ultralytics/ultralytics,Y-T-G,140,Y-T-G/Coffee-Bean-Defect-Anomalib,Jupyter Notebook
ultralytics/ultralytics,Y-T-G,140,Y-T-G/Electricity-Billing-System,Java
ultralytics/ultralytics,Y-T-G,140,Y-T-G/Electricity-Billing-System-CLI,C++
ultralytics/ultralytics,Y-T-G,140,Y-T-G/Food-Prices-EDA,Jupyter Notebook
ultralytics/ultralytics,Y-T-G,140,Y-T-G/hua_rs,Rust
ultralytics/ultralytics,Y-T-G,140,Y-T-G/insert-quran-verse-vsce,JavaScript
ultralytics/ultralytics,Y-T-G,140,Y-T-G/IoT-App-Layout,Dart
ultralytics/ultralytics,Y-T-G,140,Y-T-G/IoT-App-Layout-Firebase,Dart
ultralytics/ultralytics,Y-T-G,140,Y-T-G/ioutrack_rs,Rust
ultralytics/ultralytics,Y-T-G,140,Y-T-G/LabWork,HTML
ultralytics/ultralytics,Y-T-G,140,Y-T-G/Project-Web,HTML
ultralytics/ultralytics,Y-T-G,140,Y-T-G/PS4Macro,C#
ultralytics/ultralytics,AyushExel,83,AyushExel/Algorithms,C++
ultralytics/ultralytics,AyushExel,83,AyushExel/AyushExel,HTML
ultralytics/ultralytics,AyushExel,83,AyushExel/COVID19WB,Jupyter Notebook
ultralytics/ultralytics,AyushExel,83,AyushExel/dploy,JavaScript
ultralytics/ultralytics,AyushExel,83,AyushExel/examples,Jupyter Notebook
ultralytics/ultralytics,lakshanthad,77,lakshanthad/Adafruit_nRF52_Arduino,C
ultralytics/ultralytics,lakshanthad,77,lakshanthad/AF-MERN-Project,JavaScript
ultralytics/ultralytics,lakshanthad,77,lakshanthad/Air-pollution-monitor,C++
ultralytics/ultralytics,lakshanthad,77,lakshanthad/contracts,Smarty
ultralytics/ultralytics,lakshanthad,77,lakshanthad/dashboard,TypeScript
ultralytics/ultralytics,lakshanthad,77,lakshanthad/DeepStream-Yolo,C++
ultralytics/ultralytics,lakshanthad,77,lakshanthad/Dinacon-LoRaWAN-Workshop,C++
ultralytics/ultralytics,lakshanthad,77,lakshanthad/Electron_reterminal_hardware,JavaScript
ultralytics/ultralytics,lakshanthad,77,lakshanthad/Electron_reTerminal_Smart_Lamp_UI,HTML
ultralytics/ultralytics,lakshanthad,77,lakshanthad/esp32-cloud-iot-core-k8s,C
ultralytics/ultralytics,lakshanthad,77,lakshanthad/flutter_packages,Dart
ultralytics/ultralytics,lakshanthad,77,lakshanthad/Flutter_reTerminal_LED_UI,Dart
ultralytics/ultralytics,lakshanthad,77,lakshanthad/Flutter_reTerminal_Smart_Home_UI,Dart
ultralytics/ultralytics,lakshanthad,77,lakshanthad/Free_Fonts,C
ultralytics/ultralytics,lakshanthad,77,lakshanthad/Grove-1-Wire-Thermocouple-Amplifier-demo,C++
ultralytics/ultralytics,lakshanthad,77,lakshanthad/Grove-Optical_Rotary_Encoder_example_with_motor-,C++
ultralytics/ultralytics,lakshanthad,77,lakshanthad/Image,Shell
ultralytics/ultralytics,lakshanthad,77,lakshanthad/Interactive-Greeting-Display-,C++
ultralytics/ultralytics,Burhan-Q,47,Burhan-Q/4-way-ventilator-splitter,C++
ultralytics/ultralytics,Burhan-Q,47,Burhan-Q/burhans-brain-droppings,HTML
ultralytics/ultralytics,Burhan-Q,47,Burhan-Q/codestack,VBA
ultralytics/ultralytics,Burhan-Q,47,Burhan-Q/freeflow,C
ultralytics/ultralytics,Burhan-Q,47,Burhan-Q/NASA-3D-Resources,Mathematica
ultralytics/ultralytics,Burhan-Q,47,Burhan-Q/PowerShell_projects,PowerShell
ultralytics/ultralytics,Burhan-Q,47,Burhan-Q/project-georges-cpap,OpenSCAD
ultralytics/ultralytics,Burhan-Q,47,Burhan-Q/project-tetra-docs,HTML
ultralytics/ultralytics,ambitious-octopus,40,ambitious-octopus/agile_grasp2,C++
ultralytics/ultralytics,ambitious-octopus,40,ambitious-octopus/COVID-19,HTML
ultralytics/ultralytics,ambitious-octopus,40,ambitious-octopus/gpd,C++
ultralytics/ultralytics,ambitious-octopus,40,ambitious-octopus/iiwa_stack,Java
ultralytics/ultralytics,ambitious-octopus,40,ambitious-octopus/pointconv-tensorflow2,C++
ultralytics/ultralytics,ambitious-octopus,40,ambitious-octopus/SimAnn,HTML
ultralytics/ultralytics,ambitious-octopus,40,ambitious-octopus/tiago_moveit_config,Shell
ultralytics/ultralytics,jk4e,28,jk4e/free-programming-books,HTML
ultralytics/ultralytics,jk4e,28,jk4e/jk4e.github.io,HTML
ultralytics/ultralytics,jk4e,28,jk4e/learnxinyminutes-docs,Ruby
ultralytics/ultralytics,jk4e,28,jk4e/mediapipe-custom-hgr,Jupyter Notebook
ultralytics/ultralytics,jk4e,28,jk4e/mkdocs-material,HTML
ultralytics/ultralytics,jk4e,28,jk4e/my-cv-helper-tools,Jupyter Notebook
streamlit/streamlit,tvst,1224,tvst/archetype,HTML
streamlit/streamlit,tvst,1224,tvst/coffeebot,JavaScript
streamlit/streamlit,tvst,1224,tvst/config,Vim Script
streamlit/streamlit,tvst,1224,tvst/dom-event-tracker,JavaScript
streamlit/streamlit,tvst,1224,tvst/HuddleHUD,JavaScript
streamlit/streamlit,tvst,1224,tvst/jibe-css,CSS
streamlit/streamlit,tvst,1224,tvst/neophile.nvim,Lua
streamlit/streamlit,tvst,1224,tvst/nvim-config,Lua
streamlit/streamlit,treuille,1043,treuille/advent-of-code-2021-in-rust,Rust
streamlit/streamlit,treuille,1043,treuille/advent-of-code-2022-in-rust,Rust
streamlit/streamlit,treuille,1043,treuille/advent-of-code-2023-in-rust,Rust
streamlit/streamlit,treuille,1043,treuille/advent-of-code-2024-in-rust,Rust
streamlit/streamlit,treuille,1043,treuille/atom-tiny-aes,CoffeeScript
streamlit/streamlit,treuille,1043,treuille/dotfiles,Shell
streamlit/streamlit,treuille,1043,treuille/flip-chrome-extension,JavaScript
streamlit/streamlit,treuille,1043,treuille/honeymoon_viz,TypeScript
streamlit/streamlit,treuille,1043,treuille/inpainting-hackathon,TypeScript
streamlit/streamlit,treuille,1043,treuille/playing-with-rust,Rust
streamlit/streamlit,tconkling,485,tconkling/AIRAndroidCroppedTextures,ActionScript
streamlit/streamlit,tconkling,485,tconkling/air_ios_consts_bug,ActionScript
streamlit/streamlit,tconkling,485,tconkling/ANE-Android-Expansion,Java
streamlit/streamlit,tconkling,485,tconkling/ANE-Game-Center,Objective-C
streamlit/streamlit,tconkling,485,tconkling/ANE-In-App-Purchase,Java
streamlit/streamlit,tconkling,485,tconkling/as3-signals,ActionScript
streamlit/streamlit,tconkling,485,tconkling/aspire,ActionScript
streamlit/streamlit,tconkling,485,tconkling/aztec,ActionScript
streamlit/streamlit,tconkling,485,tconkling/dotfiles-1,Shell
streamlit/streamlit,tconkling,485,tconkling/flashbang-starling,ActionScript
streamlit/streamlit,tconkling,485,tconkling/flump,ActionScript
streamlit/streamlit,tconkling,485,tconkling/gamelit,TypeScript
streamlit/streamlit,tconkling,485,tconkling/ggj2014,ActionScript
streamlit/streamlit,tconkling,485,tconkling/godmode-as3,ActionScript
streamlit/streamlit,tconkling,485,tconkling/intellij_settings,AngelScript
streamlit/streamlit,tconkling,485,tconkling/iOSNativeUtilities,C
streamlit/streamlit,tconkling,485,tconkling/MAObjCRuntime,Objective-C
streamlit/streamlit,tconkling,485,tconkling/micropather-as3,ActionScript
streamlit/streamlit,tconkling,485,tconkling/narya,Java
streamlit/streamlit,tconkling,485,tconkling/protoc-gen-as3,ActionScript
streamlit/streamlit,tconkling,485,tconkling/pythagoras,Java
streamlit/streamlit,tconkling,485,tconkling/react-as3,ActionScript
streamlit/streamlit,aaj-st,249,aaj-st/watchdog-feedstock,Shell
streamlit/streamlit,mayagbarnes,216,mayagbarnes/code_review,HTML
streamlit/streamlit,mayagbarnes,216,mayagbarnes/docs,JavaScript
streamlit/streamlit,mayagbarnes,216,mayagbarnes/eslint-config-kmcgrady,JavaScript
streamlit/streamlit,mayagbarnes,216,mayagbarnes/mayagbarnes.github.io,CSS
streamlit/streamlit,mayagbarnes,216,mayagbarnes/Mintee,JavaScript
streamlit/streamlit,mayagbarnes,216,mayagbarnes/StopAsianHate,JavaScript
streamlit/streamlit,mayagbarnes,216,mayagbarnes/vega-tooltip,TypeScript
streamlit/streamlit,kmcgrady,214,kmcgrady/android-webview-sample,C#
streamlit/streamlit,kmcgrady,214,kmcgrady/Automata.js,JavaScript
streamlit/streamlit,kmcgrady,214,kmcgrady/awstypes,JavaScript
streamlit/streamlit,kmcgrady,214,kmcgrady/BeerXML-Standard,HTML
streamlit/streamlit,kmcgrady,214,kmcgrady/brauhausjs,CoffeeScript
streamlit/streamlit,kmcgrady,214,kmcgrady/canvas-phash,CoffeeScript
streamlit/streamlit,kmcgrady,214,kmcgrady/carcare,HTML
streamlit/streamlit,kmcgrady,214,kmcgrady/cello,JavaScript
streamlit/streamlit,kmcgrady,214,kmcgrady/craftbeerpi,JavaScript
streamlit/streamlit,kmcgrady,214,kmcgrady/csszengarden-example,HTML
streamlit/streamlit,kmcgrady,214,kmcgrady/data-structure-exercises,JavaScript
streamlit/streamlit,kmcgrady,214,kmcgrady/designpatterns,Java
streamlit/streamlit,kmcgrady,214,kmcgrady/devenv-setup,Shell
streamlit/streamlit,kmcgrady,214,kmcgrady/dinghy,Ruby
streamlit/streamlit,kmcgrady,214,kmcgrady/eslint-config-kmcgrady,JavaScript
streamlit/streamlit,kmcgrady,214,kmcgrady/expression-eval,TypeScript
streamlit/streamlit,kmcgrady,214,kmcgrady/feedr,CSS
streamlit/streamlit,kmcgrady,214,kmcgrady/flexboxin5,CSS
streamlit/streamlit,kmcgrady,214,kmcgrady/function-tests,JavaScript
streamlit/streamlit,kmcgrady,214,kmcgrady/galvanize-bookshelf,JavaScript
streamlit/streamlit,kantuni,199,kantuni/ACM-ICPC,C++
streamlit/streamlit,kantuni,199,kantuni/Arduino,C++
streamlit/streamlit,kantuni,199,kantuni/axum,Rust
streamlit/streamlit,kantuni,199,kantuni/borgo,Rust
streamlit/streamlit,kantuni,199,kantuni/Codeforces,C++
streamlit/streamlit,kantuni,199,kantuni/Codility,C++
streamlit/streamlit,kantuni,199,kantuni/CP3,Java
streamlit/streamlit,kantuni,199,kantuni/crawler,TypeScript
streamlit/streamlit,kantuni,199,kantuni/CS-97SI,C++
streamlit/streamlit,kantuni,199,kantuni/CS169.1x,Ruby
streamlit/streamlit,kantuni,199,kantuni/CS50x,C
streamlit/streamlit,kantuni,199,kantuni/CSES,C++
streamlit/streamlit,kantuni,199,kantuni/CTCI,C++
streamlit/streamlit,kantuni,199,kantuni/date-format,Elm
streamlit/streamlit,kantuni,199,kantuni/docs.nestjs.com,TypeScript
streamlit/streamlit,kantuni,199,kantuni/edX,C++
streamlit/streamlit,kantuni,199,kantuni/elm-in-action,Elm
LC044/WeChatMsg,LC044,483,LC044/AnnualReport,Vue
LC044/WeChatMsg,LC044,483,LC044/CPU,Verilog
LC044/WeChatMsg,LC044,483,LC044/firework,JavaScript
LC044/WeChatMsg,LC044,483,LC044/lc044.github.io,HTML
LC044/WeChatMsg,LC044,483,LC044/ldfs_manage_system,HTML
LC044/WeChatMsg,LC044,483,LC044/Marked,C++
LC044/WeChatMsg,LC044,483,LC044/MemoTraceWiki,HTML
LC044/WeChatMsg,LC044,483,LC044/MiniC,C++
LC044/WeChatMsg,LC044,483,LC044/ProMakr,C++
LC044/WeChatMsg,LC044,483,LC044/pySilk,C
LC044/WeChatMsg,LC044,483,LC044/TraceBoard,HTML
LC044/WeChatMsg,STDquantum,101,STDquantum/LongImageAPP,Kotlin
LC044/WeChatMsg,STDquantum,101,STDquantum/longimg,JavaScript
LC044/WeChatMsg,STDquantum,101,STDquantum/QZoneExport,JavaScript
LC044/WeChatMsg,STDquantum,101,STDquantum/STDquantum.github.io,HTML
LC044/WeChatMsg,STDquantum,101,STDquantum/yingshentu,HTML
LC044/WeChatMsg,STDquantum,101,STDquantum/zju-icicles,HTML
LC044/WeChatMsg,DzhiWang,12,DzhiWang/DzhiWang.github.io,HTML
LC044/WeChatMsg,flipped-1121,5,flipped-1121/air-conditioner,HTML
LC044/WeChatMsg,flipped-1121,5,flipped-1121/AUST,CSS
LC044/WeChatMsg,flipped-1121,5,flipped-1121/BiliBiliTool,C#
LC044/WeChatMsg,flipped-1121,5,flipped-1121/BrushPraise,HTML
LC044/WeChatMsg,flipped-1121,5,flipped-1121/Butterfly,JavaScript
LC044/WeChatMsg,flipped-1121,5,flipped-1121/C-Cpp,C++
LC044/WeChatMsg,flipped-1121,5,flipped-1121/camlife,TypeScript
LC044/WeChatMsg,flipped-1121,5,flipped-1121/CDN,CSS
LC044/WeChatMsg,flipped-1121,5,flipped-1121/FileSystem,Java
LC044/WeChatMsg,flipped-1121,5,flipped-1121/flipped-1121.github.io,HTML
LC044/WeChatMsg,XingHehy,4,XingHehy/Files,HTML
LC044/WeChatMsg,XingHehy,4,XingHehy/lifeList,PHP
LC044/WeChatMsg,XingHehy,4,XingHehy/Urp-Helper,JavaScript
LC044/WeChatMsg,zetaloop,4,zetaloop/bakfilehandler,Batchfile
LC044/WeChatMsg,zetaloop,4,zetaloop/chatgpt-degrade-checker,JavaScript
LC044/WeChatMsg,zetaloop,4,zetaloop/chatgpt-exporter,TypeScript
LC044/WeChatMsg,zetaloop,4,zetaloop/cmark-gfm,C
LC044/WeChatMsg,zetaloop,4,zetaloop/ContextMenuForWindows11,C#
LC044/WeChatMsg,zetaloop,4,zetaloop/DarkModeAg,JavaScript
LC044/WeChatMsg,zetaloop,4,zetaloop/desktop,TypeScript
LC044/WeChatMsg,zetaloop,4,zetaloop/DSProject1-ContactApp,TypeScript
LC044/WeChatMsg,zetaloop,4,zetaloop/DSProject2-Calculator,TypeScript
LC044/WeChatMsg,zetaloop,4,zetaloop/ExplorerPatcher,C
LC044/WeChatMsg,zetaloop,4,zetaloop/ExplorerPatcher-L10N,JavaScript
LC044/WeChatMsg,zetaloop,4,zetaloop/FrankenTodo,TypeScript
LC044/WeChatMsg,zetaloop,4,zetaloop/github-profile-summary-cards,TypeScript
LC044/WeChatMsg,daimiaopeng,2,daimiaopeng/-,C
LC044/WeChatMsg,daimiaopeng,2,daimiaopeng/BadCpu,C++
LC044/WeChatMsg,daimiaopeng,2,daimiaopeng/bilibili,Go
LC044/WeChatMsg,daimiaopeng,2,daimiaopeng/chat,C++
LC044/WeChatMsg,daimiaopeng,2,daimiaopeng/Destiny-Child-SFT-PCK-Tool,C++
LC044/WeChatMsg,daimiaopeng,2,daimiaopeng/fast_requests,C++
LC044/WeChatMsg,daimiaopeng,2,daimiaopeng/frp,Go
LC044/WeChatMsg,daimiaopeng,2,daimiaopeng/GDUF-QZAPI,PHP
LC044/WeChatMsg,daimiaopeng,2,daimiaopeng/Historical-ranking-data-visualization-based-on-d3.js,JavaScript
LC044/WeChatMsg,daimiaopeng,2,daimiaopeng/home-assistant-TrafficMonitor,C++
LC044/WeChatMsg,daimiaopeng,2,daimiaopeng/interview,C++
LC044/WeChatMsg,sanbei101,2,sanbei101/2025s-rustling-sanbei101,Rust
LC044/WeChatMsg,sanbei101,2,sanbei101/cau-food,Vue
LC044/WeChatMsg,sanbei101,2,sanbei101/cau-oj-backend,Go
LC044/WeChatMsg,sanbei101,2,sanbei101/cau-oj-frontend,Vue
LC044/WeChatMsg,sanbei101,2,sanbei101/ChatGPT-Next-Web,TypeScript
LC044/WeChatMsg,sanbei101,2,sanbei101/China-code-mirror,Shell
LC044/WeChatMsg,sanbei101,2,sanbei101/containers,Shell
LC044/WeChatMsg,sanbei101,2,sanbei101/docs,MDX
LC044/WeChatMsg,sanbei101,2,sanbei101/flutter-chat-mini,Dart
LC044/WeChatMsg,sanbei101,2,sanbei101/go-chat,Go
LC044/WeChatMsg,sanbei101,2,sanbei101/gochat,Go
LC044/WeChatMsg,sanbei101,2,sanbei101/hanye-take-out,Vue
LC044/WeChatMsg,sanbei101,2,sanbei101/KotlinMutiformLearn,Kotlin
LC044/WeChatMsg,sanbei101,2,sanbei101/marathon,Vue
LC044/WeChatMsg,sanbei101,2,sanbei101/math-refactor.github.io,TypeScript
LC044/WeChatMsg,sanbei101,2,sanbei101/next-init,TypeScript
LC044/WeChatMsg,sanbei101,2,sanbei101/ocr-frontend,Vue
LC044/WeChatMsg,sanbei101,2,sanbei101/pingora,Rust
LC044/WeChatMsg,okcd00,1,okcd00/ACM_Road,C++
LC044/WeChatMsg,okcd00,1,okcd00/CDBibTex,TeX
LC044/WeChatMsg,okcd00,1,okcd00/CDColdBoot,Shell
LC044/WeChatMsg,okcd00,1,okcd00/CDEyes,JavaScript
LC044/WeChatMsg,okcd00,1,okcd00/CDKeeper,C++
LC044/WeChatMsg,okcd00,1,okcd00/CDNER,Jupyter Notebook
LC044/WeChatMsg,okcd00,1,okcd00/CDParser_FFXIV,JavaScript
LC044/WeChatMsg,okcd00,1,okcd00/CDSelector,CSS
LC044/WeChatMsg,okcd00,1,okcd00/GitHubGraduation-2022,JavaScript
LC044/WeChatMsg,okcd00,1,okcd00/okcd00.github.io,HTML
LC044/WeChatMsg,okcd00,1,okcd00/redis-3.0-annotated,C
LC044/WeChatMsg,okcd00,1,okcd00/University_Projects,C
lm-sys/FastChat,merrymercy,270,merrymercy/compiler2017,Java
lm-sys/FastChat,merrymercy,270,merrymercy/goGFS,Go
lm-sys/FastChat,merrymercy,270,merrymercy/Halide,C++
lm-sys/FastChat,merrymercy,270,merrymercy/HalideIR,C++
lm-sys/FastChat,merrymercy,270,merrymercy/merrymercy.github.io,TeX
lm-sys/FastChat,merrymercy,270,merrymercy/mxnet-the-straight-dope,Jupyter Notebook
lm-sys/FastChat,infwinston,74,infwinston/CNTK,C++
lm-sys/FastChat,infwinston,74,infwinston/infwinston.github.io,JavaScript
lm-sys/FastChat,suquark,31,suquark/arrow,C++
lm-sys/FastChat,suquark,31,suquark/hoplite,C++
lm-sys/FastChat,suquark,31,suquark/hpcenv,Shell
lm-sys/FastChat,suquark,31,suquark/InspireNN,JavaScript
lm-sys/FastChat,suquark,31,suquark/neural-style,Lua
lm-sys/FastChat,suquark,31,suquark/neural-style-visualizer,JavaScript
lm-sys/FastChat,suquark,31,suquark/neuraltalk2,Jupyter Notebook
lm-sys/FastChat,suquark,31,suquark/numpy,C
lm-sys/FastChat,suquark,31,suquark/oasis-chain,Rust
lm-sys/FastChat,suquark,31,suquark/personal_config,Shell
lm-sys/FastChat,Michaelvll,25,Michaelvll/acmdb-ZhanghaoWu,Java
lm-sys/FastChat,Michaelvll,25,Michaelvll/Chinese-Land-Battle-Chess-AI,C++
lm-sys/FastChat,Michaelvll,25,Michaelvll/Deep-Learning-Course-2018,Jupyter Notebook
lm-sys/FastChat,Michaelvll,25,Michaelvll/michaelvll.github.io,SCSS
lm-sys/FastChat,Michaelvll,25,Michaelvll/MipsSimulator,Assembly
lm-sys/FastChat,Michaelvll,25,Michaelvll/Models,C++
lm-sys/FastChat,Michaelvll,25,Michaelvll/MWCompiler,Java
lm-sys/FastChat,Michaelvll,25,Michaelvll/myQShor,HTML
lm-sys/FastChat,Michaelvll,25,Michaelvll/MySTL,C++
lm-sys/FastChat,Michaelvll,25,Michaelvll/Network-In-Practice,Java
lm-sys/FastChat,Michaelvll,25,Michaelvll/RISCV_CPU,C
lm-sys/FastChat,BabyChouSr,24,BabyChouSr/algorithmic-trading-python,Jupyter Notebook
lm-sys/FastChat,BabyChouSr,24,BabyChouSr/arena-hard-auto,Jupyter Notebook
lm-sys/FastChat,BabyChouSr,24,BabyChouSr/blog,HTML
lm-sys/FastChat,BabyChouSr,24,BabyChouSr/codeforces,C++
lm-sys/FastChat,BabyChouSr,24,BabyChouSr/concurrency-cpp-ex,C++
lm-sys/FastChat,BabyChouSr,24,BabyChouSr/COVID19Detector,Jupyter Notebook
lm-sys/FastChat,BabyChouSr,24,BabyChouSr/CrackingTheCodingInterview,C++
lm-sys/FastChat,BabyChouSr,24,BabyChouSr/crypto-pairs-trading,Jupyter Notebook
lm-sys/FastChat,BabyChouSr,24,BabyChouSr/depressoAPI,Jupyter Notebook
lm-sys/FastChat,BabyChouSr,24,BabyChouSr/EpsilonHacks,HTML
lm-sys/FastChat,BabyChouSr,24,BabyChouSr/FakeNewsDetector,Jupyter Notebook
lm-sys/FastChat,BabyChouSr,24,BabyChouSr/GitHubGraduation-2021,JavaScript
lm-sys/FastChat,BabyChouSr,24,BabyChouSr/hacktableExtinguish,HTML
lm-sys/FastChat,BabyChouSr,24,BabyChouSr/LLM-Index-Examples,Jupyter Notebook
lm-sys/FastChat,BabyChouSr,24,BabyChouSr/MVHacks,Java
lm-sys/FastChat,BabyChouSr,24,BabyChouSr/Omnihacks,HTML
lm-sys/FastChat,BabyChouSr,24,BabyChouSr/parallel-llms,Jupyter Notebook
lm-sys/FastChat,BabyChouSr,24,BabyChouSr/personalv2,JavaScript
lm-sys/FastChat,BabyChouSr,24,BabyChouSr/react-projects,CSS
lm-sys/FastChat,Trangle,23,Trangle/AIApps,Jupyter Notebook
lm-sys/FastChat,Trangle,23,Trangle/alpaca_eval,Jupyter Notebook
lm-sys/FastChat,Trangle,23,Trangle/bootstrap,CSS
lm-sys/FastChat,Trangle,23,Trangle/brain,JavaScript
lm-sys/FastChat,Trangle,23,Trangle/caffe,C++
lm-sys/FastChat,Trangle,23,Trangle/coffeescript,CoffeeScript
lm-sys/FastChat,Trangle,23,Trangle/DeepLearning,Jupyter Notebook
lm-sys/FastChat,Trangle,23,Trangle/dify,TypeScript
lm-sys/FastChat,Trangle,23,Trangle/FastGPT,TypeScript
lm-sys/FastChat,Trangle,23,Trangle/gbdt,C++
lm-sys/FastChat,Trangle,23,Trangle/glsl-projectron,JavaScript
lm-sys/FastChat,Trangle,23,Trangle/hadoop,Java
lm-sys/FastChat,Trangle,23,Trangle/ida,R
lm-sys/FastChat,Trangle,23,Trangle/im2col,Cuda
lm-sys/FastChat,Trangle,23,Trangle/irf,C++
lm-sys/FastChat,Trangle,23,Trangle/jquery,JavaScript
lm-sys/FastChat,Ying1123,22,Ying1123/boogie,Boogie
lm-sys/FastChat,Ying1123,22,Ying1123/chroniclerj,Java
lm-sys/FastChat,Ying1123,22,Ying1123/cvc5,SMT
lm-sys/FastChat,Ying1123,22,Ying1123/diem,Rust
lm-sys/FastChat,Ying1123,22,Ying1123/FasterTransformer,C++
lm-sys/FastChat,Ying1123,22,Ying1123/llm-caching-multiplexing,Jupyter Notebook
lm-sys/FastChat,Ying1123,22,Ying1123/maven-surefire,Java
lm-sys/FastChat,Ying1123,22,Ying1123/pentos,Java
lm-sys/FastChat,Ying1123,22,Ying1123/perturbation_learning,Jupyter Notebook
lm-sys/FastChat,Ying1123,22,Ying1123/surefire-outputcomparison,Java
lm-sys/FastChat,CodingWithTim,17,CodingWithTim/CodingWithTim.github.io,HTML
lm-sys/FastChat,CodingWithTim,17,CodingWithTim/Gitlet,Java
lm-sys/FastChat,CodingWithTim,17,CodingWithTim/LOAM-Livox-Noetic,C++
lm-sys/FastChat,CodingWithTim,17,CodingWithTim/MMLU-Stats,Jupyter Notebook
lm-sys/FastChat,CodingWithTim,17,CodingWithTim/News-Web-Scraper,Java
lm-sys/FastChat,CodingWithTim,17,CodingWithTim/Pac-man,Java
lm-sys/FastChat,CodingWithTim,17,CodingWithTim/pocketnews,Java
lm-sys/FastChat,CodingWithTim,17,CodingWithTim/PPE,Jupyter Notebook
lm-sys/FastChat,CodingWithTim,17,CodingWithTim/Snake-bug-free-version,Java
lm-sys/FastChat,CodingWithTim,17,CodingWithTim/Snake-Game-in-Java,Java
lm-sys/FastChat,congchan,12,congchan/algs4,Java
lm-sys/FastChat,congchan,12,congchan/congchan.github.io,HTML
lm-sys/FastChat,congchan,12,congchan/convolutional-neural-network,Jupyter Notebook
lm-sys/FastChat,congchan,12,congchan/cs106a-programming-methodology,Java
lm-sys/FastChat,congchan,12,congchan/cs106b-programming-abstraction,C++
lm-sys/FastChat,congchan,12,congchan/cs229-machine-learning,Matlab
lm-sys/FastChat,congchan,12,congchan/cs61b-data-structures,Java
lm-sys/FastChat,congchan,12,congchan/Deep-learning-Coursera,Jupyter Notebook
lm-sys/FastChat,congchan,12,congchan/dungeons-and-dragons,Java
lm-sys/FastChat,congchan,12,congchan/hugo_blog,HTML
lm-sys/FastChat,congchan,12,congchan/Machine-Learning-with-Scikit-Learn,Jupyter Notebook
lm-sys/FastChat,congchan,12,congchan/turbulence-simulation,Fortran
lm-sys/FastChat,lisadunlap,11,lisadunlap/alia-website,JavaScript
lm-sys/FastChat,lisadunlap,11,lisadunlap/data,JavaScript
lm-sys/FastChat,lisadunlap,11,lisadunlap/EditingClassifiers,Jupyter Notebook
lm-sys/FastChat,lisadunlap,11,lisadunlap/explain-eval-remote,Jupyter Notebook
lm-sys/FastChat,lisadunlap,11,lisadunlap/Gitlet,Java
lm-sys/FastChat,lisadunlap,11,lisadunlap/grad-CAM,Jupyter Notebook
lm-sys/FastChat,lisadunlap,11,lisadunlap/lisadunlap.github.io,HTML
lm-sys/FastChat,lisadunlap,11,lisadunlap/lisadunlap.github.io-vexillologynerds,HTML
lm-sys/FastChat,lisadunlap,11,lisadunlap/natural-adv-examples,Jupyter Notebook
lm-sys/FastChat,lisadunlap,11,lisadunlap/rl_rationalizations,Jupyter Notebook
lm-sys/FastChat,lisadunlap,11,lisadunlap/second_split_forgetting,Jupyter Notebook
lm-sys/FastChat,lisadunlap,11,lisadunlap/vae,Jupyter Notebook
lm-sys/FastChat,lisadunlap,11,lisadunlap/VAE-GAN,Jupyter Notebook
lm-sys/FastChat,lisadunlap,11,lisadunlap/VibeCheck,Jupyter Notebook
lm-sys/FastChat,lisadunlap,11,lisadunlap/xai-techniques,Jupyter Notebook
deepspeedai/DeepSpeed,jeffra,443,jeffra/chef-repo,Ruby
deepspeedai/DeepSpeed,jeffra,443,jeffra/deepspeed-kdd20,Shell
deepspeedai/DeepSpeed,jeffra,443,jeffra/deepspeed-test-worker,Shell
deepspeedai/DeepSpeed,jeffra,443,jeffra/ds-docker,Shell
deepspeedai/DeepSpeed,jeffra,443,jeffra/ethos-paper,Jupyter Notebook
deepspeedai/DeepSpeed,jeffra,443,jeffra/hadoop-common,Java
deepspeedai/DeepSpeed,jeffra,443,jeffra/igb-5.2.9.4,C
deepspeedai/DeepSpeed,jeffra,443,jeffra/jeffra.github.io,HTML
deepspeedai/DeepSpeed,jeffra,443,jeffra/mscclpp,C++
deepspeedai/DeepSpeed,jeffra,443,jeffra/netty,Java
deepspeedai/DeepSpeed,jeffra,443,jeffra/paper-movies,Shell
deepspeedai/DeepSpeed,loadams,225,loadams/deepspeed-feedstock,Shell
deepspeedai/DeepSpeed,tjruwase,175,tjruwase/DLWorkspace,JavaScript
deepspeedai/DeepSpeed,tjruwase,175,tjruwase/sc-dnn,HTML
deepspeedai/DeepSpeed,mrwyattii,168,mrwyattii/lbann,C++
deepspeedai/DeepSpeed,mrwyattii,168,mrwyattii/riiid-acp-pub,Jupyter Notebook
deepspeedai/DeepSpeed,stas00,118,stas00/.emacs.d,Emacs Lisp
deepspeedai/DeepSpeed,stas00,118,stas00/arctic_shift,TypeScript
deepspeedai/DeepSpeed,stas00,118,stas00/bash-git-prompt,Shell
deepspeedai/DeepSpeed,stas00,118,stas00/bash-tools,Shell
deepspeedai/DeepSpeed,stas00,118,stas00/benchmarks,Jupyter Notebook
deepspeedai/DeepSpeed,stas00,118,stas00/bigscience-backup,Shell
deepspeedai/DeepSpeed,stas00,118,stas00/blog,Jupyter Notebook
deepspeedai/DeepSpeed,stas00,118,stas00/code-samples,HTML
deepspeedai/DeepSpeed,stas00,118,stas00/conda-tools,Shell
deepspeedai/DeepSpeed,stas00,118,stas00/course-v3,Jupyter Notebook
deepspeedai/DeepSpeed,stas00,118,stas00/deep-learning-v2-pytorch,Jupyter Notebook
deepspeedai/DeepSpeed,RezaYazdaniAminabadi,86,RezaYazdaniAminabadi/DS-Kernels,C++
deepspeedai/DeepSpeed,tohtana,61,tohtana/rannc,C++
deepspeedai/DeepSpeed,tohtana,61,tohtana/test_repos2,TeX
deepspeedai/DeepSpeed,tohtana,61,tohtana/tohtana.github.io,HTML
deepspeedai/DeepSpeed,awan-10,46,awan-10/amazon-sagemaker-examples,Jupyter Notebook
deepspeedai/DeepSpeed,awan-10,46,awan-10/bvlc-caffe,C++
deepspeedai/DeepSpeed,awan-10,46,awan-10/caffe,C++
deepspeedai/DeepSpeed,awan-10,46,awan-10/nccl,Cuda
deepspeedai/DeepSpeed,awan-10,46,awan-10/super-convergence,Shell
deepspeedai/DeepSpeed,awan-10,46,awan-10/tensorflow,C++
deepspeedai/DeepSpeed,awan-10,46,awan-10/UMT,C
deepspeedai/DeepSpeed,awan-10,46,awan-10/yourCV,HTML
deepspeedai/DeepSpeed,conglongli,44,conglongli/ai_proj,TeX
deepspeedai/DeepSpeed,conglongli,44,conglongli/cmu_course,TeX
deepspeedai/DeepSpeed,conglongli,44,conglongli/conglongli.github.io,HTML
deepspeedai/DeepSpeed,conglongli,44,conglongli/faiss,C++
deepspeedai/DeepSpeed,conglongli,44,conglongli/hadoop,Java
deepspeedai/DeepSpeed,conglongli,44,conglongli/java-memcached-client,Java
deepspeedai/DeepSpeed,conglongli,44,conglongli/LightGBM,C++
deepspeedai/DeepSpeed,conglongli,44,conglongli/Memcached-Java-Load-Client,Java
deepspeedai/DeepSpeed,conglongli,44,conglongli/spark,Scala
deepspeedai/DeepSpeed,conglongli,44,conglongli/spark-terasort,Java
deepspeedai/DeepSpeed,conglongli,44,conglongli/visual_proj,TeX
deepspeedai/DeepSpeed,conglongli,44,conglongli/xgboost,C++
deepspeedai/DeepSpeed,conglongli,44,conglongli/YCSB,Java
QuivrHQ/quivr,StanGirard,1280,StanGirard/Alpine-Powerhouse,Shell
QuivrHQ/quivr,StanGirard,1280,StanGirard/argocd-diff-finder,Shell
QuivrHQ/quivr,StanGirard,1280,StanGirard/AuctionLab,JavaScript
QuivrHQ/quivr,StanGirard,1280,StanGirard/batchgcd,C++
QuivrHQ/quivr,StanGirard,1280,StanGirard/ChatGPT-Desktop,JavaScript
QuivrHQ/quivr,StanGirard,1280,StanGirard/chatgpt-web,JavaScript
QuivrHQ/quivr,StanGirard,1280,StanGirard/CrawlyColly,Go
QuivrHQ/quivr,StanGirard,1280,StanGirard/DataGuru,JavaScript
QuivrHQ/quivr,StanGirard,1280,StanGirard/DerivHack,JavaScript
QuivrHQ/quivr,StanGirard,1280,StanGirard/dockergrafanainflux,HTML
QuivrHQ/quivr,StanGirard,1280,StanGirard/docs,MDX
QuivrHQ/quivr,StanGirard,1280,StanGirard/Docusaurus,JavaScript
QuivrHQ/quivr,StanGirard,1280,StanGirard/ExpressBoilerplate,JavaScript
QuivrHQ/quivr,StanGirard,1280,StanGirard/formation-m33,JavaScript
QuivrHQ/quivr,StanGirard,1280,StanGirard/github-actions-tutorial,Go
QuivrHQ/quivr,StanGirard,1280,StanGirard/HackRSA,JavaScript
QuivrHQ/quivr,StanGirard,1280,StanGirard/homebrew-tap,Ruby
QuivrHQ/quivr,StanGirard,1280,StanGirard/launchweek.dev,MDX
QuivrHQ/quivr,StanGirard,1280,StanGirard/LSEBlockchain,JavaScript
QuivrHQ/quivr,StanGirard,1280,StanGirard/Neuropsychonaute,CSS
QuivrHQ/quivr,mamadoudicko,259,mamadoudicko/articles,TypeScript
QuivrHQ/quivr,mamadoudicko,259,mamadoudicko/avoid-unnecessary-rendering,TypeScript
QuivrHQ/quivr,mamadoudicko,259,mamadoudicko/eslint-auto-fix-all,TypeScript
QuivrHQ/quivr,mamadoudicko,259,mamadoudicko/index-as-key-canveat,TypeScript
QuivrHQ/quivr,mamadoudicko,259,mamadoudicko/keiko-serverless-gcp,TypeScript
QuivrHQ/quivr,mamadoudicko,259,mamadoudicko/nuxtjs-amplify,Vue
QuivrHQ/quivr,mamadoudicko,259,mamadoudicko/nx-next-amplify,CSS
QuivrHQ/quivr,mamadoudicko,259,mamadoudicko/quivr-chatbot,TypeScript
QuivrHQ/quivr,mamadoudicko,259,mamadoudicko/swarmion-amplify,TypeScript
QuivrHQ/quivr,mamadoudicko,259,mamadoudicko/tree-shaking-example,JavaScript
QuivrHQ/quivr,gozineb,79,gozineb/aws-cdk-app-integration-tests,TypeScript
QuivrHQ/quivr,gozineb,79,gozineb/basic-cdk-library-with-integ-test,TypeScript
QuivrHQ/quivr,gozineb,79,gozineb/sls-dev-tools,JavaScript
QuivrHQ/quivr,gozineb,79,gozineb/theodo-dojo-spotify-uwafo2,TypeScript
QuivrHQ/quivr,adityanandanx,51,adityanandanx/appwrite-migration,TypeScript
QuivrHQ/quivr,adityanandanx,51,adityanandanx/audio-journal-hack-o-holic,TypeScript
QuivrHQ/quivr,adityanandanx,51,adityanandanx/Banking-App-flask,HTML
QuivrHQ/quivr,adityanandanx,51,adityanandanx/bitflip,GDScript
QuivrHQ/quivr,adityanandanx,51,adityanandanx/Brighter-Beginnings,JavaScript
QuivrHQ/quivr,adityanandanx,51,adityanandanx/CLIpedia,JavaScript
QuivrHQ/quivr,adityanandanx,51,adityanandanx/cryptracker,TypeScript
QuivrHQ/quivr,adityanandanx,51,adityanandanx/digitomize,JavaScript
QuivrHQ/quivr,adityanandanx,51,adityanandanx/dotfiles-2021,GLSL
QuivrHQ/quivr,adityanandanx,51,adityanandanx/ecom,TypeScript
QuivrHQ/quivr,adityanandanx,51,adityanandanx/ecom-trpc,TypeScript
QuivrHQ/quivr,adityanandanx,51,adityanandanx/embedbase-experimentation,TypeScript
QuivrHQ/quivr,adityanandanx,51,adityanandanx/hacksmith,TypeScript
QuivrHQ/quivr,adityanandanx,51,adityanandanx/ieee-sb-geu,TypeScript
QuivrHQ/quivr,adityanandanx,51,adityanandanx/Interactive-Design-Demo,JavaScript
QuivrHQ/quivr,adityanandanx,51,adityanandanx/Jokes,CSS
QuivrHQ/quivr,adityanandanx,51,adityanandanx/junior-skills-round-3,HTML
QuivrHQ/quivr,AmineDiro,48,AmineDiro/Adversarial-Attacks,Jupyter Notebook
QuivrHQ/quivr,AmineDiro,48,AmineDiro/Breast-cancer-classification---K-neighbors,Jupyter Notebook
QuivrHQ/quivr,AmineDiro,48,AmineDiro/CascadeBandit,Jupyter Notebook
QuivrHQ/quivr,AmineDiro,48,AmineDiro/Chatbot-kafka,CSS
QuivrHQ/quivr,AmineDiro,48,AmineDiro/Churn-analysis,HTML
QuivrHQ/quivr,AmineDiro,48,AmineDiro/cria,Rust
QuivrHQ/quivr,AmineDiro,48,AmineDiro/dask-demoday-20042023,Jupyter Notebook
QuivrHQ/quivr,AmineDiro,48,AmineDiro/data-challenge-iapau,Jupyter Notebook
QuivrHQ/quivr,AmineDiro,48,AmineDiro/docvec,HTML
QuivrHQ/quivr,AmineDiro,48,AmineDiro/dotfiles-m1,Shell
QuivrHQ/quivr,AmineDiro,48,AmineDiro/fastwalker,Go
QuivrHQ/quivr,AmineDiro,48,AmineDiro/ferrules,C
QuivrHQ/quivr,AmineDiro,48,AmineDiro/gochat,Go
QuivrHQ/quivr,AmineDiro,48,AmineDiro/GPU_NIPALS_GS_PCA,Jupyter Notebook
QuivrHQ/quivr,AmineDiro,48,AmineDiro/Hotel-Bookings,HTML
QuivrHQ/quivr,AmineDiro,48,AmineDiro/iouring_http,Go
QuivrHQ/quivr,AmineDiro,48,AmineDiro/lib-jitsi-meet,JavaScript
QuivrHQ/quivr,AmineDiro,48,AmineDiro/llm,Rust
QuivrHQ/quivr,AmineDiro,48,AmineDiro/Matplotlib-Vizualization---Weather-data,Jupyter Notebook
QuivrHQ/quivr,matthieujacq,38,matthieujacq/42header,Vim script
QuivrHQ/quivr,matthieujacq,38,matthieujacq/gaffiot-web,TypeScript
QuivrHQ/quivr,matthieujacq,38,matthieujacq/keiko,TypeScript
QuivrHQ/quivr,matthieujacq,38,matthieujacq/keiko-serverless,TypeScript
QuivrHQ/quivr,chloedia,27,chloedia/Aimagine4Kessel,JavaScript
QuivrHQ/quivr,chloedia,27,chloedia/clear-fashion,JavaScript
QuivrHQ/quivr,chloedia,27,chloedia/Graph_Music_Recommendation,Jupyter Notebook
QuivrHQ/quivr,chloedia,27,chloedia/obsidian-releases,JavaScript
QuivrHQ/quivr,chloedia,27,chloedia/Obsidian_Quiz_Generator,TypeScript
QuivrHQ/quivr,chloedia,27,chloedia/PacMan,Jupyter Notebook
QuivrHQ/quivr,chloedia,27,chloedia/pythonMLA4,Jupyter Notebook
QuivrHQ/quivr,chloedia,27,chloedia/quivr,TypeScript
QuivrHQ/quivr,chloedia,27,chloedia/VIC_PROJECT,Jupyter Notebook
QuivrHQ/quivr,mattzcarey,26,mattzcarey/adventofcode21,JavaScript
QuivrHQ/quivr,mattzcarey,26,mattzcarey/ai-attendee-matcher,Makefile
QuivrHQ/quivr,mattzcarey,26,mattzcarey/aoc-24,Zig
QuivrHQ/quivr,mattzcarey,26,mattzcarey/aoc22,JavaScript
QuivrHQ/quivr,mattzcarey,26,mattzcarey/automotive-eng,Jupyter Notebook
QuivrHQ/quivr,mattzcarey,26,mattzcarey/aws-comsum-gen-ai-workshop,Makefile
QuivrHQ/quivr,mattzcarey,26,mattzcarey/aws-scripts,Shell
QuivrHQ/quivr,mattzcarey,26,mattzcarey/bad-demo,TypeScript
QuivrHQ/quivr,mattzcarey,26,mattzcarey/cloudflare-examples,TypeScript
QuivrHQ/quivr,mattzcarey,26,mattzcarey/cloudflare-langgraph,TypeScript
QuivrHQ/quivr,mattzcarey,26,mattzcarey/code-review-gpt,TypeScript
QuivrHQ/quivr,mattzcarey,26,mattzcarey/community-notes,TypeScript
QuivrHQ/quivr,mattzcarey,26,mattzcarey/dynamo-example-cdk,TypeScript
QuivrHQ/quivr,mattzcarey,26,mattzcarey/engaige,TypeScript
QuivrHQ/quivr,mattzcarey,26,mattzcarey/indexer,TypeScript
QuivrHQ/quivr,mattzcarey,26,mattzcarey/instructor-js,TypeScript
QuivrHQ/quivr,mattzcarey,26,mattzcarey/lambda-perf,JavaScript
QuivrHQ/quivr,mattzcarey,26,mattzcarey/langchainjs,TypeScript
QuivrHQ/quivr,mattzcarey,26,mattzcarey/langgraphjs,TypeScript
QuivrHQ/quivr,mattzcarey,26,mattzcarey/llama.cpp,C++
freqtrade/freqtrade,xmatthias,16077,xmatthias/android-ColorPickerPreference,Java
freqtrade/freqtrade,xmatthias,16077,xmatthias/Android-PullToRefresh,Java
freqtrade/freqtrade,xmatthias,16077,xmatthias/ansible-role-openvpn,Shell
freqtrade/freqtrade,xmatthias,16077,xmatthias/bash_xbmc_control,Shell
freqtrade/freqtrade,xmatthias,16077,xmatthias/bndchallange,PHP
freqtrade/freqtrade,xmatthias,16077,xmatthias/bootstrap-vue-3,TypeScript
freqtrade/freqtrade,xmatthias,16077,xmatthias/ConfuserEx,C#
freqtrade/freqtrade,xmatthias,16077,xmatthias/docker-armhf-tor,Dockerfile
freqtrade/freqtrade,xmatthias,16077,xmatthias/epcon,CSS
freqtrade/freqtrade,xmatthias,16077,xmatthias/frequi,Vue
freqtrade/freqtrade,xmatthias,16077,xmatthias/LeafPic,Java
freqtrade/freqtrade,hroff-1902,1116,hroff-1902/ccxt,JavaScript
freqtrade/freqtrade,samgermain,804,samgermain/ArtificialIntelligence,Java
freqtrade/freqtrade,samgermain,804,samgermain/ccxt-test-scripts,Shell
freqtrade/freqtrade,samgermain,804,samgermain/ChaosGameRepresentation,C++
freqtrade/freqtrade,samgermain,804,samgermain/ChatroomTools,Java
freqtrade/freqtrade,samgermain,804,samgermain/Concentration,Swift
freqtrade/freqtrade,samgermain,804,samgermain/FlappyBird,Lua
freqtrade/freqtrade,samgermain,804,samgermain/gatsby-starter-essentials-optimizations,TypeScript
freqtrade/freqtrade,samgermain,804,samgermain/IATA_hackathon_Seattle,JavaScript
freqtrade/freqtrade,samgermain,804,samgermain/ImageGallery,Swift
freqtrade/freqtrade,samgermain,804,samgermain/ImageProcessing,Jupyter Notebook
freqtrade/freqtrade,samgermain,804,samgermain/JavaInterpreter,Java
freqtrade/freqtrade,samgermain,804,samgermain/learn_gamedev_with_love2d,C
freqtrade/freqtrade,samgermain,804,samgermain/MotivationVideosApp,Objective-C
freqtrade/freqtrade,samgermain,804,samgermain/OMDB_Browser_ReactNative,JavaScript
freqtrade/freqtrade,samgermain,804,samgermain/PrologInterpreter,Prolog
freqtrade/freqtrade,robcaulk,789,robcaulk/libigl,C++
freqtrade/freqtrade,robcaulk,789,robcaulk/RetweetBot,JavaScript
freqtrade/freqtrade,robcaulk,789,robcaulk/suitesparse,C
freqtrade/freqtrade,robcaulk,789,robcaulk/Trilinos,C++
freqtrade/freqtrade,robcaulk,789,robcaulk/trunk,C++
freqtrade/freqtrade,robcaulk,789,robcaulk/yade-mpi,C++
freqtrade/freqtrade,mishaker,670,mishaker/alaki,Ruby
freqtrade/freqtrade,mishaker,670,mishaker/coinmon,JavaScript
freqtrade/freqtrade,mishaker,670,mishaker/gigtime-wp,PHP
freqtrade/freqtrade,mishaker,670,mishaker/hist,HTML
freqtrade/freqtrade,mishaker,670,mishaker/mishaker.github.io,HTML
freqtrade/freqtrade,mishaker,670,mishaker/Mynt,C#
freqtrade/freqtrade,mishaker,670,mishaker/rust,Rust
freqtrade/freqtrade,mishaker,670,mishaker/timescaledb,C
freqtrade/freqtrade,vertti,555,vertti/AndEngine,Java
freqtrade/freqtrade,vertti,555,vertti/baitha,Scala
freqtrade/freqtrade,vertti,555,vertti/coveralls-maven-plugin,Java
freqtrade/freqtrade,vertti,555,vertti/grunt-connect-rewrite,JavaScript
freqtrade/freqtrade,vertti,555,vertti/homebrew-cask,Ruby
freqtrade/freqtrade,vertti,555,vertti/lua-formatter,Lua
freqtrade/freqtrade,vertti,555,vertti/maven-build-utils,Java
freqtrade/freqtrade,vertti,555,vertti/metrics,Java
freqtrade/freqtrade,vertti,555,vertti/my-osx-setup,Shell
freqtrade/freqtrade,vertti,555,vertti/next-purgecss,JavaScript
freqtrade/freqtrade,vertti,555,vertti/pact-workshop-js,JavaScript
freqtrade/freqtrade,vertti,555,vertti/pstore,Go
freqtrade/freqtrade,vertti,555,vertti/restserver-comparison,Java
freqtrade/freqtrade,vertti,555,vertti/reveal.js,JavaScript
freqtrade/freqtrade,vertti,555,vertti/scoop-extras,PowerShell
freqtrade/freqtrade,shusso,322,shusso/appium-xcuitest-driver,JavaScript
freqtrade/freqtrade,shusso,322,shusso/bazel,Java
freqtrade/freqtrade,shusso,322,shusso/clojure-koans,Clojure
freqtrade/freqtrade,shusso,322,shusso/devdocs,Ruby
freqtrade/freqtrade,shusso,322,shusso/dotfiles,Emacs Lisp
freqtrade/freqtrade,shusso,322,shusso/elpy,Emacs Lisp
freqtrade/freqtrade,shusso,322,shusso/EnterpriseHello,C
freqtrade/freqtrade,shusso,322,shusso/fake-web-test,JavaScript
freqtrade/freqtrade,shusso,322,shusso/hubpress.io,JavaScript
freqtrade/freqtrade,shusso,322,shusso/idevice-app-runner,C
freqtrade/freqtrade,shusso,322,shusso/itest-niacin,JavaScript
freqtrade/freqtrade,shusso,322,shusso/json-flatfile-datastore,C#
freqtrade/freqtrade,shusso,322,shusso/lisp-koans,Common Lisp
freqtrade/freqtrade,shusso,322,shusso/mobileorg,Objective-C
freqtrade/freqtrade,shusso,322,shusso/mobile_test_automation_talk,CSS
freqtrade/freqtrade,shusso,322,shusso/RecordMyScreen,C
freqtrade/freqtrade,shusso,322,shusso/scene-loader-test,C#
freqtrade/freqtrade,shusso,322,shusso/shusso.github.com,CSS
freqtrade/freqtrade,shusso,322,shusso/spectacle,Objective-C
freqtrade/freqtrade,shusso,322,shusso/Strategy-Game,C#
LAION-AI/Open-Assistant,yk,501,yk/angular2-meteor,JavaScript
LAION-AI/Open-Assistant,yk,501,yk/angular2-meteor-accounts-ui,CSS
LAION-AI/Open-Assistant,yk,501,yk/arc-level-editor,JavaScript
LAION-AI/Open-Assistant,yk,501,yk/arxivciter,JavaScript
LAION-AI/Open-Assistant,yk,501,yk/breeze,Scala
LAION-AI/Open-Assistant,yk,501,yk/ciseminarhs12,C++
LAION-AI/Open-Assistant,yk,501,yk/CLIP,Jupyter Notebook
LAION-AI/Open-Assistant,yk,501,yk/damgr,TypeScript
LAION-AI/Open-Assistant,yk,501,yk/gpustat,JavaScript
LAION-AI/Open-Assistant,fozziethebeat,362,fozziethebeat/C-Cat,Java
LAION-AI/Open-Assistant,fozziethebeat,362,fozziethebeat/digital-garden,HTML
LAION-AI/Open-Assistant,fozziethebeat,362,fozziethebeat/electron-forge-plugin-vite-esm,TypeScript
LAION-AI/Open-Assistant,fozziethebeat,362,fozziethebeat/fozziethebeat.github.io,TeX
LAION-AI/Open-Assistant,fozziethebeat,362,fozziethebeat/kt-villa,TypeScript
LAION-AI/Open-Assistant,fozziethebeat,362,fozziethebeat/S-Space,Java
LAION-AI/Open-Assistant,fozziethebeat,362,fozziethebeat/TopicModelComparison,Scala
LAION-AI/Open-Assistant,fozziethebeat,362,fozziethebeat/working-configs,Shell
LAION-AI/Open-Assistant,andreaskoepf,350,andreaskoepf/aleph-alpha-api-rs,Rust
LAION-AI/Open-Assistant,andreaskoepf,350,andreaskoepf/aleph-alpha-client-rs,Rust
LAION-AI/Open-Assistant,andreaskoepf,350,andreaskoepf/bitcoin_talk_2011,TeX
LAION-AI/Open-Assistant,andreaskoepf,350,andreaskoepf/dqn,Lua
LAION-AI/Open-Assistant,andreaskoepf,350,andreaskoepf/faster-rcnn.torch,Lua
LAION-AI/Open-Assistant,andreaskoepf,350,andreaskoepf/Grasp-Toolkit,C++
LAION-AI/Open-Assistant,andreaskoepf,350,andreaskoepf/laion_sum_data,Jupyter Notebook
LAION-AI/Open-Assistant,andreaskoepf,350,andreaskoepf/matrixwalk,Lua
LAION-AI/Open-Assistant,andreaskoepf,350,andreaskoepf/PythonRobotics,Jupyter Notebook
LAION-AI/Open-Assistant,AbdBarho,228,AbdBarho/CV19-20,Jupyter Notebook
LAION-AI/Open-Assistant,AbdBarho,228,AbdBarho/Pandemie,HTML
LAION-AI/Open-Assistant,AbdBarho,228,AbdBarho/RubiksCube,JavaScript
LAION-AI/Open-Assistant,AbdBarho,228,AbdBarho/s3-serve,TypeScript
LAION-AI/Open-Assistant,AbdBarho,228,AbdBarho/stable-diffusion-webui-docker,Shell
LAION-AI/Open-Assistant,AbdBarho,228,AbdBarho/transformers-stack,JavaScript
LAION-AI/Open-Assistant,AbdBarho,228,AbdBarho/VeryBadEngine,TypeScript
LAION-AI/Open-Assistant,notmd,196,notmd/--Lession2,PHP
LAION-AI/Open-Assistant,notmd,196,notmd/bevy_mod_picking,Rust
LAION-AI/Open-Assistant,notmd,196,notmd/bevy_remote_inspector,TypeScript
LAION-AI/Open-Assistant,notmd,196,notmd/bevy_replicon,Rust
LAION-AI/Open-Assistant,notmd,196,notmd/bevy_tailwind,Rust
LAION-AI/Open-Assistant,notmd,196,notmd/calculator,Rust
LAION-AI/Open-Assistant,notmd,196,notmd/data-mining-final,Jupyter Notebook
LAION-AI/Open-Assistant,notmd,196,notmd/discord-baucua,JavaScript
LAION-AI/Open-Assistant,notmd,196,notmd/faceapi,JavaScript
LAION-AI/Open-Assistant,notmd,196,notmd/laravel-antibotlink,PHP
LAION-AI/Open-Assistant,notmd,196,notmd/lightyear-jitter,Rust
LAION-AI/Open-Assistant,notmd,196,notmd/oop-flight-management,C#
LAION-AI/Open-Assistant,notmd,196,notmd/tools,Rust
LAION-AI/Open-Assistant,notmd,196,notmd/vue-stacktoast,TypeScript
LAION-AI/Open-Assistant,andrewm4894,111,andrewm4894/airflow-stuff,Shell
LAION-AI/Open-Assistant,andrewm4894,111,andrewm4894/am4894bq,Jupyter Notebook
LAION-AI/Open-Assistant,andrewm4894,111,andrewm4894/am4894ga,Jupyter Notebook
LAION-AI/Open-Assistant,andrewm4894,111,andrewm4894/am4894hubspot,Jupyter Notebook
LAION-AI/Open-Assistant,andrewm4894,111,andrewm4894/am4894nbdev,Jupyter Notebook
LAION-AI/Open-Assistant,andrewm4894,111,andrewm4894/am4894netdata,Jupyter Notebook
LAION-AI/Open-Assistant,andrewm4894,111,andrewm4894/am4894plots,Jupyter Notebook
LAION-AI/Open-Assistant,andrewm4894,111,andrewm4894/andys-daily-factoids,JavaScript
LAION-AI/Open-Assistant,andrewm4894,111,andrewm4894/anomaly-agent,Jupyter Notebook
LAION-AI/Open-Assistant,andrewm4894,111,andrewm4894/Awesome-Mainframe-Hacking,Jupyter Notebook
LAION-AI/Open-Assistant,andrewm4894,111,andrewm4894/blog,JavaScript
LAION-AI/Open-Assistant,olliestanley,96,olliestanley/afkprefixes,Java
LAION-AI/Open-Assistant,olliestanley,96,olliestanley/chatcooldown,Java
LAION-AI/Open-Assistant,olliestanley,96,olliestanley/commandcodes,Java
LAION-AI/Open-Assistant,olliestanley,96,olliestanley/craftprofiles,Java
LAION-AI/Open-Assistant,olliestanley,96,olliestanley/craftquesty,Java
LAION-AI/Open-Assistant,olliestanley,96,olliestanley/craftvouchers,Java
LAION-AI/Open-Assistant,olliestanley,96,olliestanley/cuda-kernels,Cuda
LAION-AI/Open-Assistant,olliestanley,96,olliestanley/dzedit,Java
LAION-AI/Open-Assistant,olliestanley,96,olliestanley/dzlib,Java
LAION-AI/Open-Assistant,olliestanley,96,olliestanley/enderbows,Java
LAION-AI/Open-Assistant,olliestanley,96,olliestanley/football-ratings,Jupyter Notebook
LAION-AI/Open-Assistant,olliestanley,96,olliestanley/gk-possession-impact,Jupyter Notebook
LAION-AI/Open-Assistant,olliestanley,96,olliestanley/gpclaimrestrict,Java
LAION-AI/Open-Assistant,olliestanley,96,olliestanley/graph.cpp,C++
LAION-AI/Open-Assistant,olliestanley,96,olliestanley/jlibargs,Java
LAION-AI/Open-Assistant,olliestanley,96,olliestanley/jmarket,Java
LAION-AI/Open-Assistant,olliestanley,96,olliestanley/lootprotect,Java
LAION-AI/Open-Assistant,olliestanley,96,olliestanley/minerefer,Java
LAION-AI/Open-Assistant,olliestanley,96,olliestanley/minimalclans,Java
LAION-AI/Open-Assistant,olliestanley,96,olliestanley/nicknames,Java
LAION-AI/Open-Assistant,olliestanley,96,olliestanley/politics,Java
LAION-AI/Open-Assistant,olliestanley,96,olliestanley/psbuildcheck,Java
LAION-AI/Open-Assistant,olliestanley,96,olliestanley/questy,Java
LAION-AI/Open-Assistant,sandporg,74,sandporg/file-version-manager,PHP
LAION-AI/Open-Assistant,sandporg,74,sandporg/Open-Assistant,Jupyter Notebook
LAION-AI/Open-Assistant,sandporg,74,sandporg/rsandb.github.io,CSS
LAION-AI/Open-Assistant,AlexanderHott,51,AlexanderHott/0xott.zip,Astro
LAION-AI/Open-Assistant,AlexanderHott,51,AlexanderHott/access-refresh-auth-nextjs,TypeScript
LAION-AI/Open-Assistant,AlexanderHott,51,AlexanderHott/advent-of-code,Rust
LAION-AI/Open-Assistant,AlexanderHott,51,AlexanderHott/basic_tauri_app,TypeScript
LAION-AI/Open-Assistant,AlexanderHott,51,AlexanderHott/bass-drop-detector,TypeScript
LAION-AI/Open-Assistant,AlexanderHott,51,AlexanderHott/bdi-check-in-form,TypeScript
LAION-AI/Open-Assistant,AlexanderHott,51,AlexanderHott/bng,TypeScript
LAION-AI/Open-Assistant,AlexanderHott,51,AlexanderHott/breadit,TypeScript
LAION-AI/Open-Assistant,AlexanderHott,51,AlexanderHott/codecrafters-docker-rust,Rust
LAION-AI/Open-Assistant,AlexanderHott,51,AlexanderHott/codecrafters-http-server-rust,Rust
LAION-AI/Open-Assistant,AlexanderHott,51,AlexanderHott/cosi-167-zone-map,C++
LAION-AI/Open-Assistant,AlexanderHott,51,AlexanderHott/create-t3-app,TypeScript
LAION-AI/Open-Assistant,AlexanderHott,51,AlexanderHott/dnd-nft,JavaScript
LAION-AI/Open-Assistant,AlexanderHott,51,AlexanderHott/dotfiles,Lua
LAION-AI/Open-Assistant,AlexanderHott,51,AlexanderHott/emoji-reddit,TypeScript
LAION-AI/Open-Assistant,AlexanderHott,51,AlexanderHott/emoji-twitter,TypeScript
LAION-AI/Open-Assistant,AlexanderHott,51,AlexanderHott/example-nextjs-email-password-webauthn,TypeScript
gradio-app/gradio,abidlabs,1151,abidlabs/abidlabs.github.io,HTML
gradio-app/gradio,abidlabs,1151,abidlabs/AtomsOfDeepLearning,Jupyter Notebook
gradio-app/gradio,abidlabs,1151,abidlabs/blog-notebooks,Jupyter Notebook
gradio-app/gradio,abidlabs,1151,abidlabs/Calliar,Jupyter Notebook
gradio-app/gradio,abidlabs,1151,abidlabs/classify-surahs,Jupyter Notebook
gradio-app/gradio,abidlabs,1151,abidlabs/contrastive,Jupyter Notebook
gradio-app/gradio,abidlabs,1151,abidlabs/contrastive_vae,Jupyter Notebook
gradio-app/gradio,abidlabs,1151,abidlabs/CS231N_Project,Jupyter Notebook
gradio-app/gradio,abidlabs,1151,abidlabs/dadda-detector,HTML
gradio-app/gradio,abidlabs,1151,abidlabs/dalle-mini,Jupyter Notebook
gradio-app/gradio,abidlabs,1151,abidlabs/Deep-Generative-Models-Tutorial,Jupyter Notebook
gradio-app/gradio,abidlabs,1151,abidlabs/deep-learning-genomics-primer,Jupyter Notebook
gradio-app/gradio,abidlabs,1151,abidlabs/emailer,HTML
gradio-app/gradio,abidlabs,1151,abidlabs/error-correcting-networks,Jupyter Notebook
gradio-app/gradio,pngwn,619,pngwn/2880-gradio-next,CSS
gradio-app/gradio,pngwn,619,pngwn/Advent-of-Code-2019,JavaScript
gradio-app/gradio,pngwn,619,pngwn/aoc-2021,Rust
gradio-app/gradio,pngwn,619,pngwn/block-start,TypeScript
gradio-app/gradio,pngwn,619,pngwn/bristech-2019,JavaScript
gradio-app/gradio,pngwn,619,pngwn/budibase,JavaScript
gradio-app/gradio,pngwn,619,pngwn/docs-test-shell,JavaScript
gradio-app/gradio,pngwn,619,pngwn/docs-test-svelte,JavaScript
gradio-app/gradio,pngwn,619,pngwn/gha-token-poc,JavaScript
gradio-app/gradio,pngwn,619,pngwn/gradio-imageslider,Svelte
gradio-app/gradio,pngwn,619,pngwn/gradio-paramviewer,Svelte
gradio-app/gradio,pngwn,619,pngwn/huggingface.js,TypeScript
gradio-app/gradio,pngwn,619,pngwn/kit-mdsvex-dynamic-data,Svelte
gradio-app/gradio,pngwn,619,pngwn/kit-prism-ssr-bug,Svelte
gradio-app/gradio,pngwn,619,pngwn/lambsplittest,JavaScript
gradio-app/gradio,pngwn,619,pngwn/language-tools,TypeScript
gradio-app/gradio,pngwn,619,pngwn/MDsveX,JavaScript
gradio-app/gradio,pngwn,619,pngwn/mdsvex-math,JavaScript
gradio-app/gradio,pngwn,619,pngwn/mdsvex-playground,JavaScript
gradio-app/gradio,pngwn,619,pngwn/mdsvex-template,Svelte
gradio-app/gradio,pngwn,619,pngwn/monorepo-test-changes,JavaScript
gradio-app/gradio,pngwn,619,pngwn/netlify-api-test,JavaScript
gradio-app/gradio,pngwn,619,pngwn/nimbus,HTML
gradio-app/gradio,aliabd,598,aliabd/converge,Jupyter Notebook
gradio-app/gradio,aliabd,598,aliabd/cos-cvae,Jupyter Notebook
gradio-app/gradio,aliabd,598,aliabd/DALL-E,Jupyter Notebook
gradio-app/gradio,aliabd,598,aliabd/fastai,Jupyter Notebook
gradio-app/gradio,aliabd,598,aliabd/first-website,HTML
gradio-app/gradio,aliabd,598,aliabd/hifz-test,JavaScript
gradio-app/gradio,aliabd,598,aliabd/history-of-interpretation,Jupyter Notebook
gradio-app/gradio,aliabd,598,aliabd/Image-Captioning,Jupyter Notebook
gradio-app/gradio,aliabd,598,aliabd/knowyourpet,JavaScript
gradio-app/gradio,aliabd,598,aliabd/nafisa-web,HTML
gradio-app/gradio,dawoodkhan82,525,dawoodkhan82/BRIC-Live,Swift
gradio-app/gradio,dawoodkhan82,525,dawoodkhan82/CAStLE,Swift
gradio-app/gradio,dawoodkhan82,525,dawoodkhan82/DJI-Social-App,C
gradio-app/gradio,dawoodkhan82,525,dawoodkhan82/gradio-assessment,HTML
gradio-app/gradio,dawoodkhan82,525,dawoodkhan82/iOS-Programming-Assignment-2,Objective-C
gradio-app/gradio,dawoodkhan82,525,dawoodkhan82/iOS-Test-Chat-App,Objective-C
gradio-app/gradio,dawoodkhan82,525,dawoodkhan82/ios_yelp_swift,Swift
gradio-app/gradio,dawoodkhan82,525,dawoodkhan82/Maniac-Bot,CSS
gradio-app/gradio,dawoodkhan82,525,dawoodkhan82/MyContacts,Swift
gradio-app/gradio,dawoodkhan82,525,dawoodkhan82/On-My-Way,Objective-C
gradio-app/gradio,dawoodkhan82,525,dawoodkhan82/ProxSens,Swift
gradio-app/gradio,dawoodkhan82,525,dawoodkhan82/Red-Bird-Green-Bird,Swift
gradio-app/gradio,dawoodkhan82,525,dawoodkhan82/TipMe,Swift
gradio-app/gradio,dawoodkhan82,525,dawoodkhan82/vine-tester-master,Swift
gradio-app/gradio,dawoodkhan82,525,dawoodkhan82/vine-tester-tester-master,Java
gradio-app/gradio,dawoodkhan82,525,dawoodkhan82/Weather-App,Swift
gradio-app/gradio,dawoodkhan82,525,dawoodkhan82/Where-am-I-,Swift
gradio-app/gradio,freddyaboulton,487,freddyaboulton/blog,Jupyter Notebook
gradio-app/gradio,freddyaboulton,487,freddyaboulton/docs,MDX
gradio-app/gradio,freddyaboulton,487,freddyaboulton/evalml-core-feedstock,Shell
gradio-app/gradio,freddyaboulton,487,freddyaboulton/fastrtc,JavaScript
gradio-app/gradio,freddyaboulton,487,freddyaboulton/freddyboulton,Svelte
gradio-app/gradio,freddyaboulton,487,freddyaboulton/gemini-cookbook,Jupyter Notebook
gradio-app/gradio,freddyaboulton,487,freddyaboulton/generative-ai,Jupyter Notebook
gradio-app/gradio,freddyaboulton,487,freddyaboulton/gradio-agentchatbot,Svelte
gradio-app/gradio,freddyaboulton,487,freddyaboulton/gradio-calendar,JavaScript
gradio-app/gradio,freddyaboulton,487,freddyaboulton/gradio-datepicker,Svelte
gradio-app/gradio,freddyaboulton,487,freddyaboulton/gradio-leaderboard,Svelte
gradio-app/gradio,aliabid94,339,aliabid94/3drenderer,Processing
gradio-app/gradio,aliabid94,339,aliabid94/animation1,GLSL
gradio-app/gradio,aliabid94,339,aliabid94/auction,HTML
gradio-app/gradio,aliabid94,339,aliabid94/blurdle,HTML
gradio-app/gradio,aliabid94,339,aliabid94/chord_practice,HTML
gradio-app/gradio,aliabid94,339,aliabid94/fatima,HTML
gradio-app/gradio,aliabid94,339,aliabid94/GetFuncky,HTML
gradio-app/gradio,aliabid94,339,aliabid94/gmat_review,HTML
gradio-app/gradio,aliabid94,339,aliabid94/GradioSummaryComparer,Jupyter Notebook
gradio-app/gradio,aliabid94,339,aliabid94/guitarbud,JavaScript
gradio-app/gradio,aliabid94,339,aliabid94/guitarbud-django,JavaScript
gradio-app/gradio,aliabid94,339,aliabid94/myvoice,HTML
gradio-app/gradio,omerXfaruq,227,omerXfaruq/531-lab2,C++
gradio-app/gradio,omerXfaruq,227,omerXfaruq/brainsim,Dockerfile
gradio-app/gradio,omerXfaruq,227,omerXfaruq/cmpe492-Transcriptomics_Analysis,JavaScript
gradio-app/gradio,omerXfaruq,227,omerXfaruq/Deep-Learning-Specialization-DeepLearningAi,Jupyter Notebook
gradio-app/gradio,omerXfaruq,227,omerXfaruq/deep_rl_bootcamp,Jupyter Notebook
gradio-app/gradio,omerXfaruq,227,omerXfaruq/exploration,C++
gradio-app/gradio,omerXfaruq,227,omerXfaruq/Graph-Attack-and-Random-Failure,Jupyter Notebook
gradio-app/gradio,hannahblair,224,hannahblair/BSLTranslator,JavaScript
gradio-app/gradio,hannahblair,224,hannahblair/create-react-native-app,JavaScript
gradio-app/gradio,hannahblair,224,hannahblair/FreeCodeCamp,JavaScript
gradio-app/gradio,hannahblair,224,hannahblair/game-of-code-2016,HTML
gradio-app/gradio,hannahblair,224,hannahblair/hackathon-starter,CSS
gradio-app/gradio,hannahblair,224,hannahblair/HackLondon,JavaScript
gradio-app/gradio,hannahblair,224,hannahblair/hacklondon-maison,JavaScript
gradio-app/gradio,hannahblair,224,hannahblair/hfblog,Jupyter Notebook
gradio-app/gradio,hannahblair,224,hannahblair/InversionCount,Java
gradio-app/gradio,hannahblair,224,hannahblair/material-dashboard-react,JavaScript
gradio-app/gradio,hannahblair,224,hannahblair/mern-server,JavaScript
gradio-app/gradio,hannahblair,224,hannahblair/mlnoobs,Astro
gradio-app/gradio,hannahblair,224,hannahblair/pixijs.com,JavaScript
gradio-app/gradio,hannahblair,224,hannahblair/tauri-cappy,CSS
gradio-app/gradio,hannahblair,224,hannahblair/test_gradio_client,Svelte
gradio-app/gradio,hannahblair,224,hannahblair/webpack-boilerplate,JavaScript
gradio-app/gradio,whitphx,173,whitphx/anipres,TypeScript
gradio-app/gradio,whitphx,173,whitphx/arduino-keyboard-remapper,C++
gradio-app/gradio,whitphx,173,whitphx/asciidoctor-cjk,Dockerfile
gradio-app/gradio,whitphx,173,whitphx/asciimath,Ruby
gradio-app/gradio,whitphx,173,whitphx/asha-fusion,CSS
gradio-app/gradio,whitphx,173,whitphx/asha-nepal,CSS
gradio-app/gradio,whitphx,173,whitphx/blacktie-shield-hugo,CSS
gradio-app/gradio,whitphx,173,whitphx/csv-to-md,JavaScript
gradio-app/gradio,whitphx,173,whitphx/DefinitelyTyped,TypeScript
gradio-app/gradio,whitphx,173,whitphx/docker-cuda-python3,Dockerfile
gradio-app/gradio,whitphx,173,whitphx/fastapi-typescript-openapi-example,TypeScript
gradio-app/gradio,whitphx,173,whitphx/fuel-calendar,PHP
gradio-app/gradio,whitphx,173,whitphx/fuel-controller-test,PHP
gradio-app/gradio,whitphx,173,whitphx/fuel-kana,PHP
gradio-app/gradio,whitphx,173,whitphx/fuel-sitemap,PHP
gto76/python-cheatsheet,gto76,2704,gto76/advent-of-code-2020,HTML
gto76/python-cheatsheet,gto76,2704,gto76/albums,HTML
gto76/python-cheatsheet,gto76,2704,gto76/ascii-git-graph-to-png,Shell
gto76/python-cheatsheet,gto76,2704,gto76/basket-stats,Java
gto76/python-cheatsheet,gto76,2704,gto76/best-songs,HTML
gto76/python-cheatsheet,gto76,2704,gto76/betbrain-scraper,HTML
gto76/python-cheatsheet,gto76,2704,gto76/bets,HTML
gto76/python-cheatsheet,gto76,2704,gto76/bicikl-pp,Java
gto76/python-cheatsheet,gto76,2704,gto76/bit8-compiler,Scala
gto76/python-cheatsheet,gto76,2704,gto76/comp,Scala
gto76/python-cheatsheet,gto76,2704,gto76/comp-cpp,C++
gto76/python-cheatsheet,gto76,2704,gto76/comp-m2,C++
gto76/python-cheatsheet,gto76,2704,gto76/essence-of-singularity,HTML
gto76/python-cheatsheet,gto76,2704,gto76/face-tracker,Java
gto76/python-cheatsheet,gto76,2704,gto76/foto-scripts,Shell
gto76/python-cheatsheet,gto76,2704,gto76/fri,HTML
gto76/python-cheatsheet,gto76,2704,gto76/from-singularity-to-morality,TeX
gto76/python-cheatsheet,gto76,2704,gto76/fun-photo-time,Java
gto76/python-cheatsheet,gto76,2704,gto76/genome,Shell
gto76/python-cheatsheet,gto76,2704,gto76/go-game-utils,C
gto76/python-cheatsheet,gto76,2704,gto76/gto76.github.io,HTML
gto76/python-cheatsheet,gto76,2704,gto76/history-of-popular-music,JavaScript
gto76/python-cheatsheet,gto76,2704,gto76/js-music-player,HTML
gto76/python-cheatsheet,gto76,2704,gto76/linux-cheatsheet,Shell
gto76/python-cheatsheet,gto76,2704,gto76/my-linux-setup,HTML
gto76/python-cheatsheet,gto76,2704,gto76/odd-rules,D
gto76/python-cheatsheet,s-weigand,6,s-weigand/binge-stream,TypeScript
gto76/python-cheatsheet,s-weigand,6,s-weigand/browser-extension-template-ts,TypeScript
gto76/python-cheatsheet,s-weigand,6,s-weigand/DefinitelyTyped,TypeScript
gto76/python-cheatsheet,s-weigand,6,s-weigand/dev-emoji-page,TypeScript
gto76/python-cheatsheet,s-weigand,6,s-weigand/dotvim,Vim script
gto76/python-cheatsheet,s-weigand,6,s-weigand/dotzshrc,Shell
gto76/python-cheatsheet,theconsultant,1,theconsultant/100daysofcode-with-python-course,Jupyter Notebook
gto76/python-cheatsheet,theconsultant,1,theconsultant/justmeat.co,HTML
gto76/python-cheatsheet,theconsultant,1,theconsultant/key2txt,AppleScript
gto76/python-cheatsheet,theconsultant,1,theconsultant/macos-virtualbox-vm,Shell
gto76/python-cheatsheet,theconsultant,1,theconsultant/materials,JavaScript
gto76/python-cheatsheet,theconsultant,1,theconsultant/osx-script-stuff,AppleScript
gto76/python-cheatsheet,theconsultant,1,theconsultant/python-cheatsheet,CSS
gto76/python-cheatsheet,dmitri-mi,1,dmitri-mi/Badugi,Java
gto76/python-cheatsheet,dmitri-mi,1,dmitri-mi/CertificateEnrollment,C#
gto76/python-cheatsheet,dmitri-mi,1,dmitri-mi/CertificateSigner,C#
gto76/python-cheatsheet,tweakimp,1,tweakimp/aufgabe,Jupyter Notebook
gto76/python-cheatsheet,tweakimp,1,tweakimp/lifeofcircle,JavaScript
gto76/python-cheatsheet,tweakimp,1,tweakimp/SC2LadderWebHost,HTML
gto76/python-cheatsheet,tweakimp,1,tweakimp/twistedfour,JavaScript
gto76/python-cheatsheet,tweakimp,1,tweakimp/unfairwordle,JavaScript
gto76/python-cheatsheet,SSARCandy,1,SSARCandy/043,JavaScript
gto76/python-cheatsheet,SSARCandy,1,SSARCandy/ActorMimic,Lua
gto76/python-cheatsheet,SSARCandy,1,SSARCandy/Advance_n-puzzle_Solver,C++
gto76/python-cheatsheet,SSARCandy,1,SSARCandy/angular.js,JavaScript
gto76/python-cheatsheet,SSARCandy,1,SSARCandy/anpod,Java
gto76/python-cheatsheet,SSARCandy,1,SSARCandy/apod,Java
gto76/python-cheatsheet,SSARCandy,1,SSARCandy/apod-react,JavaScript
gto76/python-cheatsheet,SSARCandy,1,SSARCandy/apod-react-native,Objective-C
gto76/python-cheatsheet,SSARCandy,1,SSARCandy/bull,JavaScript
gto76/python-cheatsheet,SSARCandy,1,SSARCandy/Coherent-Line-Drawing,C++
gto76/python-cheatsheet,SSARCandy,1,SSARCandy/colorblocks-console,C++
gto76/python-cheatsheet,SSARCandy,1,SSARCandy/colorblocks-react,JavaScript
gto76/python-cheatsheet,SSARCandy,1,SSARCandy/colorblocks-react-native,JavaScript
gto76/python-cheatsheet,SSARCandy,1,SSARCandy/crypto-portfolio,Vue
gto76/python-cheatsheet,SSARCandy,1,SSARCandy/eth-chart,JavaScript
gto76/python-cheatsheet,SSARCandy,1,SSARCandy/fastai,Jupyter Notebook
gto76/python-cheatsheet,SSARCandy,1,SSARCandy/fbot,JavaScript
gto76/python-cheatsheet,SSARCandy,1,SSARCandy/firstrade-cli,JavaScript
gto76/python-cheatsheet,SSARCandy,1,SSARCandy/ga-analytics,JavaScript
gto76/python-cheatsheet,SSARCandy,1,SSARCandy/gh4a,Java
gto76/python-cheatsheet,jared-hughes,1,jared-hughes/adventofcode,JavaScript
gto76/python-cheatsheet,jared-hughes,1,jared-hughes/arduino-upload,CoffeeScript
gto76/python-cheatsheet,jared-hughes,1,jared-hughes/bernard-relay,C
gto76/python-cheatsheet,jared-hughes,1,jared-hughes/BF-interpreter,JavaScript
gto76/python-cheatsheet,jared-hughes,1,jared-hughes/blackstripes-python-extensions,C
gto76/python-cheatsheet,jared-hughes,1,jared-hughes/casual-serious-language,Rust
gto76/python-cheatsheet,jared-hughes,1,jared-hughes/code-golf,Go
gto76/python-cheatsheet,jared-hughes,1,jared-hughes/codemirror-lang-golfscript,JavaScript
gto76/python-cheatsheet,jared-hughes,1,jared-hughes/codemirror-lang-j,TypeScript
gto76/python-cheatsheet,jared-hughes,1,jared-hughes/codemirror-lang-ruby,JavaScript
gto76/python-cheatsheet,jared-hughes,1,jared-hughes/codemirror-lang-zig,TypeScript
gto76/python-cheatsheet,jared-hughes,1,jared-hughes/collate,JavaScript
gto76/python-cheatsheet,jared-hughes,1,jared-hughes/countdown-slides,JavaScript
gto76/python-cheatsheet,jared-hughes,1,jared-hughes/Counter-for-Messenger,JavaScript
gto76/python-cheatsheet,jared-hughes,1,jared-hughes/defcpu,Rust
gto76/python-cheatsheet,jared-hughes,1,jared-hughes/demin,TypeScript
gto76/python-cheatsheet,jared-hughes,1,jared-hughes/DesModder,TypeScript
gto76/python-cheatsheet,jared-hughes,1,jared-hughes/desmodder-builtin-settings,TypeScript
gto76/python-cheatsheet,jared-hughes,1,jared-hughes/desmodder-find-replace,TypeScript
gto76/python-cheatsheet,jared-hughes,1,jared-hughes/desmodder-video-creator,TypeScript
gto76/python-cheatsheet,jared-hughes,1,jared-hughes/desmos-golf-site,TypeScript
gto76/python-cheatsheet,jared-hughes,1,jared-hughes/DesmosFerrari,JavaScript
gto76/python-cheatsheet,jared-hughes,1,jared-hughes/DesmosPlus,JavaScript
gto76/python-cheatsheet,jared-hughes,1,jared-hughes/DesmosText,TypeScript
gto76/python-cheatsheet,tilboerner,1,tilboerner/dotfiles,Shell
gto76/python-cheatsheet,tilboerner,1,tilboerner/go-tour-exercises,Go
gto76/python-cheatsheet,tilboerner,1,tilboerner/laserchicken,Ruby
gto76/python-cheatsheet,tilboerner,1,tilboerner/lettre,JavaScript
gto76/python-cheatsheet,tilboerner,1,tilboerner/luvemix-rust,Rust
gto76/python-cheatsheet,tilboerner,1,tilboerner/pico_multilanguage,PHP
gto76/python-cheatsheet,tilboerner,1,tilboerner/sicp-solutions,Scheme
gto76/python-cheatsheet,tilboerner,1,tilboerner/taoup,Ruby
gto76/python-cheatsheet,crazyiop,1,crazyiop/qmk_firmware,C
gto76/python-cheatsheet,ri0t,1,ri0t/angular-gettext-plugin,JavaScript
gto76/python-cheatsheet,ri0t,1,ri0t/angular-schema-form,JavaScript
gto76/python-cheatsheet,ri0t,1,ri0t/angular-schema-form-datetimepicker,JavaScript
gto76/python-cheatsheet,ri0t,1,ri0t/angular-schema-form-dynamic-select,JavaScript
gto76/python-cheatsheet,ri0t,1,ri0t/angular-schema-form-strap-datetimepicker,JavaScript
gto76/python-cheatsheet,ri0t,1,ri0t/asyncapi-sphinx-template,JavaScript
gto76/python-cheatsheet,ri0t,1,ri0t/bootstrap-switch,HTML
gto76/python-cheatsheet,ri0t,1,ri0t/cape,JavaScript
gto76/python-cheatsheet,ri0t,1,ri0t/cerebrum,C
gto76/python-cheatsheet,ri0t,1,ri0t/cort_n_ctore,JavaScript
gto76/python-cheatsheet,ri0t,1,ri0t/ddate,C
gto76/python-cheatsheet,ri0t,1,ri0t/DeluxePaintX,C
gto76/python-cheatsheet,ri0t,1,ri0t/demo-week-runde8,HTML
0voice/interview_internal_reference,zhiyong0804,168,zhiyong0804/actix-ratelimit,Rust
0voice/interview_internal_reference,zhiyong0804,168,zhiyong0804/apisix,Lua
0voice/interview_internal_reference,zhiyong0804,168,zhiyong0804/asio_kcp,C++
0voice/interview_internal_reference,zhiyong0804,168,zhiyong0804/binary_transport,C
0voice/interview_internal_reference,zhiyong0804,168,zhiyong0804/brks,C++
0voice/interview_internal_reference,zhiyong0804,168,zhiyong0804/brks_client_win32,C++
0voice/interview_internal_reference,zhiyong0804,168,zhiyong0804/brks_thrift,Thrift
0voice/interview_internal_reference,zhiyong0804,168,zhiyong0804/brk_win_sdk,C++
0voice/interview_internal_reference,zhiyong0804,168,zhiyong0804/ClondVoice,Lua
0voice/interview_internal_reference,zhiyong0804,168,zhiyong0804/consistent,Go
0voice/interview_internal_reference,zhiyong0804,168,zhiyong0804/data_structure,C++
0voice/interview_internal_reference,zhiyong0804,168,zhiyong0804/etcd-lua,Lua
0voice/interview_internal_reference,zhiyong0804,168,zhiyong0804/f-stack,C
0voice/interview_internal_reference,zhiyong0804,168,zhiyong0804/f-threadpool,C
0voice/interview_internal_reference,zhiyong0804,168,zhiyong0804/fastsocket,C
0voice/interview_internal_reference,zhiyong0804,168,zhiyong0804/folly,C++
0voice/interview_internal_reference,zhiyong0804,168,zhiyong0804/game_service_system,C++
0voice/interview_internal_reference,wangbojing,111,wangbojing/binary_transport,C
0voice/interview_internal_reference,wangbojing,111,wangbojing/c1000k_test,C
0voice/interview_internal_reference,wangbojing,111,wangbojing/elinux,Shell
0voice/interview_internal_reference,wangbojing,111,wangbojing/NattyAsyncQueue,C
0voice/interview_internal_reference,wangbojing,111,wangbojing/NattyClientForAndroid,C
0voice/interview_internal_reference,wangbojing,111,wangbojing/NattyClientForIOS,C
0voice/interview_internal_reference,wangbojing,111,wangbojing/NattyClientForMMI,Makefile
0voice/interview_internal_reference,wangbojing,111,wangbojing/NattyServer,C
0voice/interview_internal_reference,wangbojing,111,wangbojing/NattyWeb,C
0voice/interview_internal_reference,wangbojing,111,wangbojing/netmap,C
0voice/interview_internal_reference,wangbojing,111,wangbojing/netmap-1,C
0voice/interview_internal_reference,wangbojing,111,wangbojing/NtyCo,C
0voice/interview_internal_reference,wangbojing,111,wangbojing/ntyStack,C
0voice/interview_internal_reference,wangbojing,111,wangbojing/NtyTcp,C
0voice/interview_internal_reference,wangbojing,111,wangbojing/ntyWebSocketServer,C
0voice/interview_internal_reference,wangbojing,111,wangbojing/P2PServer,C
0voice/interview_internal_reference,wangbojing,111,wangbojing/RobotServer,C
0voice/interview_internal_reference,wangbojing,111,wangbojing/threadpool,C
0voice/interview_internal_reference,wangbojing,111,wangbojing/udp_server_concurrent,C
0voice/interview_internal_reference,pyinx,10,pyinx/auto-xhprof,PHP
0voice/interview_internal_reference,pyinx,10,pyinx/bce-sdk-go,Go
0voice/interview_internal_reference,pyinx,10,pyinx/boom,Go
0voice/interview_internal_reference,pyinx,10,pyinx/bot,Go
0voice/interview_internal_reference,pyinx,10,pyinx/cos-go-sdk-v5,Go
0voice/interview_internal_reference,pyinx,10,pyinx/elk_auth_cas,Go
0voice/interview_internal_reference,pyinx,10,pyinx/etcd-backup,Go
0voice/interview_internal_reference,pyinx,10,pyinx/flask-bootstrap,JavaScript
0voice/interview_internal_reference,pyinx,10,pyinx/fluent-plugin-script_append,Ruby
0voice/interview_internal_reference,pyinx,10,pyinx/fullstack-tutorial,Java
0voice/interview_internal_reference,pyinx,10,pyinx/galaxy-fds-sdk-golang,Go
0voice/interview_internal_reference,pyinx,10,pyinx/glog,Go
0voice/interview_internal_reference,pyinx,10,pyinx/golang_proxy_cas,Go
0voice/interview_internal_reference,pyinx,10,pyinx/gorocket,Go
0voice/interview_internal_reference,pyinx,10,pyinx/icmpsh,C
0voice/interview_internal_reference,SJshenjian,9,SJshenjian/algorithm,Java
0voice/interview_internal_reference,SJshenjian,9,SJshenjian/ansj_seg,Java
0voice/interview_internal_reference,SJshenjian,9,SJshenjian/cloud,Java
0voice/interview_internal_reference,SJshenjian,9,SJshenjian/cloud-web,Vue
0voice/interview_internal_reference,SJshenjian,9,SJshenjian/csdn-core,Java
0voice/interview_internal_reference,SJshenjian,9,SJshenjian/design-pattern,Java
0voice/interview_internal_reference,SJshenjian,9,SJshenjian/docker-hive,Shell
0voice/interview_internal_reference,SJshenjian,9,SJshenjian/platform,JavaScript
0voice/interview_internal_reference,SJshenjian,9,SJshenjian/simple-java-maven-app,Java
0voice/interview_internal_reference,SJshenjian,9,SJshenjian/spring-cloud,Java
0voice/interview_internal_reference,SJshenjian,9,SJshenjian/stock,Java
0voice/interview_internal_reference,EvanLeung08,7,EvanLeung08/360feedback,Java
0voice/interview_internal_reference,EvanLeung08,7,EvanLeung08/academic-kickstart,Shell
0voice/interview_internal_reference,EvanLeung08,7,EvanLeung08/ActivitiComponents,JavaScript
0voice/interview_internal_reference,EvanLeung08,7,EvanLeung08/advanced-java,Java
0voice/interview_internal_reference,EvanLeung08,7,EvanLeung08/ai-showcase,Java
0voice/interview_internal_reference,EvanLeung08,7,EvanLeung08/algorithm-examples,Java
0voice/interview_internal_reference,EvanLeung08,7,EvanLeung08/algorithm-practice,Java
0voice/interview_internal_reference,EvanLeung08,7,EvanLeung08/anypoint-examples,RAML
0voice/interview_internal_reference,EvanLeung08,7,EvanLeung08/api-error-handling-best-practices,Java
0voice/interview_internal_reference,EvanLeung08,7,EvanLeung08/awesome-go,Go
0voice/interview_internal_reference,EvanLeung08,7,EvanLeung08/beedb,Go
0voice/interview_internal_reference,EvanLeung08,7,EvanLeung08/best-threadpool-examples,Java
0voice/interview_internal_reference,EvanLeung08,7,EvanLeung08/build-web-application-with-golang,Go
0voice/interview_internal_reference,jiaoqiyuan,6,jiaoqiyuan/163-bigdate-note,Java
0voice/interview_internal_reference,jiaoqiyuan,6,jiaoqiyuan/codeabbeyTests,Java
0voice/interview_internal_reference,jiaoqiyuan,6,jiaoqiyuan/hexo-blog-code,JavaScript
0voice/interview_internal_reference,jiaoqiyuan,6,jiaoqiyuan/jiaoqiyuan.github.io,HTML
0voice/interview_internal_reference,jiaoqiyuan,6,jiaoqiyuan/liaoxuefeng_javase,Java
0voice/interview_internal_reference,jiaoqiyuan,6,jiaoqiyuan/libco,C++
0voice/interview_internal_reference,jiaoqiyuan,6,jiaoqiyuan/rag-web-ui,TypeScript
0voice/interview_internal_reference,jiaoqiyuan,6,jiaoqiyuan/Tests,C++
0voice/interview_internal_reference,jiaoqiyuan,6,jiaoqiyuan/Tinyhttpd,C
0voice/interview_internal_reference,fnlearner,3,fnlearner/30-seconds-of-code,JavaScript
0voice/interview_internal_reference,fnlearner,3,fnlearner/blog,Stylus
0voice/interview_internal_reference,fnlearner,3,fnlearner/chat-example,HTML
0voice/interview_internal_reference,fnlearner,3,fnlearner/fnlearner.github.io,HTML
0voice/interview_internal_reference,fnlearner,3,fnlearner/hexo-theme-next,Stylus
0voice/interview_internal_reference,fnlearner,3,fnlearner/leetcode,JavaScript
0voice/interview_internal_reference,63isOK,2,63isOK/63isOK.github.io,Ruby
0voice/interview_internal_reference,63isOK,2,63isOK/a,Go
0voice/interview_internal_reference,63isOK,2,63isOK/b,Go
0voice/interview_internal_reference,63isOK,2,63isOK/chromium-vim,JavaScript
0voice/interview_internal_reference,63isOK,2,63isOK/data,HTML
0voice/interview_internal_reference,63isOK,2,63isOK/foot-print,Go
0voice/interview_internal_reference,63isOK,2,63isOK/GCTT,Shell
0voice/interview_internal_reference,wenchao1024,2,wenchao1024/ffmpeg_develop_doc,C
0voice/interview_internal_reference,wenchao1024,2,wenchao1024/Xhofe-alist,Go
TencentARC/GFPGAN,xinntao,97,xinntao/basictools,Lua
TencentARC/GFPGAN,xinntao,97,xinntao/configurations,Vim script
TencentARC/GFPGAN,xinntao,97,xinntao/ex-baiduyunpan,JavaScript
TencentARC/GFPGAN,xinntao,97,xinntao/gitbook-plugin-click-reveal,JavaScript
TencentARC/GFPGAN,xinntao,97,xinntao/gitbook-plugin-theme-coolx,CSS
TencentARC/GFPGAN,xinntao,97,xinntao/HandyFigure,JavaScript
TencentARC/GFPGAN,amckenna41,1,amckenna41/flagle,TypeScript
TencentARC/GFPGAN,amckenna41,1,amckenna41/iso3166-flag-icons,CSS
TencentARC/GFPGAN,amckenna41,1,amckenna41/izhikevich-spiking-neuron,VHDL
TencentARC/GFPGAN,amckenna41,1,amckenna41/jsVectorMapMarkers,JavaScript
TencentARC/GFPGAN,amckenna41,1,amckenna41/ML-fairness,Jupyter Notebook
TencentARC/GFPGAN,amckenna41,1,amckenna41/OMP-MPI-parallel-programming,C
TencentARC/GFPGAN,amckenna41,1,amckenna41/pedestrian-detection-matlab,MATLAB
TencentARC/GFPGAN,amckenna41,1,amckenna41/search_engine,HCL
TencentARC/GFPGAN,AK391,1,AK391/ABINet,Jupyter Notebook
TencentARC/GFPGAN,AK391,1,AK391/animegan2-pytorch,Jupyter Notebook
TencentARC/GFPGAN,AK391,1,AK391/anime_style_transfer_pytorch,Jupyter Notebook
TencentARC/GFPGAN,AK391,1,AK391/anthropic-quickstarts,TypeScript
TencentARC/GFPGAN,bramton,1,bramton/barebox,C
TencentARC/GFPGAN,bramton,1,bramton/bastille,Shell
TencentARC/GFPGAN,bramton,1,bramton/bramton.github.io,CSS
TencentARC/GFPGAN,bramton,1,bramton/dotfiles,Vim Script
TencentARC/GFPGAN,bramton,1,bramton/freebsd,C
TencentARC/GFPGAN,bramton,1,bramton/lms,C++
TencentARC/GFPGAN,bramton,1,bramton/omnik-logger,C
TencentARC/GFPGAN,bramton,1,bramton/opencl-motion-magnification,C++
TencentARC/GFPGAN,bramton,1,bramton/opencv,C++
TencentARC/GFPGAN,bramton,1,bramton/PDAL,C++
TencentARC/GFPGAN,bramton,1,bramton/phd-thesis,TeX
TencentARC/GFPGAN,bramton,1,bramton/pointnet2-tensorflow2,C++
TencentARC/GFPGAN,chenxwh,1,chenxwh/chenxwh.github.io,JavaScript
TencentARC/GFPGAN,chenxwh,1,chenxwh/cog-whisper,Roff
TencentARC/GFPGAN,darbazali,1,darbazali/30-days-of-code,JavaScript
TencentARC/GFPGAN,darbazali,1,darbazali/50Projects50Days,CSS
TencentARC/GFPGAN,darbazali,1,darbazali/8bit-url,JavaScript
TencentARC/GFPGAN,darbazali,1,darbazali/adopt-me,JavaScript
TencentARC/GFPGAN,darbazali,1,darbazali/advanced-node,JavaScript
TencentARC/GFPGAN,darbazali,1,darbazali/algolia-demo,CSS
TencentARC/GFPGAN,darbazali,1,darbazali/algorithm-scripting,JavaScript
TencentARC/GFPGAN,darbazali,1,darbazali/algorithms,JavaScript
TencentARC/GFPGAN,darbazali,1,darbazali/algorithm_scripting,JavaScript
TencentARC/GFPGAN,darbazali,1,darbazali/animate-with-lottie,HTML
TencentARC/GFPGAN,darbazali,1,darbazali/Baisc_JavaScript_FCC,JavaScript
TencentARC/GFPGAN,darbazali,1,darbazali/bar-chart-D3,JavaScript
TencentARC/GFPGAN,darbazali,1,darbazali/bar-chart-with-d3,JavaScript
TencentARC/GFPGAN,darbazali,1,darbazali/basic-node-and-express,JavaScript
TencentARC/GFPGAN,darbazali,1,darbazali/blockchain-with-javascript,JavaScript
TencentARC/GFPGAN,darbazali,1,darbazali/boilerplate-express,JavaScript
TencentARC/GFPGAN,darbazali,1,darbazali/boilerplate-npm,JavaScript
TencentARC/GFPGAN,darbazali,1,darbazali/boilerplate-npm-1,JavaScript
TencentARC/GFPGAN,darbazali,1,darbazali/breaking-bad,JavaScript
TencentARC/GFPGAN,darbazali,1,darbazali/choropleth-map-with-d3,JavaScript
TencentARC/GFPGAN,darbazali,1,darbazali/computer-science,Java
TencentARC/GFPGAN,darbazali,1,darbazali/CS50,C
TencentARC/GFPGAN,darbazali,1,darbazali/darbazali.com,JavaScript
TencentARC/GFPGAN,darbazali,1,darbazali/data-visualization-with-d3-course,JavaScript
TencentARC/GFPGAN,darbazali,1,darbazali/drum-machine,JavaScript
TencentARC/GFPGAN,darbazali,1,darbazali/ES6_FCC,JavaScript
TencentARC/GFPGAN,darbazali,1,darbazali/exercise-tracker,JavaScript
TencentARC/GFPGAN,darbazali,1,darbazali/express-app,JavaScript
TencentARC/GFPGAN,darbazali,1,darbazali/express-auth-with-jwt,JavaScript
TencentARC/GFPGAN,Wscats,1,Wscats/ACEM,TypeScript
TencentARC/GFPGAN,Wscats,1,Wscats/articles,Lua
TencentARC/GFPGAN,Wscats,1,Wscats/assemblyscript-tutorial,HTML
TencentARC/GFPGAN,Wscats,1,Wscats/awesome,JavaScript
TencentARC/GFPGAN,Wscats,1,Wscats/awesome-harmony,JavaScript
TencentARC/GFPGAN,Wscats,1,Wscats/blog,HTML
TencentARC/GFPGAN,Wscats,1,Wscats/browser-preview,TypeScript
TencentARC/GFPGAN,Wscats,1,Wscats/bullshit-generator,TypeScript
TencentARC/GFPGAN,Wscats,1,Wscats/chatgpt-demo,TypeScript
TencentARC/GFPGAN,Wscats,1,Wscats/chrome-devtools-cli,JavaScript
TencentARC/GFPGAN,Wscats,1,Wscats/cms,HTML
TencentARC/GFPGAN,Wscats,1,Wscats/command-runner,TypeScript
TencentARC/GFPGAN,Wscats,1,Wscats/compile-hero,TypeScript
TencentARC/GFPGAN,Wscats,1,Wscats/cordova-demo,Objective-C
TencentARC/GFPGAN,Wscats,1,Wscats/create-angular-app,TypeScript
TencentARC/GFPGAN,Wscats,1,Wscats/create-react-app,JavaScript
TencentARC/GFPGAN,Wscats,1,Wscats/CV,HTML
TencentARC/GFPGAN,Wscats,1,Wscats/delete-node-modules,JavaScript
TencentARC/GFPGAN,Wscats,1,Wscats/dependency-injection,TypeScript
TencentARC/GFPGAN,Wscats,1,Wscats/dnd-tutorial,TypeScript
TencentARC/GFPGAN,Wscats,1,Wscats/egret,JavaScript
TencentARC/GFPGAN,Wscats,1,Wscats/emoji,JavaScript
TencentARC/GFPGAN,Wscats,1,Wscats/flappy,JavaScript
TencentARC/GFPGAN,Wscats,1,Wscats/github-actions-tutorial,JavaScript
TencentARC/GFPGAN,Wscats,1,Wscats/glup,JavaScript
TencentARC/GFPGAN,Wscats,1,Wscats/intersect,JavaScript
TencentARC/GFPGAN,mostafavtp,1,mostafavtp/all_java,Java
TencentARC/GFPGAN,mostafavtp,1,mostafavtp/cs_projs,C#
TencentARC/GFPGAN,mostafavtp,1,mostafavtp/db-sample-schemas,SQLPL
TencentARC/GFPGAN,mostafavtp,1,mostafavtp/education,C#
TencentARC/GFPGAN,mostafavtp,1,mostafavtp/files-reference,Java
TencentARC/GFPGAN,mostafavtp,1,mostafavtp/james-project,Java
TencentARC/GFPGAN,mostafavtp,1,mostafavtp/mostafavtp.github.io,HTML
TencentARC/GFPGAN,mostafavtp,1,mostafavtp/TypeScript,TypeScript
TencentARC/GFPGAN,mdanish-kh,1,mdanish-kh/CS-250,C++
TencentARC/GFPGAN,mdanish-kh,1,mdanish-kh/node,JavaScript
TencentARC/GFPGAN,mdanish-kh,1,mdanish-kh/oh-my-posh,Go
TencentARC/GFPGAN,mdanish-kh,1,mdanish-kh/PowerToys,C#
TencentARC/GFPGAN,mdanish-kh,1,mdanish-kh/SONiC,HTML
TencentARC/GFPGAN,mdanish-kh,1,mdanish-kh/sonic-buildimage,C
TencentARC/GFPGAN,mdanish-kh,1,mdanish-kh/terminal,C++
TencentARC/GFPGAN,mdanish-kh,1,mdanish-kh/tutorials,Shell
TencentARC/GFPGAN,tuhins,1,tuhins/dc.js,JavaScript
TencentARC/GFPGAN,tuhins,1,tuhins/didberniewin.com,HTML
TencentARC/GFPGAN,tuhins,1,tuhins/factory_girl,Ruby
TencentARC/GFPGAN,tuhins,1,tuhins/gulp,JavaScript
TencentARC/GFPGAN,tuhins,1,tuhins/react-native-voice,JavaScript
TencentARC/GFPGAN,tuhins,1,tuhins/riffusion-app,TypeScript
TencentARC/GFPGAN,tuhins,1,tuhins/tremor,TypeScript
